"Protein ID","Gene Name","X2D_vs_X3D_log2 fold change","X2D_vs_X3D_p.val","X2D_vs_X3D_p.adj","significant","X2D_vs_X3D_significant","imputed","num_NAs","Description"
"A1L3X0","ELOVL7",1.23,2.64e-05,0.00147,TRUE,TRUE,FALSE,0,"Very long chain fatty acid elongase 7"
"O00767","SCD",1.05,0.00148,0.00993,TRUE,TRUE,FALSE,0,"Stearoyl-CoA desaturase"
"O15438","ABCC3",-1.04,3.21e-05,0.0016,TRUE,TRUE,FALSE,0,"ATP-binding cassette sub-family C member 3"
"O43490","PROM1",-1.12,0.000216,0.00381,TRUE,TRUE,FALSE,0,"Prominin-1"
"O60422","ONECUT3",1.17,0.000219,0.00381,TRUE,TRUE,FALSE,0,"One cut domain family member 3"
"O75616","ERAL1",1.17,2.23e-05,0.00134,TRUE,TRUE,FALSE,0,"GTPase Era, mitochondrial"
"O75891","ALDH1L1",-1.95,2.76e-07,0.000241,TRUE,TRUE,FALSE,0,"Cytosolic 10-formyltetrahydrofolate dehydrogenase"
"O94901","SUN1",1.1,0.000319,0.00445,TRUE,TRUE,FALSE,0,"SUN domain-containing protein 1"
"O95163","ELP1",-1.03,0.000177,0.00339,TRUE,TRUE,FALSE,0,"Elongator complex protein 1"
"P00533","EGFR",1.05,5.13e-06,0.000651,TRUE,TRUE,FALSE,0,"Epidermal growth factor receptor"
"P02786","TFRC",1.55,3.62e-07,0.000241,TRUE,TRUE,FALSE,0,"Transferrin receptor protein 1"
"P04908","H2AC4",1.15,0.00116,0.00872,TRUE,TRUE,FALSE,0,"Histone H2A type 1-B/E"
"P06899","H2BC11",1.05,0.000687,0.00661,TRUE,TRUE,FALSE,0,"Histone H2B type 1-J"
"P07203","GPX1",-1.85,6.33e-08,0.000232,TRUE,TRUE,FALSE,0,"Glutathione peroxidase 1"
"P08581","MET",1.25,0.000719,0.0067,TRUE,TRUE,FALSE,0,"Hepatocyte growth factor receptor"
"P09758","TACSTD2",1.13,8.18e-06,0.000789,TRUE,TRUE,FALSE,0,"Tumor-associated calcium signal transducer 2"
"P11166","SLC2A1",1.35,2.3e-06,0.000536,TRUE,TRUE,FALSE,0,"Solute carrier family 2, facilitated glucose transporter member 1"
"P11387","TOP1",1.19,0.000178,0.00339,TRUE,TRUE,FALSE,0,"DNA topoisomerase 1"
"P13995","MTHFD2",1.22,3.13e-05,0.00159,TRUE,TRUE,FALSE,0,"Bifunctional methylenetetrahydrofolate dehydrogenase/cyclohydrolase, mitochondrial"
"P15151","PVR",1.26,0.000106,0.00277,TRUE,TRUE,FALSE,0,"Poliovirus receptor"
"P15559","NQO1",-1.22,1.53e-06,0.000469,TRUE,TRUE,FALSE,0,"NAD(P)H dehydrogenase [quinone] 1"
"P17301","ITGA2",1.08,4.93e-05,0.00188,TRUE,TRUE,FALSE,0,"Integrin alpha-2"
"P18510","IL1RN",1.03,0.000592,0.00617,TRUE,TRUE,FALSE,0,"Interleukin-1 receptor antagonist protein"
"P21926","CD9",2,1.55e-05,0.00108,TRUE,TRUE,FALSE,0,"CD9 antigen"
"P28340","POLD1",-1.22,5.92e-06,0.000679,TRUE,TRUE,FALSE,0,"DNA polymerase delta catalytic subunit"
"P29317","EPHA2",1.54,4.39e-07,0.000241,TRUE,TRUE,FALSE,0,"Ephrin type-A receptor 2"
"P32456","GBP2",-1.18,5.15e-06,0.000651,TRUE,TRUE,FALSE,0,"Guanylate-binding protein 2"
"P34949","MPI",-1.07,6.89e-06,0.000715,TRUE,TRUE,FALSE,0,"Mannose-6-phosphate isomerase"
"P35754","GLRX",-1.25,4.39e-06,0.000651,TRUE,TRUE,FALSE,0,"Glutaredoxin-1"
"P37268","FDFT1",1.31,8.22e-05,0.00251,TRUE,TRUE,FALSE,0,"Squalene synthase"
"P41212","ETV6",-1.04,0.000499,0.00568,TRUE,TRUE,FALSE,0,"Transcription factor ETV6"
"P42830","CXCL5",1.54,3.08e-05,0.00159,TRUE,TRUE,FALSE,0,"C-X-C motif chemokine 5"
"P46976","GYG1",1.08,2.92e-06,0.000536,TRUE,TRUE,FALSE,0,"Glycogenin-1"
"P48200","IREB2",1.24,2.17e-07,0.000241,TRUE,TRUE,FALSE,0,"Iron-responsive element-binding protein 2"
"P54709","ATP1B3",1.13,1.49e-05,0.00108,TRUE,TRUE,FALSE,0,"Sodium/potassium-transporting ATPase subunit beta-3"
"P55011","SLC12A2",-1.27,2.73e-07,0.000241,TRUE,TRUE,FALSE,0,"Solute carrier family 12 member 2"
"P57088","TMEM33",1.23,0.000104,0.00276,TRUE,TRUE,FALSE,0,"Transmembrane protein 33"
"P61604","HSPE1",1.01,9.19e-06,0.000822,TRUE,TRUE,FALSE,0,"10 kDa heat shock protein, mitochondrial"
"P98088","MUC5AC",-1.06,2.58e-06,0.000536,TRUE,TRUE,FALSE,0,"Mucin-5AC"
"Q01650","SLC7A5",1.05,1.02e-05,0.000848,TRUE,TRUE,FALSE,0,"Large neutral amino acids transporter small subunit 1"
"Q04446","GBE1",-1,4.51e-05,0.00183,TRUE,TRUE,FALSE,0,"1,4-alpha-glucan-branching enzyme"
"Q04695","KRT17",1.11,9.7e-07,0.000356,TRUE,TRUE,FALSE,0,"Keratin, type I cytoskeletal 17"
"Q06203","PPAT",-1.66,5.57e-06,0.000659,TRUE,TRUE,FALSE,0,"Amidophosphoribosyltransferase"
"Q07973","CYP24A1",1.49,9.28e-07,0.000356,TRUE,TRUE,FALSE,0,"1,25-dihydroxyvitamin D(3) 24-hydroxylase, mitochondrial"
"Q08722","CD47",1.05,3.46e-05,0.00165,TRUE,TRUE,FALSE,0,"Leukocyte surface antigen CD47"
"Q10472","GALNT1",1.08,0.000246,0.00397,TRUE,TRUE,FALSE,0,"Polypeptide N-acetylgalactosaminyltransferase 1"
"Q12955","ANK3",-1.14,5.26e-07,0.000241,TRUE,TRUE,FALSE,0,"Ankyrin-3"
"Q13751","LAMB3",1.2,1.06e-05,0.000848,TRUE,TRUE,FALSE,0,"Laminin subunit beta-3"
"Q13753","LAMC2",1.37,5.4e-06,0.000659,TRUE,TRUE,FALSE,0,"Laminin subunit gamma-2"
"Q13938","CAPS",-1.53,6.22e-06,0.000692,TRUE,TRUE,FALSE,0,"Calcyphosin"
"Q14534","SQLE",1.01,5.12e-05,0.00189,TRUE,TRUE,FALSE,0,"Squalene monooxygenase"
"Q15800","MSMO1",1.82,4.66e-05,0.00183,TRUE,TRUE,FALSE,0,"Methylsterol monooxygenase 1"
"Q16787","LAMA3",1.59,5.06e-07,0.000241,TRUE,TRUE,FALSE,0,"Laminin subunit alpha-3"
"Q6NZI2","CAVIN1",1.17,0.00015,0.00322,TRUE,TRUE,FALSE,0,"Caveolae-associated protein 1"
"Q6PIU2","NCEH1",1.15,1.67e-05,0.00111,TRUE,TRUE,FALSE,0,"Neutral cholesterol ester hydrolase 1"
"Q71DI3","H3C15",1.58,0.000137,0.00312,TRUE,TRUE,FALSE,0,"Histone H3.2"
"Q7L5A8","FA2H",1.2,3.14e-06,0.000549,TRUE,TRUE,FALSE,0,"Fatty acid 2-hydroxylase"
"Q7Z7M9","GALNT5",1.11,4.11e-05,0.00174,TRUE,TRUE,FALSE,0,"Polypeptide N-acetylgalactosaminyltransferase 5"
"Q8NE86","MCU",1.01,2.09e-05,0.0013,TRUE,TRUE,FALSE,0,"Calcium uniporter protein, mitochondrial"
"Q8TAX9","GSDMB",-1.34,0.000656,0.00645,TRUE,TRUE,FALSE,0,"Gasdermin-B"
"Q92597","NDRG1",-2.04,1.85e-05,0.00117,TRUE,TRUE,FALSE,0,"Protein NDRG1"
"Q93099","HGD",-1.28,8.45e-05,0.00252,TRUE,TRUE,FALSE,0,"Homogentisate 1,2-dioxygenase"
"Q96BS2","TESC",-1.3,2.78e-06,0.000536,TRUE,TRUE,FALSE,0,"Calcineurin B homologous protein 3"
"Q96CP2","FLYWCH2",-1.14,0.000275,0.00426,TRUE,TRUE,FALSE,0,"FLYWCH family member 2"
"Q96FV2","SCRN2",-1.12,1.93e-06,0.000504,TRUE,TRUE,FALSE,0,"Secernin-2"
"Q9C075","KRT23",1.33,1.24e-06,0.000414,TRUE,TRUE,FALSE,0,"Keratin, type I cytoskeletal 23"
"Q9HBH0","RHOF",1.51,1.02e-05,0.000848,TRUE,TRUE,FALSE,0,"Rho-related GTP-binding protein RhoF"
"Q9HCY8","S100A14",1.44,0.000111,0.00284,TRUE,TRUE,FALSE,0,"Protein S100-A14"
"Q9NX18","SDHAF2",1.27,0.000558,0.006,TRUE,TRUE,FALSE,0,"Succinate dehydrogenase assembly factor 2, mitochondrial"
"Q9NZ45","CISD1",-1.57,1.75e-06,0.000495,TRUE,TRUE,FALSE,0,"CDGSH iron-sulfur domain-containing protein 1"
"Q9UBM7","DHCR7",1.04,0.00147,0.0099,TRUE,TRUE,FALSE,0,"7-dehydrocholesterol reductase"
"Q9Y5Y6","ST14",1.02,0.000146,0.00321,TRUE,TRUE,FALSE,0,"Suppressor of tumorigenicity 14 protein"
"A0AV96","RBM47",0.218,0.0148,0.043,FALSE,FALSE,FALSE,0,"RNA-binding protein 47"
"A0AVT1","UBA6",-0.14,0.115,0.2,FALSE,FALSE,FALSE,0,"Ubiquitin-like modifier-activating enzyme 6"
"A0FGR8","ESYT2",0.185,0.104,0.185,FALSE,FALSE,FALSE,0,"Extended synaptotagmin-2"
"A0MZ66","SHTN1",-0.353,0.0146,0.0425,FALSE,FALSE,FALSE,0,"Shootin-1"
"A1L0T0","HACL2",0.434,0.0113,0.0352,FALSE,FALSE,FALSE,0,"2-hydroxyacyl-CoA lyase 2"
"A3KMH1","VWA8",0.579,0.00198,0.0114,FALSE,FALSE,FALSE,0,"von Willebrand factor A domain-containing protein 8"
"A3KN83","SBNO1",0.268,0.0338,0.0794,FALSE,FALSE,FALSE,0,"Protein strawberry notch homolog 1"
"A5YKK6","CNOT1",-0.18,0.0324,0.0769,FALSE,FALSE,FALSE,0,"CCR4-NOT transcription complex subunit 1"
"A6NDG6","PGP",0.0732,0.303,0.419,FALSE,FALSE,FALSE,0,"Phosphoglycolate phosphatase"
"A6NHR9","SMCHD1",0.132,0.0926,0.17,FALSE,FALSE,FALSE,0,"Structural maintenance of chromosomes flexible hinge domain-containing protein 1"
"A8MWD9","SNRPGP15",-0.187,0.34,0.457,FALSE,FALSE,FALSE,0,"Putative small nuclear ribonucleoprotein G-like protein 15"
"C9JI98","TMEM238",-0.247,0.0409,0.0926,FALSE,FALSE,FALSE,0,"Transmembrane protein 238"
"C9JLW8","MCRIP1",-0.496,0.000855,0.00728,FALSE,FALSE,FALSE,0,"Mapk-regulated corepressor-interacting protein 1"
"E9PAV3","NACA",0.061,0.553,0.661,FALSE,FALSE,FALSE,0,"Nascent polypeptide-associated complex subunit alpha, muscle-specific form"
"E9PRG8","RSMC",0.325,0.00625,0.0233,FALSE,FALSE,FALSE,0,"28S rRNA/ribosome and sororin micro-cofactor"
"O00116","AGPS",0.422,0.00171,0.0107,FALSE,FALSE,FALSE,0,"Alkyldihydroxyacetonephosphate synthase, peroxisomal"
"O00139","KIF2A",0.00427,0.952,0.969,FALSE,FALSE,FALSE,0,"Kinesin-like protein KIF2A"
"O00148","DDX39A",0.241,0.018,0.0493,FALSE,FALSE,FALSE,0,"ATP-dependent RNA helicase DDX39A"
"O00151","PDLIM1",-0.14,0.13,0.221,FALSE,FALSE,FALSE,0,"PDZ and LIM domain protein 1"
"O00154","ACOT7",0.159,0.122,0.21,FALSE,FALSE,FALSE,0,"Cytosolic acyl coenzyme A thioester hydrolase"
"O00159","MYO1C",0.158,0.167,0.267,FALSE,FALSE,FALSE,0,"Unconventional myosin-Ic"
"O00161","SNAP23",-0.0989,0.535,0.644,FALSE,FALSE,FALSE,0,"Synaptosomal-associated protein 23"
"O00170","AIP",-0.153,0.0522,0.111,FALSE,FALSE,FALSE,0,"AH receptor-interacting protein"
"O00178","GTPBP1",-0.25,0.00631,0.0235,FALSE,FALSE,FALSE,0,"GTP-binding protein 1"
"O00186","STXBP3",0.0572,0.473,0.588,FALSE,FALSE,FALSE,0,"Syntaxin-binding protein 3"
"O00193","SMAP",-0.279,0.219,0.329,FALSE,FALSE,FALSE,0,"Small acidic protein"
"O00194","RAB27B",-0.12,0.33,0.447,FALSE,FALSE,FALSE,0,"Ras-related protein Rab-27B"
"O00203","AP3B1",-0.0772,0.356,0.475,FALSE,FALSE,FALSE,0,"AP-3 complex subunit beta-1"
"O00214","LGALS8",0.15,0.485,0.599,FALSE,FALSE,FALSE,0,"Galectin-8"
"O00217","NDUFS8",-0.467,0.000739,0.00679,FALSE,FALSE,FALSE,0,"NADH dehydrogenase [ubiquinone] iron-sulfur protein 8, mitochondrial"
"O00231","PSMD11",-0.143,0.0747,0.144,FALSE,FALSE,FALSE,0,"26S proteasome non-ATPase regulatory subunit 11"
"O00232","PSMD12",-0.14,0.0744,0.144,FALSE,FALSE,FALSE,0,"26S proteasome non-ATPase regulatory subunit 12"
"O00233","PSMD9",-0.0862,0.249,0.363,FALSE,FALSE,FALSE,0,"26S proteasome non-ATPase regulatory subunit 9"
"O00244","ATOX1",0.0567,0.506,0.617,FALSE,FALSE,FALSE,0,"Copper transport protein ATOX1"
"O00264","PGRMC1",0.609,0.00148,0.00993,FALSE,FALSE,FALSE,0,"Membrane-associated progesterone receptor component 1"
"O00267","SUPT5H",-0.12,0.111,0.194,FALSE,FALSE,FALSE,0,"Transcription elongation factor SPT5"
"O00273","DFFA",-0.0136,0.853,0.899,FALSE,FALSE,FALSE,0,"DNA fragmentation factor subunit alpha"
"O00299","CLIC1",-0.187,0.0347,0.081,FALSE,FALSE,FALSE,0,"Chloride intracellular channel protein 1"
"O00303","EIF3F",0.036,0.621,0.718,FALSE,FALSE,FALSE,0,"Eukaryotic translation initiation factor 3 subunit F"
"O00330","PDHX",0.585,0.00896,0.0298,FALSE,FALSE,FALSE,0,"Pyruvate dehydrogenase protein X component, mitochondrial"
"O00391","QSOX1",-0.0585,0.596,0.698,FALSE,FALSE,FALSE,0,"Sulfhydryl oxidase 1"
"O00401","WASL",-0.0184,0.859,0.903,FALSE,FALSE,FALSE,0,"Actin nucleation-promoting factor WASL"
"O00410","IPO5",0.123,0.136,0.228,FALSE,FALSE,FALSE,0,"Importin-5"
"O00422","SAP18",-0.0304,0.873,0.913,FALSE,FALSE,FALSE,0,"Histone deacetylase complex subunit SAP18"
"O00425","IGF2BP3",-0.152,0.048,0.104,FALSE,FALSE,FALSE,0,"Insulin-like growth factor 2 mRNA-binding protein 3"
"O00429","DNM1L",-0.0413,0.587,0.691,FALSE,FALSE,FALSE,0,"Dynamin-1-like protein"
"O00442","RTCA",-0.0226,0.911,0.941,FALSE,FALSE,FALSE,0,"RNA 3'-terminal phosphate cyclase"
"O00443","PIK3C2A",-0.122,0.209,0.317,FALSE,FALSE,FALSE,0,"Phosphatidylinositol 4-phosphate 3-kinase C2 domain-containing subunit alpha"
"O00461","GOLIM4",0.224,0.022,0.0571,FALSE,FALSE,FALSE,0,"Golgi integral membrane protein 4"
"O00468","AGRN",0.123,0.224,0.334,FALSE,FALSE,FALSE,0,"Agrin"
"O00469","PLOD2",-0.315,0.112,0.196,FALSE,FALSE,FALSE,0,"Procollagen-lysine,2-oxoglutarate 5-dioxygenase 2"
"O00471","EXOC5",0.177,0.259,0.373,FALSE,FALSE,FALSE,0,"Exocyst complex component 5"
"O00483","COXFA4",-0.127,0.432,0.55,FALSE,FALSE,FALSE,0,"Cytochrome c oxidase subunit FA4"
"O00487","PSMD14",-0.00401,0.96,0.974,FALSE,FALSE,FALSE,0,"Ubiquitin C-terminal hydrolase PSMD14"
"O00499","BIN1",0.225,0.14,0.234,FALSE,FALSE,FALSE,0,"Myc box-dependent-interacting protein 1"
"O00505","KPNA3",0.183,0.0296,0.0719,FALSE,FALSE,FALSE,0,"Importin subunit alpha-4"
"O00515","LAD1",0.0467,0.666,0.756,FALSE,FALSE,FALSE,0,"Ladinin-1"
"O00541","PES1",0.574,0.00567,0.0218,FALSE,FALSE,FALSE,0,"Pescadillo homolog"
"O00560","SDCBP",-0.363,0.0042,0.0181,FALSE,FALSE,FALSE,0,"Syntenin-1"
"O00566","MPHOSPH10",0.83,0.000717,0.0067,FALSE,FALSE,FALSE,0,"U3 small nucleolar ribonucleoprotein protein MPP10"
"O00567","NOP56",0.493,0.0178,0.049,FALSE,FALSE,FALSE,0,"Nucleolar protein 56"
"O00571","DDX3X",0.172,0.0731,0.142,FALSE,FALSE,FALSE,0,"ATP-dependent RNA helicase DDX3X"
"O00625","PIR",-0.963,4.85e-06,0.000651,FALSE,FALSE,FALSE,0,"Pirin"
"O00629","KPNA4",0.179,0.0927,0.17,FALSE,FALSE,FALSE,0,"Importin subunit alpha-3"
"O00712","NFIB",0.564,0.00506,0.0203,FALSE,FALSE,FALSE,0,"Nuclear factor 1 B-type"
"O00743","PPP6C",0.127,0.206,0.314,FALSE,FALSE,FALSE,0,"Serine/threonine-protein phosphatase 6 catalytic subunit"
"O00754","MAN2B1",-0.00671,0.927,0.952,FALSE,FALSE,FALSE,0,"Lysosomal alpha-mannosidase"
"O00762","UBE2C",0.281,0.00968,0.0315,FALSE,FALSE,FALSE,0,"Ubiquitin-conjugating enzyme E2 C"
"O00764","PDXK",0.229,0.0315,0.0752,FALSE,FALSE,FALSE,0,"Pyridoxal kinase"
"O14497","ARID1A",0.107,0.287,0.403,FALSE,FALSE,FALSE,0,"AT-rich interactive domain-containing protein 1A"
"O14530","TXNDC9",-0.268,0.0572,0.118,FALSE,FALSE,FALSE,0,"Thioredoxin domain-containing protein 9"
"O14548","COX7A2L",0.502,0.00672,0.0243,FALSE,FALSE,FALSE,0,"Cytochrome c oxidase subunit 7A2-like, mitochondrial"
"O14561","NDUFAB1",0.137,0.174,0.276,FALSE,FALSE,FALSE,0,"Acyl carrier protein, mitochondrial"
"O14562","UBFD1",-0.321,0.0137,0.0406,FALSE,FALSE,FALSE,0,"Ubiquitin domain-containing protein UBFD1"
"O14578","CIT",0.295,0.203,0.312,FALSE,FALSE,FALSE,0,"Citron Rho-interacting kinase"
"O14579","COPE",-0.0585,0.542,0.65,FALSE,FALSE,FALSE,0,"Coatomer subunit epsilon"
"O14617","AP3D1",0.0165,0.812,0.868,FALSE,FALSE,FALSE,0,"AP-3 complex subunit delta-1"
"O14618","CCS",-0.38,0.0124,0.0378,FALSE,FALSE,FALSE,0,"Copper chaperone for superoxide dismutase"
"O14639","ABLIM1",-0.169,0.0396,0.0905,FALSE,FALSE,FALSE,0,"Actin-binding LIM protein 1"
"O14646","CHD1",0.6,0.000127,0.00305,FALSE,FALSE,FALSE,0,"ATP-dependent chromatin remodeler CHD1"
"O14647","CHD2",-0.383,0.204,0.312,FALSE,FALSE,FALSE,0,"ATP-dependent chromatin remodeler CHD2"
"O14653","GOSR2",0.346,0.00615,0.023,FALSE,FALSE,FALSE,0,"Golgi SNAP receptor complex member 2"
"O14672","ADAM10",0.63,0.0015,0.00996,FALSE,FALSE,FALSE,0,"Disintegrin and metalloproteinase domain-containing protein 10"
"O14732","IMPA2",-0.4,0.00405,0.0179,FALSE,FALSE,FALSE,0,"Inositol monophosphatase 2"
"O14737","PDCD5",-0.0228,0.772,0.838,FALSE,FALSE,FALSE,0,"Programmed cell death protein 5"
"O14744","PRMT5",0.0365,0.611,0.71,FALSE,FALSE,FALSE,0,"Protein arginine N-methyltransferase 5"
"O14745","NHERF1",0.15,0.197,0.305,FALSE,FALSE,FALSE,0,"Na(+)/H(+) exchange regulatory cofactor NHE-RF1"
"O14773","TPP1",0.0919,0.457,0.574,FALSE,FALSE,FALSE,0,"Tripeptidyl-peptidase 1"
"O14776","TCERG1",0.0383,0.571,0.678,FALSE,FALSE,FALSE,0,"Transcription elongation regulator 1"
"O14777","NDC80",-0.117,0.562,0.669,FALSE,FALSE,FALSE,0,"Kinetochore protein NDC80 homolog"
"O14791","APOL1",-0.235,0.0352,0.0818,FALSE,FALSE,FALSE,0,"Apolipoprotein L1"
"O14818","PSMA7",-0.0827,0.293,0.408,FALSE,FALSE,FALSE,0,"Proteasome subunit alpha type-7"
"O14828","SCAMP3",-0.234,0.0217,0.0566,FALSE,FALSE,FALSE,0,"Secretory carrier-associated membrane protein 3"
"O14874","BCKDK",0.177,0.396,0.515,FALSE,FALSE,FALSE,0,"Branched-chain alpha-ketoacid dehydrogenase kinase"
"O14880","MGST3",0.146,0.443,0.56,FALSE,FALSE,FALSE,0,"Glutathione S-transferase 3, mitochondrial"
"O14907","TAX1BP3",0.347,0.12,0.208,FALSE,FALSE,FALSE,0,"Tax1-binding protein 3"
"O14908","GIPC1",0.169,0.223,0.333,FALSE,FALSE,FALSE,0,"PDZ domain-containing protein GIPC1"
"O14925","TIMM23",0.59,0.000344,0.00454,FALSE,FALSE,FALSE,0,"Mitochondrial import inner membrane translocase subunit Tim23"
"O14929","HAT1",0.0372,0.625,0.721,FALSE,FALSE,FALSE,0,"Histone acetyltransferase type B catalytic subunit"
"O14936","CASK",0.45,0.0108,0.034,FALSE,FALSE,FALSE,0,"Peripheral plasma membrane protein CASK"
"O14949","UQCRQ",0.145,0.234,0.345,FALSE,FALSE,FALSE,0,"Cytochrome b-c1 complex subunit 8"
"O14950","MYL12B",-0.083,0.332,0.449,FALSE,FALSE,FALSE,0,"Myosin regulatory light chain 12B"
"O14964","HGS",-0.0277,0.697,0.78,FALSE,FALSE,FALSE,0,"Hepatocyte growth factor-regulated tyrosine kinase substrate"
"O14974","PPP1R12A",-0.151,0.114,0.199,FALSE,FALSE,FALSE,0,"Protein phosphatase 1 regulatory subunit 12A"
"O14975","SLC27A2",0.643,0.000396,0.00489,FALSE,FALSE,FALSE,0,"Long-chain fatty acid transport protein 2"
"O14976","GAK",-0.407,0.00565,0.0217,FALSE,FALSE,FALSE,0,"Cyclin-G-associated kinase"
"O14979","HNRNPDL",0.000822,0.992,0.994,FALSE,FALSE,FALSE,0,"Heterogeneous nuclear ribonucleoprotein D-like"
"O14980","XPO1",-0.172,0.0412,0.0931,FALSE,FALSE,FALSE,0,"Exportin-1"
"O15020","SPTBN2",0.21,0.0828,0.156,FALSE,FALSE,FALSE,0,"Spectrin beta chain, non-erythrocytic 2"
"O15027","SEC16A",-0.367,0.0153,0.044,FALSE,FALSE,FALSE,0,"Protein transport protein Sec16A"
"O15031","PLXNB2",0.538,0.000548,0.00595,FALSE,FALSE,FALSE,0,"Plexin-B2"
"O15042","U2SURP",-0.116,0.206,0.314,FALSE,FALSE,FALSE,0,"U2 snRNP-associated SURP motif-containing protein"
"O15067","PFAS",0.183,0.0711,0.139,FALSE,FALSE,FALSE,0,"Phosphoribosylformylglycinamidine synthase"
"O15084","ANKRD28",0.251,0.172,0.274,FALSE,FALSE,FALSE,0,"Serine/threonine-protein phosphatase 6 regulatory ankyrin repeat subunit A"
"O15091","PRORP",0.422,0.108,0.191,FALSE,FALSE,FALSE,0,"Mitochondrial ribonuclease P catalytic subunit"
"O15116","LSM1",-0.095,0.326,0.443,FALSE,FALSE,FALSE,0,"U6 snRNA-associated Sm-like protein LSm1"
"O15118","NPC1",0.937,2.54e-05,0.00145,FALSE,FALSE,FALSE,0,"NPC intracellular cholesterol transporter 1"
"O15126","SCAMP1",-0.435,0.00483,0.0198,FALSE,FALSE,FALSE,0,"Secretory carrier-associated membrane protein 1"
"O15127","SCAMP2",-0.194,0.0496,0.106,FALSE,FALSE,FALSE,0,"Secretory carrier-associated membrane protein 2"
"O15143","ARPC1B",-0.119,0.155,0.253,FALSE,FALSE,FALSE,0,"Actin-related protein 2/3 complex subunit 1B"
"O15144","ARPC2",-0.0994,0.227,0.337,FALSE,FALSE,FALSE,0,"Actin-related protein 2/3 complex subunit 2"
"O15145","ARPC3",-0.0448,0.575,0.682,FALSE,FALSE,FALSE,0,"Actin-related protein 2/3 complex subunit 3"
"O15160","POLR1C",0.0549,0.563,0.669,FALSE,FALSE,FALSE,0,"DNA-directed RNA polymerases I and III subunit RPAC1"
"O15162","PLSCR1",0.379,0.016,0.0455,FALSE,FALSE,FALSE,0,"Phospholipid scramblase 1"
"O15173","PGRMC2",0.404,0.0339,0.0795,FALSE,FALSE,FALSE,0,"Membrane-associated progesterone receptor component 2"
"O15195","VILL",0.0373,0.682,0.769,FALSE,FALSE,FALSE,0,"Villin-like protein"
"O15212","PFDN6",0.131,0.265,0.379,FALSE,FALSE,FALSE,0,"Prefoldin subunit 6"
"O15213","WDR46",0.998,0.00109,0.00837,FALSE,FALSE,FALSE,0,"WD repeat-containing protein 46"
"O15226","NKRF",0.324,0.00824,0.0279,FALSE,FALSE,FALSE,0,"NF-kappa-B-repressing factor"
"O15228","GNPAT",0.201,0.0611,0.124,FALSE,FALSE,FALSE,0,"Dihydroxyacetone phosphate acyltransferase"
"O15230","LAMA5",-0.121,0.4,0.517,FALSE,FALSE,FALSE,0,"Laminin subunit alpha-5"
"O15231","ZNF185",0.445,0.000811,0.00712,FALSE,FALSE,FALSE,0,"Zinc finger protein 185"
"O15234","CASC3",0.207,0.0215,0.0562,FALSE,FALSE,FALSE,0,"Protein CASC3"
"O15235","MRPS12",0.175,0.0797,0.151,FALSE,FALSE,FALSE,0,"Small ribosomal subunit protein uS12m"
"O15258","RER1",0.249,0.0975,0.177,FALSE,FALSE,FALSE,0,"Protein RER1"
"O15260","SURF4",0.179,0.219,0.329,FALSE,FALSE,FALSE,0,"Surfeit locus protein 4"
"O15264","MAPK13",-0.459,0.00507,0.0203,FALSE,FALSE,FALSE,0,"Mitogen-activated protein kinase 13"
"O15269","SPTLC1",0.43,0.000541,0.00589,FALSE,FALSE,FALSE,0,"Serine palmitoyltransferase 1"
"O15270","SPTLC2",0.434,0.00169,0.0106,FALSE,FALSE,FALSE,0,"Serine palmitoyltransferase 2"
"O15294","OGT",0.158,0.0539,0.114,FALSE,FALSE,FALSE,0,"UDP-N-acetylglucosamine--peptide N-acetylglucosaminyltransferase 110 kDa subunit"
"O15305","PMM2",-0.124,0.11,0.193,FALSE,FALSE,FALSE,0,"Phosphomannomutase 2"
"O15321","TM9SF1",0.111,0.376,0.494,FALSE,FALSE,FALSE,0,"Transmembrane 9 superfamily member 1"
"O15327","INPP4B",0.454,0.000355,0.00463,FALSE,FALSE,FALSE,0,"Inositol polyphosphate 4-phosphatase type II"
"O15344","MID1",0.229,0.0404,0.0918,FALSE,FALSE,FALSE,0,"E3 ubiquitin-protein ligase Midline-1"
"O15347","HMGB3",0.43,0.000472,0.00554,FALSE,FALSE,FALSE,0,"High mobility group protein B3"
"O15355","PPM1G",0.0728,0.3,0.416,FALSE,FALSE,FALSE,0,"Protein phosphatase 1G"
"O15371","EIF3D",-0.049,0.508,0.619,FALSE,FALSE,FALSE,0,"Eukaryotic translation initiation factor 3 subunit D"
"O15372","EIF3H",0.185,0.0656,0.131,FALSE,FALSE,FALSE,0,"Eukaryotic translation initiation factor 3 subunit H"
"O15379","HDAC3",-0.164,0.221,0.332,FALSE,FALSE,FALSE,0,"Histone deacetylase 3"
"O15382","BCAT2",0.493,0.00359,0.0166,FALSE,FALSE,FALSE,0,"Branched-chain-amino-acid aminotransferase, mitochondrial"
"O15400","STX7",-0.133,0.288,0.403,FALSE,FALSE,FALSE,0,"Syntaxin-7"
"O15427","SLC16A3",-0.0303,0.761,0.83,FALSE,FALSE,FALSE,0,"Monocarboxylate transporter 4"
"O15446","POLR1G",0.262,0.0105,0.0334,FALSE,FALSE,FALSE,0,"DNA-directed RNA polymerase I subunit RPA34"
"O15460","P4HA2",-0.283,0.107,0.189,FALSE,FALSE,FALSE,0,"Prolyl 4-hydroxylase subunit alpha-2"
"O15484","CAPN5",-0.278,0.167,0.267,FALSE,FALSE,FALSE,0,"Calpain-5"
"O15498","YKT6",-0.0704,0.376,0.494,FALSE,FALSE,FALSE,0,"Synaptobrevin homolog YKT6"
"O15511","ARPC5",-0.112,0.201,0.308,FALSE,FALSE,FALSE,0,"Actin-related protein 2/3 complex subunit 5"
"O15533","TAPBP",0.148,0.33,0.447,FALSE,FALSE,FALSE,0,"Tapasin"
"O15551","CLDN3",-0.0738,0.728,0.804,FALSE,FALSE,FALSE,0,"Claudin-3"
"O43143","DHX15",-0.0308,0.661,0.753,FALSE,FALSE,FALSE,0,"ATP-dependent RNA helicase DHX15"
"O43148","RNMT",-0.212,0.03,0.0727,FALSE,FALSE,FALSE,0,"mRNA cap guanine-N(7) methyltransferase"
"O43156","TTI1",0.0389,0.758,0.828,FALSE,FALSE,FALSE,0,"TELO2-interacting protein 1 homolog"
"O43159","RRP8",-0.0263,0.793,0.851,FALSE,FALSE,FALSE,0,"Ribosomal RNA-processing protein 8"
"O43169","CYB5B",0.587,0.00317,0.0154,FALSE,FALSE,FALSE,0,"Cytochrome b5 type B"
"O43172","PRPF4",-0.0321,0.638,0.732,FALSE,FALSE,FALSE,0,"U4/U6 small nuclear ribonucleoprotein Prp4"
"O43175","PHGDH",-0.332,0.00152,0.01,FALSE,FALSE,FALSE,0,"D-3-phosphoglycerate dehydrogenase"
"O43181","NDUFS4",-0.177,0.0688,0.136,FALSE,FALSE,FALSE,0,"NADH dehydrogenase [ubiquinone] iron-sulfur protein 4, mitochondrial"
"O43237","DYNC1LI2",-0.101,0.363,0.481,FALSE,FALSE,FALSE,0,"Cytoplasmic dynein 1 light intermediate chain 2"
"O43242","PSMD3",-0.23,0.0232,0.0596,FALSE,FALSE,FALSE,0,"26S proteasome non-ATPase regulatory subunit 3"
"O43252","PAPSS1",-0.293,0.00826,0.0279,FALSE,FALSE,FALSE,0,"Bifunctional 3'-phosphoadenosine 5'-phosphosulfate synthase 1"
"O43264","ZW10",0.0612,0.477,0.592,FALSE,FALSE,FALSE,0,"Centromere/kinetochore protein zw10 homolog"
"O43290","SART1",-0.0424,0.587,0.691,FALSE,FALSE,FALSE,0,"U4/U6.U5 tri-snRNP-associated protein 1"
"O43291","SPINT2",0.934,2.22e-05,0.00134,FALSE,FALSE,FALSE,0,"Kunitz-type protease inhibitor 2"
"O43292","GPAA1",0.375,0.0118,0.0362,FALSE,FALSE,FALSE,0,"GPI-anchor transamidase component GPAA1"
"O43294","TGFB1I1",0.159,0.594,0.696,FALSE,FALSE,FALSE,0,"Transforming growth factor beta-1-induced transcript 1 protein"
"O43324","EEF1E1",0.0768,0.352,0.47,FALSE,FALSE,FALSE,0,"Eukaryotic translation elongation factor 1 epsilon-1"
"O43390","HNRNPR",0.076,0.312,0.429,FALSE,FALSE,FALSE,0,"Heterogeneous nuclear ribonucleoprotein R"
"O43395","PRPF3",0.0449,0.534,0.643,FALSE,FALSE,FALSE,0,"U4/U6 small nuclear ribonucleoprotein Prp3"
"O43396","TXNL1",-0.306,0.00359,0.0166,FALSE,FALSE,FALSE,0,"Thioredoxin-like protein 1"
"O43399","TPD52L2",-0.0832,0.355,0.474,FALSE,FALSE,FALSE,0,"Tumor protein D54"
"O43402","EMC8",0.706,0.00894,0.0297,FALSE,FALSE,FALSE,0,"ER membrane protein complex subunit 8"
"O43447","PPIH",0.0366,0.687,0.773,FALSE,FALSE,FALSE,0,"Peptidyl-prolyl cis-trans isomerase H"
"O43464","HTRA2",0.373,0.0217,0.0564,FALSE,FALSE,FALSE,0,"Serine protease HTRA2, mitochondrial"
"O43488","AKR7A2",-0.0821,0.345,0.462,FALSE,FALSE,FALSE,0,"Aflatoxin B1 aldehyde reductase member 2"
"O43491","EPB41L2",0.236,0.0117,0.036,FALSE,FALSE,FALSE,0,"Band 4.1-like protein 2"
"O43504","LAMTOR5",-0.345,0.0247,0.0623,FALSE,FALSE,FALSE,0,"Ragulator complex protein LAMTOR5"
"O43520","ATP8B1",0.581,0.00427,0.0183,FALSE,FALSE,FALSE,0,"Phospholipid-transporting ATPase IC"
"O43583","DENR",-0.184,0.0435,0.0967,FALSE,FALSE,FALSE,0,"Density-regulated protein"
"O43592","XPOT",-0.0991,0.209,0.318,FALSE,FALSE,FALSE,0,"Exportin-T"
"O43598","DNPH1",-0.391,0.00785,0.0271,FALSE,FALSE,FALSE,0,"5-hydroxymethyl-dUMP N-hydrolase"
"O43615","TIMM44",0.639,0.00123,0.00899,FALSE,FALSE,FALSE,0,"Mitochondrial import inner membrane translocase subunit TIM44"
"O43617","TRAPPC3",-0.2,0.0315,0.0753,FALSE,FALSE,FALSE,0,"Trafficking protein particle complex subunit 3"
"O43633","CHMP2A",-0.262,0.243,0.357,FALSE,FALSE,FALSE,0,"Charged multivesicular body protein 2a"
"O43639","NCK2",-0.441,0.00162,0.0103,FALSE,FALSE,FALSE,0,"Cytoplasmic protein NCK2"
"O43657","TSPAN6",-0.204,0.175,0.277,FALSE,FALSE,FALSE,0,"Tetraspanin-6"
"O43660","PLRG1",0.00506,0.951,0.969,FALSE,FALSE,FALSE,0,"Pleiotropic regulator 1"
"O43663","PRC1",0.286,0.0214,0.056,FALSE,FALSE,FALSE,0,"Protein regulator of cytokinesis 1"
"O43670","ZNF207",0.0669,0.439,0.555,FALSE,FALSE,FALSE,0,"BUB3-interacting and GLEBS motif-containing protein ZNF207"
"O43674","NDUFB5",0.424,0.0208,0.0546,FALSE,FALSE,FALSE,0,"NADH dehydrogenase [ubiquinone] 1 beta subcomplex subunit 5, mitochondrial"
"O43676","NDUFB3",0.228,0.251,0.365,FALSE,FALSE,FALSE,0,"NADH dehydrogenase [ubiquinone] 1 beta subcomplex subunit 3"
"O43678","NDUFA2",-0.225,0.05,0.107,FALSE,FALSE,FALSE,0,"NADH dehydrogenase [ubiquinone] 1 alpha subcomplex subunit 2"
"O43681","GET3",0.0412,0.584,0.688,FALSE,FALSE,FALSE,0,"ATPase GET3"
"O43684","BUB3",-0.237,0.0211,0.0555,FALSE,FALSE,FALSE,0,"Mitotic checkpoint protein BUB3"
"O43707","ACTN4",0.214,0.0158,0.0451,FALSE,FALSE,FALSE,0,"Alpha-actinin-4"
"O43708","GSTZ1",-0.238,0.156,0.254,FALSE,FALSE,FALSE,0,"Maleylacetoacetate isomerase"
"O43715","TRIAP1",0.369,0.0116,0.0358,FALSE,FALSE,FALSE,0,"TP53-regulated inhibitor of apoptosis 1"
"O43716","GATC",0.764,0.00507,0.0203,FALSE,FALSE,FALSE,0,"Glutamyl-tRNA(Gln) amidotransferase subunit C, mitochondrial"
"O43719","HTATSF1",-0.164,0.0921,0.17,FALSE,FALSE,FALSE,0,"17S U2 SnRNP complex component HTATSF1"
"O43747","AP1G1",-0.186,0.0757,0.146,FALSE,FALSE,FALSE,0,"AP-1 complex subunit gamma-1"
"O43760","SYNGR2",0.0192,0.862,0.905,FALSE,FALSE,FALSE,0,"Synaptogyrin-2"
"O43765","SGTA",0.0902,0.272,0.385,FALSE,FALSE,FALSE,0,"Small glutamine-rich tetratricopeptide repeat-containing protein alpha"
"O43768","ENSA",-0.366,0.06,0.123,FALSE,FALSE,FALSE,0,"Alpha-endosulfine"
"O43776","NARS1",-0.272,0.00554,0.0215,FALSE,FALSE,FALSE,0,"Asparagine--tRNA ligase, cytoplasmic"
"O43795","MYO1B",0.5,0.0018,0.0109,FALSE,FALSE,FALSE,0,"Unconventional myosin-Ib"
"O43809","NUDT21",-0.136,0.0986,0.178,FALSE,FALSE,FALSE,0,"Cleavage and polyadenylation specificity factor subunit 5"
"O43813","LANCL1",-0.51,9.09e-05,0.00258,FALSE,FALSE,FALSE,0,"Glutathione S-transferase LANCL1"
"O43815","STRN",0.101,0.263,0.377,FALSE,FALSE,FALSE,0,"Striatin"
"O43818","RRP9",0.507,0.0117,0.036,FALSE,FALSE,FALSE,0,"U3 small nucleolar RNA-interacting protein 2"
"O43823","AKAP8",-0.0405,0.722,0.799,FALSE,FALSE,FALSE,0,"A-kinase anchor protein 8"
"O43837","IDH3B",0.642,0.00186,0.011,FALSE,FALSE,FALSE,0,"Isocitrate dehydrogenase [NAD] subunit beta, mitochondrial"
"O43847","NRDC",-0.0557,0.448,0.564,FALSE,FALSE,FALSE,0,"Nardilysin"
"O43852","CALU",0.638,0.000185,0.00349,FALSE,FALSE,FALSE,0,"Calumenin"
"O43865","AHCYL1",-0.235,0.00781,0.027,FALSE,FALSE,FALSE,0,"S-adenosylhomocysteine hydrolase-like protein 1"
"O43920","NDUFS5",-0.0513,0.749,0.821,FALSE,FALSE,FALSE,0,"NADH dehydrogenase [ubiquinone] iron-sulfur protein 5"
"O60216","RAD21",-0.0159,0.841,0.89,FALSE,FALSE,FALSE,0,"Double-strand-break repair protein rad21 homolog"
"O60218","AKR1B10",-0.299,0.0292,0.0711,FALSE,FALSE,FALSE,0,"Aldo-keto reductase family 1 member B10"
"O60220","TIMM8A",0.634,0.000226,0.00388,FALSE,FALSE,FALSE,0,"Mitochondrial import inner membrane translocase subunit Tim8 A"
"O60231","DHX16",0.0464,0.48,0.595,FALSE,FALSE,FALSE,0,"Pre-mRNA-splicing factor ATP-dependent RNA helicase DHX16"
"O60232","ZNRD2",0.382,0.00468,0.0194,FALSE,FALSE,FALSE,0,"Protein ZNRD2"
"O60256","PRPSAP2",-0.282,0.00918,0.0304,FALSE,FALSE,FALSE,0,"Phosphoribosyl pyrophosphate synthase-associated protein 2"
"O60264","SMARCA5",0.221,0.0156,0.0447,FALSE,FALSE,FALSE,0,"SWI/SNF-related matrix-associated actin-dependent regulator of chromatin subfamily A member 5"
"O60271","SPAG9",0.0415,0.581,0.685,FALSE,FALSE,FALSE,0,"C-Jun-amino-terminal kinase-interacting protein 4"
"O60292","SIPA1L3",-0.271,0.204,0.313,FALSE,FALSE,FALSE,0,"Signal-induced proliferation-associated 1-like protein 3"
"O60306","AQR",0.156,0.145,0.241,FALSE,FALSE,FALSE,0,"RNA helicase aquarius"
"O60313","OPA1",0.436,0.00323,0.0156,FALSE,FALSE,FALSE,0,"Dynamin-like GTPase OPA1, mitochondrial"
"O60341","KDM1A",-0.0754,0.409,0.528,FALSE,FALSE,FALSE,0,"Lysine-specific histone demethylase 1A"
"O60343","TBC1D4",-0.136,0.0923,0.17,FALSE,FALSE,FALSE,0,"TBC1 domain family member 4"
"O60427","FADS1",0.0837,0.51,0.62,FALSE,FALSE,FALSE,0,"Acyl-CoA (8-3)-desaturase"
"O60437","PPL",0.512,0.000163,0.00331,FALSE,FALSE,FALSE,0,"Periplakin"
"O60449","LY75",0.00853,0.941,0.962,FALSE,FALSE,FALSE,0,"Lymphocyte antigen 75"
"O60476","MAN1A2",0.0995,0.436,0.552,FALSE,FALSE,FALSE,0,"Mannosyl-oligosaccharide 1,2-alpha-mannosidase IB"
"O60488","ACSL4",0.545,0.000248,0.00397,FALSE,FALSE,FALSE,0,"Long-chain-fatty-acid--CoA ligase 4"
"O60493","SNX3",-0.111,0.246,0.361,FALSE,FALSE,FALSE,0,"Sorting nexin-3"
"O60502","OGA",0.129,0.688,0.773,FALSE,FALSE,FALSE,0,"Protein O-GlcNAcase"
"O60506","SYNCRIP",0.0608,0.417,0.534,FALSE,FALSE,FALSE,0,"Heterogeneous nuclear ribonucleoprotein Q"
"O60524","NEMF",0.0517,0.689,0.774,FALSE,FALSE,FALSE,0,"Ribosome quality control complex subunit NEMF"
"O60547","GMDS",-0.987,2.82e-06,0.000536,FALSE,FALSE,FALSE,0,"GDP-mannose 4,6 dehydratase"
"O60568","PLOD3",0.478,0.00213,0.0119,FALSE,FALSE,FALSE,0,"Multifunctional procollagen lysine hydroxylase and glycosyltransferase LH3"
"O60573","EIF4E2",-0.02,0.912,0.942,FALSE,FALSE,FALSE,0,"Eukaryotic translation initiation factor 4E type 2"
"O60610","DIAPH1",-0.135,0.0815,0.154,FALSE,FALSE,FALSE,0,"Protein diaphanous homolog 1"
"O60613","SELENOF",-0.535,0.000956,0.00779,FALSE,FALSE,FALSE,0,"Selenoprotein F"
"O60645","EXOC3",-0.347,0.0127,0.0383,FALSE,FALSE,FALSE,0,"Exocyst complex component 3"
"O60664","PLIN3",-0.338,0.00143,0.00977,FALSE,FALSE,FALSE,0,"Perilipin-3"
"O60678","PRMT3",0.504,0.000438,0.00524,FALSE,FALSE,FALSE,0,"Protein arginine N-methyltransferase 3"
"O60684","KPNA6",0.0977,0.218,0.328,FALSE,FALSE,FALSE,0,"Importin subunit alpha-7"
"O60701","UGDH",-0.371,0.00445,0.0187,FALSE,FALSE,FALSE,0,"UDP-glucose 6-dehydrogenase"
"O60716","CTNND1",0.245,0.0366,0.0847,FALSE,FALSE,FALSE,0,"Catenin delta-1"
"O60725","ICMT",0.922,7.57e-05,0.0024,FALSE,FALSE,FALSE,0,"Protein-S-isoprenylcysteine O-methyltransferase"
"O60739","EIF1B",0.113,0.317,0.434,FALSE,FALSE,FALSE,0,"Eukaryotic translation initiation factor 1b"
"O60749","SNX2",-0.137,0.113,0.197,FALSE,FALSE,FALSE,0,"Sorting nexin-2"
"O60762","DPM1",0.351,0.0438,0.0973,FALSE,FALSE,FALSE,0,"Dolichol-phosphate mannosyltransferase subunit 1"
"O60763","USO1",-0.202,0.0421,0.0945,FALSE,FALSE,FALSE,0,"General vesicular transport factor p115"
"O60783","MRPS14",0.0815,0.54,0.648,FALSE,FALSE,FALSE,0,"Small ribosomal subunit protein uS14m"
"O60784","TOM1",-0.497,0.0139,0.041,FALSE,FALSE,FALSE,0,"Target of Myb1 membrane trafficking protein"
"O60825","PFKFB2",-0.312,0.0187,0.0506,FALSE,FALSE,FALSE,0,"6-phosphofructo-2-kinase/fructose-2,6-bisphosphatase 2"
"O60826","CCDC22",0.0227,0.749,0.821,FALSE,FALSE,FALSE,0,"Coiled-coil domain-containing protein 22"
"O60828","PQBP1",0.0551,0.559,0.666,FALSE,FALSE,FALSE,0,"Polyglutamine-binding protein 1"
"O60832","DKC1",0.152,0.136,0.228,FALSE,FALSE,FALSE,0,"H/ACA ribonucleoprotein complex subunit DKC1"
"O60841","EIF5B",-0.0262,0.706,0.786,FALSE,FALSE,FALSE,0,"Eukaryotic translation initiation factor 5B"
"O60869","EDF1",-0.267,0.00839,0.0283,FALSE,FALSE,FALSE,0,"Endothelial differentiation-related factor 1"
"O60879","DIAPH2",-0.103,0.578,0.683,FALSE,FALSE,FALSE,0,"Protein diaphanous homolog 2"
"O60884","DNAJA2",-0.193,0.0824,0.155,FALSE,FALSE,FALSE,0,"DnaJ homolog subfamily A member 2"
"O60885","BRD4",0.03,0.744,0.817,FALSE,FALSE,FALSE,0,"Bromodomain-containing protein 4"
"O60888","CUTA",-0.371,0.0044,0.0187,FALSE,FALSE,FALSE,0,"Protein CutA"
"O60925","PFDN1",-0.016,0.858,0.902,FALSE,FALSE,FALSE,0,"Prefoldin subunit 1"
"O60927","PPP1R11",-0.278,0.00267,0.0139,FALSE,FALSE,FALSE,0,"E3 ubiquitin-protein ligase PPP1R11"
"O60934","NBN",-0.271,0.00728,0.0257,FALSE,FALSE,FALSE,0,"Nibrin"
"O60936","NOL3",-0.426,0.00496,0.0202,FALSE,FALSE,FALSE,0,"Nucleolar protein 3"
"O75027","ABCB7",0.263,0.0674,0.134,FALSE,FALSE,FALSE,0,"Iron-sulfur clusters transporter ABCB7, mitochondrial"
"O75063","FAM20B",0.108,0.416,0.534,FALSE,FALSE,FALSE,0,"Glycosaminoglycan xylosylkinase"
"O75083","WDR1",0.0796,0.357,0.476,FALSE,FALSE,FALSE,0,"WD repeat-containing protein 1"
"O75110","ATP9A",0.0417,0.772,0.838,FALSE,FALSE,FALSE,0,"Probable phospholipid-transporting ATPase IIA"
"O75116","ROCK2",0.179,0.0754,0.146,FALSE,FALSE,FALSE,0,"Rho-associated protein kinase 2"
"O75131","CPNE3",0.12,0.253,0.368,FALSE,FALSE,FALSE,0,"Copine-3"
"O75146","HIP1R",0.0788,0.271,0.384,FALSE,FALSE,FALSE,0,"Huntingtin-interacting protein 1-related protein"
"O75150","RNF40",-0.197,0.155,0.253,FALSE,FALSE,FALSE,0,"E3 ubiquitin-protein ligase BRE1B"
"O75152","ZC3H11A",0.00929,0.92,0.946,FALSE,FALSE,FALSE,0,"Zinc finger CCCH domain-containing protein 11A"
"O75153","CLUH",0.21,0.115,0.2,FALSE,FALSE,FALSE,0,"Clustered mitochondria protein homolog"
"O75165","DNAJC13",-0.192,0.0181,0.0495,FALSE,FALSE,FALSE,0,"DnaJ homolog subfamily C member 13"
"O75175","CNOT3",-0.285,0.0316,0.0755,FALSE,FALSE,FALSE,0,"CCR4-NOT transcription complex subunit 3"
"O75208","COQ9",0.466,0.0355,0.0824,FALSE,FALSE,FALSE,0,"Ubiquinone biosynthesis protein COQ9, mitochondrial"
"O75223","GGCT",-0.232,0.0158,0.0451,FALSE,FALSE,FALSE,0,"Gamma-glutamylcyclotransferase"
"O75251","NDUFS7",-0.273,0.0829,0.156,FALSE,FALSE,FALSE,0,"NADH dehydrogenase [ubiquinone] iron-sulfur protein 7, mitochondrial"
"O75306","NDUFS2",0.0835,0.292,0.408,FALSE,FALSE,FALSE,0,"NADH dehydrogenase [ubiquinone] iron-sulfur protein 2, mitochondrial"
"O75312","ZPR1",0.243,0.0284,0.0695,FALSE,FALSE,FALSE,0,"Zinc finger protein ZPR1"
"O75323","NIPSNAP2",0.481,0.0174,0.0484,FALSE,FALSE,FALSE,0,"Protein NipSnap homolog 2"
"O75340","PDCD6",-0.106,0.236,0.348,FALSE,FALSE,FALSE,0,"Programmed cell death protein 6"
"O75347","TBCA",-0.235,0.0756,0.146,FALSE,FALSE,FALSE,0,"Tubulin-specific chaperone A"
"O75348","ATP6V1G1",0.429,0.0101,0.0324,FALSE,FALSE,FALSE,0,"V-type proton ATPase subunit G 1"
"O75351","VPS4B",-0.213,0.0538,0.113,FALSE,FALSE,FALSE,0,"Vacuolar protein sorting-associated protein 4B"
"O75352","MPDU1",0.539,0.0177,0.0489,FALSE,FALSE,FALSE,0,"Mannose-P-dolichol utilization defect 1 protein"
"O75367","MACROH2A1",0.164,0.161,0.261,FALSE,FALSE,FALSE,0,"Core histone macro-H2A.1"
"O75368","SH3BGRL",-0.575,0.000719,0.0067,FALSE,FALSE,FALSE,0,"Adapter SH3BGRL"
"O75369","FLNB",0.601,4.73e-05,0.00183,FALSE,FALSE,FALSE,0,"Filamin-B"
"O75380","NDUFS6",-0.259,0.0649,0.13,FALSE,FALSE,FALSE,0,"NADH dehydrogenase [ubiquinone] iron-sulfur protein 6, mitochondrial"
"O75390","CS",0.542,0.00418,0.0181,FALSE,FALSE,FALSE,0,"Citrate synthase, mitochondrial"
"O75396","SEC22B",0.0448,0.698,0.781,FALSE,FALSE,FALSE,0,"Vesicle-trafficking protein SEC22b"
"O75400","PRPF40A",0.292,0.00858,0.0288,FALSE,FALSE,FALSE,0,"Pre-mRNA-processing factor 40 homolog A"
"O75410","TACC1",0.217,0.036,0.0833,FALSE,FALSE,FALSE,0,"Transforming acidic coiled-coil-containing protein 1"
"O75431","MTX2",0.403,0.0105,0.0334,FALSE,FALSE,FALSE,0,"Metaxin-2"
"O75436","VPS26A",-0.148,0.0858,0.16,FALSE,FALSE,FALSE,0,"Vacuolar protein sorting-associated protein 26A"
"O75439","PMPCB",0.715,0.000238,0.00393,FALSE,FALSE,FALSE,0,"Mitochondrial-processing peptidase subunit beta"
"O75475","PSIP1",-0.0158,0.817,0.871,FALSE,FALSE,FALSE,0,"PC4 and SFRS1-interacting protein"
"O75477","ERLIN1",0.61,6e-05,0.00206,FALSE,FALSE,FALSE,0,"Erlin-1"
"O75489","NDUFS3",0.0124,0.914,0.942,FALSE,FALSE,FALSE,0,"NADH dehydrogenase [ubiquinone] iron-sulfur protein 3, mitochondrial"
"O75494","SRSF10",0.0848,0.509,0.62,FALSE,FALSE,FALSE,0,"Serine/arginine-rich splicing factor 10"
"O75521","ECI2",-0.124,0.579,0.684,FALSE,FALSE,FALSE,0,"Enoyl-CoA delta isomerase 2"
"O75525","KHDRBS3",-0.301,0.123,0.212,FALSE,FALSE,FALSE,0,"KH domain-containing, RNA-binding, signal transduction-associated protein 3"
"O75531","BANF1",0.319,0.00419,0.0181,FALSE,FALSE,FALSE,0,"Barrier-to-autointegration factor"
"O75533","SF3B1",-0.0601,0.371,0.49,FALSE,FALSE,FALSE,0,"Splicing factor 3B subunit 1"
"O75534","CSDE1",0.0353,0.65,0.743,FALSE,FALSE,FALSE,0,"Cold shock domain-containing protein E1"
"O75569","PRKRA",-0.104,0.205,0.314,FALSE,FALSE,FALSE,0,"Interferon-inducible double-stranded RNA-dependent protein kinase activator A"
"O75607","NPM3",-0.0337,0.661,0.753,FALSE,FALSE,FALSE,0,"Nucleoplasmin-3"
"O75608","LYPLA1",0.172,0.117,0.203,FALSE,FALSE,FALSE,0,"Acyl-protein thioesterase 1"
"O75629","CREG1",0.229,0.065,0.13,FALSE,FALSE,FALSE,0,"Protein CREG1"
"O75643","SNRNP200",0.0548,0.435,0.551,FALSE,FALSE,FALSE,0,"U5 small nuclear ribonucleoprotein 200 kDa helicase"
"O75663","TIPRL",-0.0874,0.244,0.358,FALSE,FALSE,FALSE,0,"TIP41-like protein"
"O75676","RPS6KA4",0.169,0.0857,0.16,FALSE,FALSE,FALSE,0,"Ribosomal protein S6 kinase alpha-4"
"O75683","SURF6",0.521,0.00441,0.0187,FALSE,FALSE,FALSE,0,"Surfeit locus protein 6"
"O75688","PPM1B",-0.0488,0.495,0.608,FALSE,FALSE,FALSE,0,"Protein phosphatase 1B"
"O75689","ADAP1",-0.281,0.00396,0.0177,FALSE,FALSE,FALSE,0,"Arf-GAP with dual PH domain-containing protein 1"
"O75691","UTP20",0.836,0.00124,0.00906,FALSE,FALSE,FALSE,0,"Small subunit processome component 20 homolog"
"O75694","NUP155",0.145,0.0727,0.142,FALSE,FALSE,FALSE,0,"Nuclear pore complex protein Nup155"
"O75695","RP2",0.275,0.0607,0.124,FALSE,FALSE,FALSE,0,"Protein XRP2"
"O75717","WDHD1",0.251,0.0794,0.151,FALSE,FALSE,FALSE,0,"WD repeat and HMG-box DNA-binding protein 1"
"O75718","CRTAP",0.627,0.00102,0.00806,FALSE,FALSE,FALSE,0,"Cartilage-associated protein"
"O75746","SLC25A12",0.815,0.000942,0.00777,FALSE,FALSE,FALSE,0,"Electrogenic aspartate/glutamate antiporter SLC25A12, mitochondrial"
"O75787","ATP6AP2",0.734,0.0018,0.0109,FALSE,FALSE,FALSE,0,"Renin receptor"
"O75792","RNASEH2A",0.126,0.225,0.335,FALSE,FALSE,FALSE,0,"Ribonuclease H2 subunit A"
"O75794","CDC123",0.19,0.19,0.296,FALSE,FALSE,FALSE,0,"Translation initiation factor eIF2 assembly protein"
"O75821","EIF3G",-0.0503,0.464,0.581,FALSE,FALSE,FALSE,0,"Eukaryotic translation initiation factor 3 subunit G"
"O75822","EIF3J",0.02,0.827,0.879,FALSE,FALSE,FALSE,0,"Eukaryotic translation initiation factor 3 subunit J"
"O75832","PSMD10",-0.293,0.011,0.0347,FALSE,FALSE,FALSE,0,"26S proteasome non-ATPase regulatory subunit 10"
"O75843","AP1G2",-0.139,0.171,0.273,FALSE,FALSE,FALSE,0,"AP-1 complex subunit gamma-like 2"
"O75844","ZMPSTE24",0.642,0.00262,0.0138,FALSE,FALSE,FALSE,0,"CAAX prenyl protease 1 homolog"
"O75874","IDH1",0.0225,0.763,0.832,FALSE,FALSE,FALSE,0,"Isocitrate dehydrogenase [NADP] cytoplasmic"
"O75880","SCO1",0.818,0.00374,0.0171,FALSE,FALSE,FALSE,0,"Cytochrome c oxidase assembly factor SCO1"
"O75886","STAM2",-0.111,0.306,0.422,FALSE,FALSE,FALSE,0,"Signal transducing adapter molecule 2"
"O75909","CCNK",-0.225,0.063,0.127,FALSE,FALSE,FALSE,0,"Cyclin-K"
"O75911","DHRS3",0.196,0.119,0.205,FALSE,FALSE,FALSE,0,"Short-chain dehydrogenase/reductase 3"
"O75915","ARL6IP5",0.18,0.22,0.331,FALSE,FALSE,FALSE,0,"PRA1 family protein 3"
"O75934","BCAS2",-0.0208,0.824,0.876,FALSE,FALSE,FALSE,0,"Pre-mRNA-splicing factor SPF27"
"O75937","DNAJC8",-0.0986,0.444,0.56,FALSE,FALSE,FALSE,0,"DnaJ homolog subfamily C member 8"
"O75940","SMNDC1",-0.0455,0.702,0.783,FALSE,FALSE,FALSE,0,"Survival of motor neuron-related-splicing factor 30"
"O75947","ATP5PD",0.468,0.00728,0.0257,FALSE,FALSE,FALSE,0,"ATP synthase peripheral stalk subunit d, mitochondrial"
"O75955","FLOT1",-0.0582,0.425,0.543,FALSE,FALSE,FALSE,0,"Flotillin-1"
"O75964","ATP5MG",0.195,0.184,0.287,FALSE,FALSE,FALSE,0,"ATP synthase F(0) complex subunit g, mitochondrial"
"O75976","CPD",-0.535,0.00231,0.0125,FALSE,FALSE,FALSE,0,"Carboxypeptidase D"
"O76003","GLRX3",0.199,0.0216,0.0563,FALSE,FALSE,FALSE,0,"Glutaredoxin-3"
"O76021","RSL1D1",0.731,0.00469,0.0194,FALSE,FALSE,FALSE,0,"Ribosomal L1 domain-containing protein 1"
"O76024","WFS1",0.187,0.0589,0.121,FALSE,FALSE,FALSE,0,"Wolframin"
"O76031","CLPX",0.692,0.00026,0.00409,FALSE,FALSE,FALSE,0,"ATP-dependent clpX-like chaperone, mitochondrial"
"O76054","SEC14L2",-0.0256,0.766,0.834,FALSE,FALSE,FALSE,0,"SEC14-like protein 2"
"O76071","CIAO1",0.106,0.205,0.313,FALSE,FALSE,FALSE,0,"Probable cytosolic iron-sulfur protein assembly protein CIAO1"
"O76074","PDE5A",-0.26,0.0252,0.0633,FALSE,FALSE,FALSE,0,"cGMP-specific 3',5'-cyclic phosphodiesterase"
"O76094","SRP72",-0.0979,0.288,0.403,FALSE,FALSE,FALSE,0,"Signal recognition particle subunit SRP72"
"O76095","JTB",0.102,0.39,0.509,FALSE,FALSE,FALSE,0,"Protein JTB"
"O94760","DDAH1",-0.109,0.151,0.248,FALSE,FALSE,FALSE,0,"N(G),N(G)-dimethylarginine dimethylaminohydrolase 1"
"O94776","MTA2",0.104,0.201,0.308,FALSE,FALSE,FALSE,0,"Metastasis-associated protein MTA2"
"O94788","ALDH1A2",-0.237,0.0132,0.0396,FALSE,FALSE,FALSE,0,"Retinal dehydrogenase 2"
"O94826","TOMM70",0.186,0.0275,0.0678,FALSE,FALSE,FALSE,0,"Mitochondrial import receptor subunit TOM70"
"O94832","MYO1D",-0.185,0.0453,0.0995,FALSE,FALSE,FALSE,0,"Unconventional myosin-Id"
"O94842","TOX4",-0.0356,0.727,0.802,FALSE,FALSE,FALSE,0,"TOX high mobility group box family member 4"
"O94854","MACF1",0.313,0.00366,0.0168,FALSE,FALSE,FALSE,0,"Microtubule-actin cross-linking factor 1, isoforms 6/7"
"O94874","UFL1",-0.134,0.125,0.214,FALSE,FALSE,FALSE,0,"E3 UFM1-protein ligase 1"
"O94880","PHF14",0.0203,0.844,0.892,FALSE,FALSE,FALSE,0,"PHD finger protein 14"
"O94886","TMEM63A",-0.122,0.335,0.452,FALSE,FALSE,FALSE,0,"Mechanosensitive cation channel TMEM63A"
"O94888","UBXN7",-0.279,0.0985,0.178,FALSE,FALSE,FALSE,0,"UBX domain-containing protein 7"
"O94903","PLPBP",-0.0423,0.62,0.717,FALSE,FALSE,FALSE,0,"Pyridoxal phosphate homeostasis protein"
"O94905","ERLIN2",0.561,0.00128,0.00915,FALSE,FALSE,FALSE,0,"Erlin-2"
"O94906","PRPF6",-0.0458,0.551,0.659,FALSE,FALSE,FALSE,0,"Pre-mRNA-processing factor 6"
"O94919","ENDOD1",0.443,0.00743,0.0261,FALSE,FALSE,FALSE,0,"Endonuclease domain-containing 1 protein"
"O94925","GLS",0.981,9.61e-05,0.00261,FALSE,FALSE,FALSE,0,"Glutaminase kidney isoform, mitochondrial"
"O94973","AP2A2",-0.202,0.0727,0.142,FALSE,FALSE,FALSE,0,"AP-2 complex subunit alpha-2"
"O94979","SEC31A",-0.256,0.00399,0.0178,FALSE,FALSE,FALSE,0,"Protein transport protein Sec31A"
"O94992","HEXIM1",-0.101,0.327,0.444,FALSE,FALSE,FALSE,0,"Protein HEXIM1"
"O95049","TJP3",0.216,0.226,0.337,FALSE,FALSE,FALSE,0,"Tight junction protein ZO-3"
"O95071","UBR5",-0.144,0.295,0.411,FALSE,FALSE,FALSE,0,"E3 ubiquitin-protein ligase UBR5"
"O95104","SCAF4",-0.0319,0.752,0.823,FALSE,FALSE,FALSE,0,"SR-related and CTD-associated factor 4"
"O95139","NDUFB6",0.626,0.00336,0.0159,FALSE,FALSE,FALSE,0,"NADH dehydrogenase [ubiquinone] 1 beta subcomplex subunit 6"
"O95149","SNUPN",-0.0166,0.88,0.918,FALSE,FALSE,FALSE,0,"Snurportin-1"
"O95154","AKR7A3",-0.0826,0.361,0.48,FALSE,FALSE,FALSE,0,"Aldo-keto reductase family 7 member A3"
"O95159","ZFPL1",-0.13,0.167,0.267,FALSE,FALSE,FALSE,0,"Zinc finger protein-like 1"
"O95168","NDUFB4",0.0278,0.816,0.87,FALSE,FALSE,FALSE,0,"NADH dehydrogenase [ubiquinone] 1 beta subcomplex subunit 4"
"O95169","NDUFB8",0.0859,0.414,0.532,FALSE,FALSE,FALSE,0,"NADH dehydrogenase [ubiquinone] 1 beta subcomplex subunit 8, mitochondrial"
"O95182","NDUFA7",-0.246,0.046,0.101,FALSE,FALSE,FALSE,0,"NADH dehydrogenase [ubiquinone] 1 alpha subcomplex subunit 7"
"O95197","RTN3",0.286,0.037,0.0854,FALSE,FALSE,FALSE,0,"Reticulon-3"
"O95202","LETM1",0.583,0.000825,0.00715,FALSE,FALSE,FALSE,0,"Mitochondrial proton/calcium exchanger protein"
"O95218","ZRANB2",-0.41,0.000721,0.0067,FALSE,FALSE,FALSE,0,"Zinc finger Ran-binding domain-containing protein 2"
"O95232","LUC7L3",-0.134,0.115,0.2,FALSE,FALSE,FALSE,0,"Luc7-like protein 3"
"O95239","KIF4A",0.275,0.178,0.281,FALSE,FALSE,FALSE,0,"Chromosome-associated kinesin KIF4A"
"O95249","GOSR1",-0.0996,0.398,0.516,FALSE,FALSE,FALSE,0,"Golgi SNAP receptor complex member 1"
"O95292","VAPB",0.255,0.0663,0.132,FALSE,FALSE,FALSE,0,"Vesicle-associated membrane protein-associated protein B/C"
"O95294","RASAL1",-0.872,2.79e-06,0.000536,FALSE,FALSE,FALSE,0,"RasGAP-activating-like protein 1"
"O95297","MPZL1",0.57,0.00549,0.0215,FALSE,FALSE,FALSE,0,"Myelin protein zero-like protein 1"
"O95298","NDUFC2",0.169,0.265,0.379,FALSE,FALSE,FALSE,0,"NADH dehydrogenase [ubiquinone] 1 subunit C2"
"O95299","NDUFA10",0.237,0.0666,0.132,FALSE,FALSE,FALSE,0,"NADH dehydrogenase [ubiquinone] 1 alpha subcomplex subunit 10, mitochondrial"
"O95302","FKBP9",0.0762,0.446,0.562,FALSE,FALSE,FALSE,0,"Peptidyl-prolyl cis-trans isomerase FKBP9"
"O95336","PGLS",-0.0838,0.262,0.376,FALSE,FALSE,FALSE,0,"6-phosphogluconolactonase"
"O95347","SMC2",0.184,0.0821,0.155,FALSE,FALSE,FALSE,0,"Structural maintenance of chromosomes protein 2"
"O95352","ATG7",-0.76,0.00614,0.023,FALSE,FALSE,FALSE,0,"Ubiquitin-like modifier-activating enzyme ATG7"
"O95361","TRIM16",0.533,6.23e-05,0.00212,FALSE,FALSE,FALSE,0,"Tripartite motif-containing protein 16"
"O95372","LYPLA2",-0.463,0.000588,0.00616,FALSE,FALSE,FALSE,0,"Acyl-protein thioesterase 2"
"O95373","IPO7",0.179,0.0548,0.115,FALSE,FALSE,FALSE,0,"Importin-7"
"O95394","PGM3",-0.493,0.0012,0.00887,FALSE,FALSE,FALSE,0,"Phosphoacetylglucosamine mutase"
"O95396","MOCS3",-0.535,0.000472,0.00554,FALSE,FALSE,FALSE,0,"Adenylyltransferase and sulfurtransferase MOCS3"
"O95400","CD2BP2",0.224,0.0437,0.0972,FALSE,FALSE,FALSE,0,"CD2 antigen cytoplasmic tail-binding protein 2"
"O95425","SVIL",0.0669,0.5,0.612,FALSE,FALSE,FALSE,0,"Supervillin"
"O95429","BAG4",0.0808,0.308,0.425,FALSE,FALSE,FALSE,0,"BAG family molecular chaperone regulator 4"
"O95433","AHSA1",0.0323,0.695,0.778,FALSE,FALSE,FALSE,0,"Activator of 90 kDa heat shock protein ATPase homolog 1"
"O95453","PARN",-0.388,0.00521,0.0206,FALSE,FALSE,FALSE,0,"Poly(A)-specific ribonuclease PARN"
"O95456","PSMG1",0.147,0.126,0.215,FALSE,FALSE,FALSE,0,"Proteasome assembly chaperone 1"
"O95470","SGPL1",0.451,0.00399,0.0178,FALSE,FALSE,FALSE,0,"Sphingosine-1-phosphate lyase 1"
"O95478","NSA2",0.746,0.00137,0.0095,FALSE,FALSE,FALSE,0,"Ribosome biogenesis protein NSA2 homolog"
"O95479","H6PD",-0.274,0.184,0.287,FALSE,FALSE,FALSE,0,"GDH/6PGL endoplasmic bifunctional protein"
"O95486","SEC24A",-0.0301,0.724,0.8,FALSE,FALSE,FALSE,0,"Protein transport protein Sec24A"
"O95487","SEC24B",-0.0545,0.493,0.606,FALSE,FALSE,FALSE,0,"Protein transport protein Sec24B"
"O95563","MPC2",0.81,0.00134,0.00938,FALSE,FALSE,FALSE,0,"Mitochondrial pyruvate carrier 2"
"O95571","ETHE1",0.471,0.00203,0.0116,FALSE,FALSE,FALSE,0,"Persulfide dioxygenase ETHE1, mitochondrial"
"O95573","ACSL3",0.569,0.000621,0.00633,FALSE,FALSE,FALSE,0,"Fatty acid CoA ligase Acsl3"
"O95602","POLR1A",0.229,0.0189,0.0511,FALSE,FALSE,FALSE,0,"DNA-directed RNA polymerase I subunit RPA1"
"O95630","STAMBP",-0.243,0.00718,0.0255,FALSE,FALSE,FALSE,0,"STAM-binding protein"
"O95639","CPSF4",-0.0971,0.271,0.384,FALSE,FALSE,FALSE,0,"Cleavage and polyadenylation specificity factor subunit 4"
"O95721","SNAP29",-0.0692,0.322,0.439,FALSE,FALSE,FALSE,0,"Synaptosomal-associated protein 29"
"O95747","OXSR1",-0.203,0.028,0.0687,FALSE,FALSE,FALSE,0,"Serine/threonine-protein kinase OSR1"
"O95749","GGPS1",0.35,0.486,0.599,FALSE,FALSE,FALSE,0,"Geranylgeranyl pyrophosphate synthase"
"O95757","HSPA4L",0.0127,0.879,0.917,FALSE,FALSE,FALSE,0,"Heat shock 70 kDa protein 4L"
"O95758","PTBP3",0.00849,0.92,0.947,FALSE,FALSE,FALSE,0,"Polypyrimidine tract-binding protein 3"
"O95777","LSM8",-0.197,0.0984,0.178,FALSE,FALSE,FALSE,0,"U6 snRNA-associated Sm-like protein LSm8"
"O95782","AP2A1",-0.00536,0.948,0.966,FALSE,FALSE,FALSE,0,"AP-2 complex subunit alpha-1"
"O95793","STAU1",-0.00791,0.913,0.942,FALSE,FALSE,FALSE,0,"Double-stranded RNA-binding protein Staufen homolog 1"
"O95801","TTC4",0.378,0.0568,0.118,FALSE,FALSE,FALSE,0,"Hsp70/Hsp90 co-chaperone CNS1 homolog"
"O95816","BAG2",0.208,0.0318,0.0757,FALSE,FALSE,FALSE,0,"BAG family molecular chaperone regulator 2"
"O95819","MAP4K4",0.18,0.14,0.235,FALSE,FALSE,FALSE,0,"Mitogen-activated protein kinase kinase kinase kinase 4"
"O95825","CRYZL1",-0.326,0.0235,0.0602,FALSE,FALSE,FALSE,0,"Ferry endosomal RAB5 effector complex subunit 4"
"O95831","AIFM1",0.412,0.00888,0.0296,FALSE,FALSE,FALSE,0,"Apoptosis-inducing factor 1, mitochondrial"
"O95834","EML2",0.376,0.00182,0.0109,FALSE,FALSE,FALSE,0,"Echinoderm microtubule-associated protein-like 2"
"O95858","TSPAN15",0.442,0.0085,0.0286,FALSE,FALSE,FALSE,0,"Tetraspanin-15"
"O95861","BPNT1",-0.146,0.0987,0.178,FALSE,FALSE,FALSE,0,"3'(2'),5'-bisphosphate nucleotidase 1"
"O95865","DDAH2",-0.364,0.0102,0.0326,FALSE,FALSE,FALSE,0,"Putative hydrolase DDAH2"
"O95870","ABHD16A",0.675,0.000363,0.00468,FALSE,FALSE,FALSE,0,"Phosphatidylserine lipase ABHD16A"
"O95881","TXNDC12",0.543,0.000897,0.00749,FALSE,FALSE,FALSE,0,"Thioredoxin domain-containing protein 12"
"O95989","NUDT3",4.18e-05,1,1,FALSE,FALSE,FALSE,0,"Diphosphoinositol polyphosphate phosphohydrolase 1"
"O95994","AGR2",-0.309,0.0456,0.0999,FALSE,FALSE,FALSE,0,"Anterior gradient protein 2 homolog"
"O96000","NDUFB10",0.465,0.00161,0.0103,FALSE,FALSE,FALSE,0,"NADH dehydrogenase [ubiquinone] 1 beta subcomplex subunit 10"
"O96005","CLPTM1",0.736,0.000286,0.0043,FALSE,FALSE,FALSE,0,"Putative lipid scramblase CLPTM1"
"O96008","TOMM40",0.603,0.00038,0.00476,FALSE,FALSE,FALSE,0,"Mitochondrial import receptor subunit TOM40 homolog"
"O96011","PEX11B",0.0457,0.777,0.841,FALSE,FALSE,FALSE,0,"Peroxisomal membrane protein 11B"
"O96013","PAK4",-0.156,0.0835,0.157,FALSE,FALSE,FALSE,0,"Serine/threonine-protein kinase PAK 4"
"O96017","CHEK2",-0.222,0.195,0.302,FALSE,FALSE,FALSE,0,"Serine/threonine-protein kinase Chk2"
"O96019","ACTL6A",0.0325,0.734,0.809,FALSE,FALSE,FALSE,0,"Actin-like protein 6A"
"O96033","MOCS2",-0.24,0.101,0.182,FALSE,FALSE,FALSE,0,"Molybdopterin synthase sulfur carrier subunit"
"P00167","CYB5A",-0.35,0.0011,0.00837,FALSE,FALSE,FALSE,0,"Cytochrome b5"
"P00338","LDHA",-0.341,0.00515,0.0204,FALSE,FALSE,FALSE,0,"L-lactate dehydrogenase A chain"
"P00352","ALDH1A1",-0.466,0.00117,0.00875,FALSE,FALSE,FALSE,0,"Aldehyde dehydrogenase 1A1"
"P00367","GLUD1",0.548,0.00162,0.0103,FALSE,FALSE,FALSE,0,"Glutamate dehydrogenase 1, mitochondrial"
"P00374","DHFR",0.0633,0.625,0.721,FALSE,FALSE,FALSE,0,"Dihydrofolate reductase"
"P00387","CYB5R3",0.244,0.142,0.236,FALSE,FALSE,FALSE,0,"NADH-cytochrome b5 reductase 3"
"P00390","GSR",-0.368,0.00147,0.0099,FALSE,FALSE,FALSE,0,"Glutathione reductase, mitochondrial"
"P00395","MT-CO1",0.123,0.484,0.598,FALSE,FALSE,FALSE,0,"Cytochrome c oxidase subunit 1"
"P00403","MT-CO2",0.259,0.0825,0.156,FALSE,FALSE,FALSE,0,"Cytochrome c oxidase subunit 2"
"P00441","SOD1",-0.363,0.0197,0.0527,FALSE,FALSE,FALSE,0,"Superoxide dismutase [Cu-Zn]"
"P00491","PNP",-0.0378,0.703,0.784,FALSE,FALSE,FALSE,0,"Purine nucleoside phosphorylase"
"P00492","HPRT1",0.00267,0.973,0.982,FALSE,FALSE,FALSE,0,"Hypoxanthine-guanine phosphoribosyltransferase"
"P00505","GOT2",0.632,0.000692,0.00661,FALSE,FALSE,FALSE,0,"Aspartate aminotransferase, mitochondrial"
"P00558","PGK1",-0.507,0.000635,0.00634,FALSE,FALSE,FALSE,0,"Phosphoglycerate kinase 1"
"P00568","AK1",0.0121,0.939,0.961,FALSE,FALSE,FALSE,0,"Adenylate kinase isoenzyme 1"
"P00918","CA2",-0.845,0.00156,0.0102,FALSE,FALSE,FALSE,0,"Carbonic anhydrase 2"
"P00966","ASS1",-0.415,0.158,0.257,FALSE,FALSE,FALSE,0,"Argininosuccinate synthase"
"P01111","NRAS",0.673,0.000272,0.00424,FALSE,FALSE,FALSE,0,"GTPase NRas"
"P01116","KRAS",0.186,0.136,0.229,FALSE,FALSE,FALSE,0,"GTPase KRas"
"P01130","LDLR",0.977,4.57e-06,0.000651,FALSE,FALSE,FALSE,0,"Low-density lipoprotein receptor"
"P01889","HLA-B",0.605,0.000356,0.00463,FALSE,FALSE,FALSE,0,"HLA class I histocompatibility antigen, B alpha chain"
"P01893","HLA-H",0.408,0.0107,0.0339,FALSE,FALSE,FALSE,0,"Putative HLA class I histocompatibility antigen, alpha chain H"
"P02545","LMNA",-0.182,0.0582,0.12,FALSE,FALSE,FALSE,0,"Prelamin-A/C"
"P02686","MBP",0.0664,0.681,0.767,FALSE,FALSE,FALSE,0,"Myelin basic protein"
"P03915","MT-ND5",0.0906,0.599,0.7,FALSE,FALSE,FALSE,0,"NADH-ubiquinone oxidoreductase chain 5"
"P03928","MT-ATP8",0.0658,0.709,0.788,FALSE,FALSE,FALSE,0,"ATP synthase F(0) complex subunit 8"
"P04040","CAT",-0.312,0.00872,0.0292,FALSE,FALSE,FALSE,0,"Catalase"
"P04062","GBA1",-0.113,0.386,0.505,FALSE,FALSE,FALSE,0,"Lysosomal acid glucosylceramidase"
"P04066","FUCA1",-0.165,0.0903,0.167,FALSE,FALSE,FALSE,0,"Tissue alpha-L-fucosidase"
"P04075","ALDOA",-0.283,0.00668,0.0243,FALSE,FALSE,FALSE,0,"Fructose-bisphosphate aldolase A"
"P04080","CSTB",-0.53,0.000531,0.00584,FALSE,FALSE,FALSE,0,"Cystatin-B"
"P04083","ANXA1",0.267,0.00499,0.0202,FALSE,FALSE,FALSE,0,"Annexin A1"
"P04179","SOD2",0.491,0.00992,0.0322,FALSE,FALSE,FALSE,0,"Superoxide dismutase [Mn], mitochondrial"
"P04181","OAT",0.413,0.00912,0.0302,FALSE,FALSE,FALSE,0,"Ornithine aminotransferase, mitochondrial"
"P04183","TK1",0.0384,0.639,0.733,FALSE,FALSE,FALSE,0,"Thymidine kinase, cytosolic"
"P04264","KRT1",0.719,0.296,0.412,FALSE,FALSE,FALSE,0,"Keratin, type II cytoskeletal 1"
"P04350","TUBB4A",1.22,0.344,0.461,FALSE,FALSE,FALSE,0,"Tubulin beta-4A chain"
"P04406","GAPDH",-0.354,0.00378,0.0171,FALSE,FALSE,FALSE,0,"Glyceraldehyde-3-phosphate dehydrogenase"
"P04424","ASL",-0.371,0.00772,0.0268,FALSE,FALSE,FALSE,0,"Argininosuccinate lyase"
"P04439","HLA-A",0.447,0.000444,0.00528,FALSE,FALSE,FALSE,0,"HLA class I histocompatibility antigen, A alpha chain"
"P04626","ERBB2",0.313,0.00624,0.0233,FALSE,FALSE,FALSE,0,"Receptor tyrosine-protein kinase erbB-2"
"P04632","CAPNS1",-0.0252,0.763,0.832,FALSE,FALSE,FALSE,0,"Calpain small subunit 1"
"P04792","HSPB1",-0.462,0.000816,0.00712,FALSE,FALSE,FALSE,0,"Heat shock protein beta-1"
"P04843","RPN1",0.671,7.29e-05,0.00236,FALSE,FALSE,FALSE,0,"Dolichyl-diphosphooligosaccharide--protein glycosyltransferase subunit 1"
"P04844","RPN2",0.449,0.0238,0.0606,FALSE,FALSE,FALSE,0,"Dolichyl-diphosphooligosaccharide--protein glycosyltransferase subunit 2"
"P04899","GNAI2",0.0643,0.68,0.767,FALSE,FALSE,FALSE,0,"Guanine nucleotide-binding protein G(i) subunit alpha-2"
"P04920","SLC4A2",0.61,0.00231,0.0126,FALSE,FALSE,FALSE,0,"Anion exchange protein 2"
"P05023","ATP1A1",0.138,0.237,0.35,FALSE,FALSE,FALSE,0,"Sodium/potassium-transporting ATPase subunit alpha-1"
"P05026","ATP1B1",-0.105,0.491,0.604,FALSE,FALSE,FALSE,0,"Sodium/potassium-transporting ATPase subunit beta-1"
"P05067","APP",0.568,3.67e-05,0.00165,FALSE,FALSE,FALSE,0,"Amyloid-beta precursor protein"
"P05091","ALDH2",-0.0545,0.713,0.791,FALSE,FALSE,FALSE,0,"Aldehyde dehydrogenase, mitochondrial"
"P05120","SERPINB2",0.856,0.00137,0.0095,FALSE,FALSE,FALSE,0,"Plasminogen activator inhibitor 2"
"P05141","SLC25A5",0.669,0.000339,0.00454,FALSE,FALSE,FALSE,0,"ADP/ATP translocase 2"
"P05165","PCCA",0.186,0.28,0.394,FALSE,FALSE,FALSE,0,"Propionyl-CoA carboxylase alpha chain, mitochondrial"
"P05166","PCCB",0.356,0.0858,0.16,FALSE,FALSE,FALSE,0,"Propionyl-CoA carboxylase beta chain, mitochondrial"
"P05198","EIF2S1",-0.00376,0.957,0.973,FALSE,FALSE,FALSE,0,"Eukaryotic translation initiation factor 2 subunit 1"
"P05204","HMGN2",-0.543,0.00109,0.00837,FALSE,FALSE,FALSE,0,"Non-histone chromosomal protein HMG-17"
"P05362","ICAM1",0.178,0.12,0.208,FALSE,FALSE,FALSE,0,"Intercellular adhesion molecule 1"
"P05386","RPLP1",-0.0407,0.67,0.758,FALSE,FALSE,FALSE,0,"Large ribosomal subunit protein P1"
"P05387","RPLP2",0.198,0.0313,0.0751,FALSE,FALSE,FALSE,0,"Large ribosomal subunit protein P2"
"P05388","RPLP0",-0.0574,0.499,0.611,FALSE,FALSE,FALSE,0,"Large ribosomal subunit protein uL10"
"P05455","SSB",-0.225,0.0291,0.0711,FALSE,FALSE,FALSE,0,"Lupus La protein"
"P05556","ITGB1",0.939,0.000163,0.00331,FALSE,FALSE,FALSE,0,"Integrin beta-1"
"P05783","KRT18",0.639,7.35e-05,0.00236,FALSE,FALSE,FALSE,0,"Keratin, type I cytoskeletal 18"
"P05787","KRT8",0.474,0.00015,0.00322,FALSE,FALSE,FALSE,0,"Keratin, type II cytoskeletal 8"
"P06132","UROD",-0.613,0.00331,0.0158,FALSE,FALSE,FALSE,0,"Uroporphyrinogen decarboxylase"
"P06280","GLA",0.0271,0.777,0.841,FALSE,FALSE,FALSE,0,"Alpha-galactosidase A"
"P06396","GSN",-0.477,0.00175,0.0108,FALSE,FALSE,FALSE,0,"Gelsolin"
"P06400","RB1",-0.0752,0.344,0.462,FALSE,FALSE,FALSE,0,"Retinoblastoma-associated protein"
"P06454","PTMA",-0.486,0.121,0.208,FALSE,FALSE,FALSE,0,"Prothymosin alpha"
"P06493","CDK1",0.166,0.129,0.219,FALSE,FALSE,FALSE,0,"Cyclin-dependent kinase 1"
"P06576","ATP5F1B",0.587,0.00303,0.015,FALSE,FALSE,FALSE,0,"ATP synthase F(1) complex subunit beta, mitochondrial"
"P06703","S100A6",-0.0632,0.705,0.785,FALSE,FALSE,FALSE,0,"Protein S100-A6"
"P06730","EIF4E",-0.146,0.0638,0.128,FALSE,FALSE,FALSE,0,"Eukaryotic translation initiation factor 4E"
"P06733","ENO1",-0.264,0.00995,0.0322,FALSE,FALSE,FALSE,0,"Alpha-enolase"
"P06737","PYGL",-0.283,0.00554,0.0215,FALSE,FALSE,FALSE,0,"Glycogen phosphorylase, liver form"
"P06744","GPI",-0.406,0.00289,0.0146,FALSE,FALSE,FALSE,0,"Glucose-6-phosphate isomerase"
"P06748","NPM1",0.337,0.00386,0.0174,FALSE,FALSE,FALSE,0,"Nucleophosmin"
"P06753","TPM3",0.0138,0.876,0.915,FALSE,FALSE,FALSE,0,"Tropomyosin alpha-3 chain"
"P06756","ITGAV",0.187,0.103,0.184,FALSE,FALSE,FALSE,0,"Integrin alpha-V"
"P06865","HEXA",0.0516,0.651,0.743,FALSE,FALSE,FALSE,0,"Beta-hexosaminidase subunit alpha"
"P07099","EPHX1",0.364,0.00173,0.0108,FALSE,FALSE,FALSE,0,"Epoxide hydrolase 1"
"P07108","DBI",-0.0028,0.98,0.987,FALSE,FALSE,FALSE,0,"Acyl-CoA-binding protein"
"P07195","LDHB",-0.0964,0.292,0.408,FALSE,FALSE,FALSE,0,"L-lactate dehydrogenase B chain"
"P07237","P4HB",0.435,0.0022,0.0122,FALSE,FALSE,FALSE,0,"Protein disulfide-isomerase"
"P07305","H1-0",0.631,0.000604,0.00626,FALSE,FALSE,FALSE,0,"Histone H1.0"
"P07339","CTSD",0.11,0.223,0.333,FALSE,FALSE,FALSE,0,"Cathepsin D"
"P07355","ANXA2",0.234,0.0789,0.15,FALSE,FALSE,FALSE,0,"Annexin A2"
"P07384","CAPN1",-0.257,0.00591,0.0225,FALSE,FALSE,FALSE,0,"Calpain-1 catalytic subunit"
"P07498","CSN3",0.392,0.00802,0.0275,FALSE,FALSE,FALSE,0,"Kappa-casein"
"P07602","PSAP",-0.186,0.0944,0.172,FALSE,FALSE,FALSE,0,"Prosaposin"
"P07686","HEXB",0.467,4e-04,0.00489,FALSE,FALSE,FALSE,0,"Beta-hexosaminidase subunit beta"
"P07737","PFN1",0.014,0.871,0.912,FALSE,FALSE,FALSE,0,"Profilin-1"
"P07741","APRT",-0.236,0.0165,0.0466,FALSE,FALSE,FALSE,0,"Adenine phosphoribosyltransferase"
"P07814","EPRS1",-0.0772,0.258,0.372,FALSE,FALSE,FALSE,0,"Bifunctional glutamate/proline--tRNA ligase"
"P07858","CTSB",-0.0263,0.787,0.848,FALSE,FALSE,FALSE,0,"Cathepsin B"
"P07900","HSP90AA1",-0.0795,0.287,0.403,FALSE,FALSE,FALSE,0,"Heat shock protein HSP 90-alpha"
"P07910","HNRNPC",0.00731,0.932,0.955,FALSE,FALSE,FALSE,0,"Heterogeneous nuclear ribonucleoproteins C1/C2"
"P07919","UQCRH",0.0802,0.546,0.654,FALSE,FALSE,FALSE,0,"Cytochrome b-c1 complex subunit 6, mitochondrial"
"P07942","LAMB1",-2.33,0.053,0.112,FALSE,FALSE,FALSE,0,"Laminin subunit beta-1"
"P07947","YES1",-0.0859,0.262,0.376,FALSE,FALSE,FALSE,0,"Tyrosine-protein kinase Yes"
"P07954","FH",0.637,0.000151,0.00322,FALSE,FALSE,FALSE,0,"Fumarate hydratase, mitochondrial"
"P08034","GJB1",-0.373,0.0904,0.167,FALSE,FALSE,FALSE,0,"Gap junction beta-1 protein"
"P08133","ANXA6",-0.217,0.0385,0.0885,FALSE,FALSE,FALSE,0,"Annexin A6"
"P08134","RHOC",0.0756,0.486,0.599,FALSE,FALSE,FALSE,0,"Rho-related GTP-binding protein RhoC"
"P08174","CD55",0.142,0.366,0.485,FALSE,FALSE,FALSE,0,"Complement decay-accelerating factor"
"P08195","SLC3A2",0.969,8.29e-05,0.00251,FALSE,FALSE,FALSE,0,"Amino acid transporter heavy chain SLC3A2"
"P08237","PFKM",-0.11,0.178,0.281,FALSE,FALSE,FALSE,0,"ATP-dependent 6-phosphofructokinase, muscle type"
"P08238","HSP90AB1",0.0819,0.305,0.421,FALSE,FALSE,FALSE,0,"Heat shock protein HSP 90-beta"
"P08240","SRPRA",0.279,0.00541,0.0212,FALSE,FALSE,FALSE,0,"Signal recognition particle receptor subunit alpha"
"P08243","ASNS",-0.0805,0.401,0.518,FALSE,FALSE,FALSE,0,"Asparagine synthetase [glutamine-hydrolyzing]"
"P08397","HMBS",-0.495,0.00107,0.00826,FALSE,FALSE,FALSE,0,"Porphobilinogen deaminase"
"P08559","PDHA1",0.512,0.00816,0.0277,FALSE,FALSE,FALSE,0,"Pyruvate dehydrogenase E1 component subunit alpha, somatic form, mitochondrial"
"P08574","CYC1",0.0698,0.488,0.601,FALSE,FALSE,FALSE,0,"Cytochrome c1, heme protein, mitochondrial"
"P08579","SNRPB2",-0.217,0.0546,0.114,FALSE,FALSE,FALSE,0,"U2 small nuclear ribonucleoprotein B''"
"P08621","SNRNP70",0.0695,0.391,0.509,FALSE,FALSE,FALSE,0,"U1 small nuclear ribonucleoprotein 70 kDa"
"P08651","NFIC",0.715,0.0025,0.0133,FALSE,FALSE,FALSE,0,"Nuclear factor 1 C-type"
"P08670","VIM",-0.869,0.000282,0.00429,FALSE,FALSE,FALSE,0,"Vimentin"
"P08708","RPS17",0.116,0.134,0.226,FALSE,FALSE,FALSE,0,"Small ribosomal subunit protein eS17"
"P08727","KRT19",0.272,0.0036,0.0166,FALSE,FALSE,FALSE,0,"Keratin, type I cytoskeletal 19"
"P08729","KRT7",0.548,5.33e-05,0.0019,FALSE,FALSE,FALSE,0,"Keratin, type II cytoskeletal 7"
"P08754","GNAI3",0.411,0.0336,0.079,FALSE,FALSE,FALSE,0,"Guanine nucleotide-binding protein G(i) subunit alpha-3"
"P08758","ANXA5",-0.629,0.0031,0.0152,FALSE,FALSE,FALSE,0,"Annexin A5"
"P08865","RPSA",0.0771,0.353,0.471,FALSE,FALSE,FALSE,0,"Small ribosomal subunit protein uS2"
"P09001","MRPL3",0.824,0.000139,0.00313,FALSE,FALSE,FALSE,0,"Large ribosomal subunit protein uL3m"
"P09012","SNRPA",0.142,0.146,0.242,FALSE,FALSE,FALSE,0,"U1 small nuclear ribonucleoprotein A"
"P09110","ACAA1",0.368,0.0146,0.0426,FALSE,FALSE,FALSE,0,"3-ketoacyl-CoA thiolase, peroxisomal"
"P09132","SRP19",-0.153,0.147,0.242,FALSE,FALSE,FALSE,0,"Signal recognition particle 19 kDa protein"
"P09211","GSTP1",-0.186,0.0342,0.08,FALSE,FALSE,FALSE,0,"Glutathione S-transferase P"
"P09234","SNRPC",0.345,0.0172,0.0478,FALSE,FALSE,FALSE,0,"U1 small nuclear ribonucleoprotein C"
"P09382","LGALS1",-0.35,0.0518,0.11,FALSE,FALSE,FALSE,0,"Galectin-1"
"P09417","QDPR",-0.0718,0.383,0.501,FALSE,FALSE,FALSE,0,"Dihydropteridine reductase"
"P09429","HMGB1",0.12,0.101,0.182,FALSE,FALSE,FALSE,0,"High mobility group protein B1"
"P09493","TPM1",0.388,0.00113,0.00858,FALSE,FALSE,FALSE,0,"Tropomyosin alpha-1 chain"
"P09496","CLTA",0.176,0.0874,0.163,FALSE,FALSE,FALSE,0,"Clathrin light chain A"
"P09497","CLTB",-0.054,0.622,0.719,FALSE,FALSE,FALSE,0,"Clathrin light chain B"
"P09525","ANXA4",-0.555,0.000741,0.00679,FALSE,FALSE,FALSE,0,"Annexin A4"
"P09543","CNP",0.0974,0.309,0.426,FALSE,FALSE,FALSE,0,"2',3'-cyclic-nucleotide 3'-phosphodiesterase"
"P09622","DLD",0.533,0.00514,0.0204,FALSE,FALSE,FALSE,0,"Dihydrolipoyl dehydrogenase, mitochondrial"
"P09651","HNRNPA1",-0.0214,0.816,0.871,FALSE,FALSE,FALSE,0,"Heterogeneous nuclear ribonucleoprotein A1"
"P09661","SNRPA1",-0.03,0.775,0.84,FALSE,FALSE,FALSE,0,"U2 small nuclear ribonucleoprotein A'"
"P09668","CTSH",0.725,0.000163,0.00331,FALSE,FALSE,FALSE,0,"Pro-cathepsin H"
"P09669","COX6C",0.284,0.0295,0.0717,FALSE,FALSE,FALSE,0,"Cytochrome c oxidase subunit 6C"
"P09874","PARP1",-0.00785,0.926,0.951,FALSE,FALSE,FALSE,0,"Poly [ADP-ribose] polymerase 1"
"P09960","LTA4H",-0.456,0.000417,0.00508,FALSE,FALSE,FALSE,0,"Leukotriene A-4 hydrolase"
"P09972","ALDOC",-0.549,0.000328,0.00449,FALSE,FALSE,FALSE,0,"Fructose-bisphosphate aldolase C"
"P0C0S5","H2AZ1",0.786,0.00444,0.0187,FALSE,FALSE,FALSE,0,"Histone H2A.Z"
"P0CG12","DERPC",-0.591,0.00208,0.0118,FALSE,FALSE,FALSE,0,"Decreased expression in renal and prostate cancer protein"
"P0DMV8","HSPA1A",-0.373,0.00114,0.00861,FALSE,FALSE,FALSE,0,"Heat shock 70 kDa protein 1A"
"P0DP23","CALM1",0.214,0.206,0.314,FALSE,FALSE,FALSE,0,"Calmodulin-1"
"P0DPB6","POLR1D",0.388,0.00508,0.0203,FALSE,FALSE,FALSE,0,"DNA-directed RNA polymerases I and III subunit RPAC2"
"P0DPI2","GATD3",0.217,0.152,0.249,FALSE,FALSE,FALSE,0,"Glutamine amidotransferase-like class 1 domain-containing protein 3, mitochondrial"
"P10155","RO60",-0.346,0.000978,0.00791,FALSE,FALSE,FALSE,0,"RNA-binding protein RO60"
"P10253","GAA",-0.609,0.000176,0.00339,FALSE,FALSE,FALSE,0,"Lysosomal alpha-glucosidase"
"P10301","RRAS",0.136,0.402,0.519,FALSE,FALSE,FALSE,0,"Ras-related protein R-Ras"
"P10321","HLA-C",0.184,0.0774,0.148,FALSE,FALSE,FALSE,0,"HLA class I histocompatibility antigen, C alpha chain"
"P10398","ARAF",-0.704,0.00412,0.0179,FALSE,FALSE,FALSE,0,"Serine/threonine-protein kinase A-Raf"
"P10412","H1-4",0.609,0.00131,0.00926,FALSE,FALSE,FALSE,0,"Histone H1.4"
"P10451","SPP1",-0.582,0.000185,0.00349,FALSE,FALSE,FALSE,0,"Osteopontin"
"P10515","DLAT",0.715,0.000563,0.006,FALSE,FALSE,FALSE,0,"Dihydrolipoyllysine-residue acetyltransferase component of pyruvate dehydrogenase complex, mitochondrial"
"P10586","PTPRF",0.254,0.123,0.211,FALSE,FALSE,FALSE,0,"Receptor-type tyrosine-protein phosphatase F"
"P10599","TXN",-0.157,0.0505,0.108,FALSE,FALSE,FALSE,0,"Thioredoxin"
"P10606","COX5B",0.387,0.0105,0.0333,FALSE,FALSE,FALSE,0,"Cytochrome c oxidase subunit 5B, mitochondrial"
"P10619","CTSA",-0.0178,0.875,0.914,FALSE,FALSE,FALSE,0,"Lysosomal protective protein"
"P10620","MGST1",0.597,0.00101,0.00803,FALSE,FALSE,FALSE,0,"Microsomal glutathione S-transferase 1"
"P10644","PRKAR1A",-0.252,0.0178,0.0491,FALSE,FALSE,FALSE,0,"cAMP-dependent protein kinase type I-alpha regulatory subunit"
"P10768","ESD",-0.26,0.0066,0.0242,FALSE,FALSE,FALSE,0,"S-formylglutathione hydrolase"
"P10809","HSPD1",0.791,3.7e-05,0.00165,FALSE,FALSE,FALSE,0,"60 kDa heat shock protein, mitochondrial"
"P10909","CLU",-1.03,0.00167,0.0105,FALSE,FALSE,FALSE,0,"Clusterin"
"P11021","HSPA5",0.523,0.000285,0.0043,FALSE,FALSE,FALSE,0,"Endoplasmic reticulum chaperone BiP"
"P11047","LAMC1",-4.14,0.00453,0.019,FALSE,FALSE,FALSE,0,"Laminin subunit gamma-1"
"P11117","ACP2",0.152,0.11,0.194,FALSE,FALSE,FALSE,0,"Lysosomal acid phosphatase"
"P11142","HSPA8",-0.0767,0.296,0.412,FALSE,FALSE,FALSE,0,"Heat shock cognate 71 kDa protein"
"P11172","UMPS",0.128,0.311,0.427,FALSE,FALSE,FALSE,0,"Uridine 5'-monophosphate synthase"
"P11177","PDHB",0.518,0.00753,0.0264,FALSE,FALSE,FALSE,0,"Pyruvate dehydrogenase E1 component subunit beta, mitochondrial"
"P11182","DBT",0.424,0.0297,0.0721,FALSE,FALSE,FALSE,0,"Lipoamide acyltransferase component of branched-chain alpha-keto acid dehydrogenase complex, mitochondrial"
"P11216","PYGB",-0.574,0.000142,0.00317,FALSE,FALSE,FALSE,0,"Glycogen phosphorylase, brain form"
"P11233","RALA",0.306,0.0422,0.0946,FALSE,FALSE,FALSE,0,"Ras-related protein Ral-A"
"P11234","RALB",0.549,0.0154,0.0443,FALSE,FALSE,FALSE,0,"Ras-related protein Ral-B"
"P11274","BCR",-0.214,0.194,0.301,FALSE,FALSE,FALSE,0,"Breakpoint cluster region protein"
"P11279","LAMP1",0.277,0.0514,0.11,FALSE,FALSE,FALSE,0,"Lysosome-associated membrane glycoprotein 1"
"P11310","ACADM",0.388,0.0478,0.104,FALSE,FALSE,FALSE,0,"Medium-chain specific acyl-CoA dehydrogenase, mitochondrial"
"P11388","TOP2A",0.513,0.000473,0.00554,FALSE,FALSE,FALSE,0,"DNA topoisomerase 2-alpha"
"P11413","G6PD",-0.691,5.17e-05,0.00189,FALSE,FALSE,FALSE,0,"Glucose-6-phosphate 1-dehydrogenase"
"P11441","UBL4A",0.154,0.183,0.287,FALSE,FALSE,FALSE,0,"Ubiquitin-like protein 4A"
"P11498","PC",0.876,0.000315,0.00445,FALSE,FALSE,FALSE,0,"Pyruvate carboxylase, mitochondrial"
"P11586","MTHFD1",-0.00687,0.921,0.948,FALSE,FALSE,FALSE,0,"C-1-tetrahydrofolate synthase, cytoplasmic"
"P11717","IGF2R",0.482,0.000363,0.00468,FALSE,FALSE,FALSE,0,"Cation-independent mannose-6-phosphate receptor"
"P11766","ADH5",-0.298,0.0058,0.0222,FALSE,FALSE,FALSE,0,"Alcohol dehydrogenase class-3"
"P11802","CDK4",-0.239,0.0534,0.113,FALSE,FALSE,FALSE,0,"Cyclin-dependent kinase 4"
"P11908","PRPS2",0.12,0.173,0.275,FALSE,FALSE,FALSE,0,"Ribose-phosphate pyrophosphokinase 2"
"P11940","PABPC1",0.126,0.103,0.184,FALSE,FALSE,FALSE,0,"Polyadenylate-binding protein 1"
"P12004","PCNA",0.244,0.0273,0.0674,FALSE,FALSE,FALSE,0,"DNA sliding clamp PCNA"
"P12074","COX6A1",-0.331,0.242,0.356,FALSE,FALSE,FALSE,0,"Cytochrome c oxidase subunit 6A1, mitochondrial"
"P12081","HARS1",-0.165,0.114,0.199,FALSE,FALSE,FALSE,0,"Histidine--tRNA ligase, cytoplasmic"
"P12109","COL6A1",-0.389,0.0148,0.0429,FALSE,FALSE,FALSE,0,"Collagen alpha-1(VI) chain"
"P12235","SLC25A4",0.393,0.084,0.158,FALSE,FALSE,FALSE,0,"ADP/ATP translocase 1"
"P12236","SLC25A6",0.579,0.00113,0.00858,FALSE,FALSE,FALSE,0,"ADP/ATP translocase 3"
"P12268","IMPDH2",0.273,0.00648,0.0239,FALSE,FALSE,FALSE,0,"Inosine-5'-monophosphate dehydrogenase 2"
"P12270","TPR",0.0769,0.274,0.388,FALSE,FALSE,FALSE,0,"Nucleoprotein TPR"
"P12429","ANXA3",0.157,0.0729,0.142,FALSE,FALSE,FALSE,0,"Annexin A3"
"P12694","BCKDHA",0.375,0.0245,0.0619,FALSE,FALSE,FALSE,0,"2-oxoisovalerate dehydrogenase subunit alpha, mitochondrial"
"P12814","ACTN1",0.00211,0.976,0.984,FALSE,FALSE,FALSE,0,"Alpha-actinin-1"
"P12830","CDH1",0.116,0.157,0.255,FALSE,FALSE,FALSE,0,"Cadherin-1"
"P12931","SRC",-0.0674,0.433,0.55,FALSE,FALSE,FALSE,0,"Proto-oncogene tyrosine-protein kinase Src"
"P12955","PEPD",-0.125,0.124,0.213,FALSE,FALSE,FALSE,0,"Xaa-Pro dipeptidase"
"P12956","XRCC6",0.116,0.145,0.24,FALSE,FALSE,FALSE,0,"DNA repair protein Ku70"
"P13010","XRCC5",0.13,0.11,0.194,FALSE,FALSE,FALSE,0,"DNA repair protein Ku80"
"P13051","UNG",0.0897,0.319,0.436,FALSE,FALSE,FALSE,0,"Uracil-DNA glycosylase"
"P13073","COX4I1",0.436,0.0014,0.00963,FALSE,FALSE,FALSE,0,"Cytochrome c oxidase subunit 4 isoform 1, mitochondrial"
"P13473","LAMP2",0.404,0.0555,0.116,FALSE,FALSE,FALSE,0,"Lysosome-associated membrane glycoprotein 2"
"P13489","RNH1",-0.144,0.144,0.239,FALSE,FALSE,FALSE,0,"Ribonuclease inhibitor"
"P13498","CYBA",-0.149,0.433,0.55,FALSE,FALSE,FALSE,0,"Cytochrome b-245 light chain"
"P13639","EEF2",-0.0841,0.267,0.38,FALSE,FALSE,FALSE,0,"Elongation factor 2"
"P13645","KRT10",-0.0226,0.964,0.976,FALSE,FALSE,FALSE,0,"Keratin, type I cytoskeletal 10"
"P13646","KRT13",0.885,3.84e-06,0.00064,FALSE,FALSE,FALSE,0,"Keratin, type I cytoskeletal 13"
"P13667","PDIA4",0.532,0.000722,0.0067,FALSE,FALSE,FALSE,0,"Protein disulfide-isomerase A4"
"P13674","P4HA1",-0.149,0.407,0.524,FALSE,FALSE,FALSE,0,"Prolyl 4-hydroxylase subunit alpha-1"
"P13693","TPT1",0.291,0.0114,0.0354,FALSE,FALSE,FALSE,0,"Translationally-controlled tumor protein"
"P13716","ALAD",-0.542,0.000211,0.00378,FALSE,FALSE,FALSE,0,"Delta-aminolevulinic acid dehydratase"
"P13796","LCP1",0.147,0.0791,0.151,FALSE,FALSE,FALSE,0,"Plastin-2"
"P13797","PLS3",0.577,4.71e-05,0.00183,FALSE,FALSE,FALSE,0,"Plastin-3"
"P13798","APEH",-0.193,0.0222,0.0576,FALSE,FALSE,FALSE,0,"Acylamino-acid-releasing enzyme"
"P13804","ETFA",0.626,0.000756,0.00688,FALSE,FALSE,FALSE,0,"Electron transfer flavoprotein subunit alpha, mitochondrial"
"P13807","GYS1",-0.395,0.00561,0.0216,FALSE,FALSE,FALSE,0,"Glycogen [starch] synthase, muscle"
"P13861","PRKAR2A",0.00873,0.914,0.942,FALSE,FALSE,FALSE,0,"cAMP-dependent protein kinase type II-alpha regulatory subunit"
"P13984","GTF2F2",-0.0577,0.525,0.634,FALSE,FALSE,FALSE,0,"General transcription factor IIF subunit 2"
"P13987","CD59",0.235,0.154,0.252,FALSE,FALSE,FALSE,0,"CD59 glycoprotein"
"P14091","CTSE",0.0432,0.594,0.695,FALSE,FALSE,FALSE,0,"Cathepsin E"
"P14174","MIF",-0.191,0.149,0.246,FALSE,FALSE,FALSE,0,"Macrophage migration inhibitory factor"
"P14314","PRKCSH",0.556,0.000667,0.0065,FALSE,FALSE,FALSE,0,"Glucosidase 2 subunit beta"
"P14324","FDPS",0.0627,0.591,0.694,FALSE,FALSE,FALSE,0,"Farnesyl pyrophosphate synthase"
"P14406","COX7A2",0.232,0.179,0.282,FALSE,FALSE,FALSE,0,"Cytochrome c oxidase subunit 7A2, mitochondrial"
"P14550","AKR1A1",-0.399,0.00326,0.0156,FALSE,FALSE,FALSE,0,"Aldo-keto reductase family 1 member A1"
"P14618","PKM",-0.28,0.00634,0.0235,FALSE,FALSE,FALSE,0,"Pyruvate kinase PKM"
"P14625","HSP90B1",0.547,0.000513,0.00571,FALSE,FALSE,FALSE,0,"Endoplasmin"
"P14635","CCNB1",0.326,0.0314,0.0752,FALSE,FALSE,FALSE,0,"G2/mitotic-specific cyclin-B1"
"P14678","SNRPB",0.21,0.0502,0.107,FALSE,FALSE,FALSE,0,"Small nuclear ribonucleoprotein-associated proteins B and B'"
"P14735","IDE",-0.0808,0.383,0.501,FALSE,FALSE,FALSE,0,"Insulin-degrading enzyme"
"P14854","COX6B1",0.317,0.0191,0.0515,FALSE,FALSE,FALSE,0,"Cytochrome c oxidase subunit 6B1"
"P14866","HNRNPL",0.0496,0.503,0.614,FALSE,FALSE,FALSE,0,"Heterogeneous nuclear ribonucleoprotein L"
"P14868","DARS1",-0.274,0.00598,0.0226,FALSE,FALSE,FALSE,0,"Aspartate--tRNA ligase, cytoplasmic"
"P14923","JUP",0.225,0.0179,0.0491,FALSE,FALSE,FALSE,0,"Junction plakoglobin"
"P14927","UQCRB",0.383,0.00506,0.0203,FALSE,FALSE,FALSE,0,"Cytochrome b-c1 complex subunit 7"
"P15121","AKR1B1",-0.329,0.00201,0.0115,FALSE,FALSE,FALSE,0,"Aldo-keto reductase family 1 member B1"
"P15153","RAC2",-0.113,0.318,0.434,FALSE,FALSE,FALSE,0,"Ras-related C3 botulinum toxin substrate 2"
"P15170","GSPT1",0.0534,0.47,0.586,FALSE,FALSE,FALSE,0,"Eukaryotic peptide chain release factor GTP-binding subunit ERF3A"
"P15289","ARSA",-0.138,0.17,0.271,FALSE,FALSE,FALSE,0,"Arylsulfatase A"
"P15291","B4GALT1",0.24,0.2,0.307,FALSE,FALSE,FALSE,0,"Beta-1,4-galactosyltransferase 1"
"P15311","EZR",0.448,0.000333,0.00453,FALSE,FALSE,FALSE,0,"Ezrin"
"P15374","UCHL3",-0.269,0.0201,0.0534,FALSE,FALSE,FALSE,0,"Ubiquitin carboxyl-terminal hydrolase isozyme L3"
"P15529","CD46",0.879,0.00033,0.00449,FALSE,FALSE,FALSE,0,"Membrane cofactor protein"
"P15531","NME1",-0.0801,0.506,0.617,FALSE,FALSE,FALSE,0,"Nucleoside diphosphate kinase A"
"P15586","GNS",0.127,0.23,0.341,FALSE,FALSE,FALSE,0,"N-acetylglucosamine-6-sulfatase"
"P15880","RPS2",-0.0971,0.364,0.483,FALSE,FALSE,FALSE,0,"Small ribosomal subunit protein uS5"
"P15924","DSP",0.0554,0.437,0.554,FALSE,FALSE,FALSE,0,"Desmoplakin"
"P15927","RPA2",-0.127,0.163,0.263,FALSE,FALSE,FALSE,0,"Replication protein A 32 kDa subunit"
"P15941","MUC1",-0.559,0.002,0.0115,FALSE,FALSE,FALSE,0,"Mucin-1"
"P15954","COX7C",0.419,0.0739,0.144,FALSE,FALSE,FALSE,0,"Cytochrome c oxidase subunit 7C, mitochondrial"
"P16070","CD44",0.368,0.00348,0.0163,FALSE,FALSE,FALSE,0,"CD44 antigen"
"P16104","H2AX",0.465,0.23,0.34,FALSE,FALSE,FALSE,0,"Histone H2AX"
"P16144","ITGB4",0.881,4.59e-05,0.00183,FALSE,FALSE,FALSE,0,"Integrin beta-4"
"P16152","CBR1",-0.397,0.000858,0.00728,FALSE,FALSE,FALSE,0,"Carbonyl reductase [NADPH] 1"
"P16219","ACADS",0.151,0.199,0.307,FALSE,FALSE,FALSE,0,"Short-chain specific acyl-CoA dehydrogenase, mitochondrial"
"P16220","CREB1",0.272,0.141,0.236,FALSE,FALSE,FALSE,0,"Cyclic AMP-responsive element-binding protein 1"
"P16278","GLB1",-0.0112,0.883,0.92,FALSE,FALSE,FALSE,0,"Beta-galactosidase"
"P16333","NCK1",-0.27,0.0235,0.0602,FALSE,FALSE,FALSE,0,"SH2/SH3 adapter protein NCK1"
"P16401","H1-5",0.791,0.000484,0.0056,FALSE,FALSE,FALSE,0,"Histone H1.5"
"P16402","H1-3",0.228,0.138,0.231,FALSE,FALSE,FALSE,0,"Histone H1.3"
"P16403","H1-2",0.296,0.0867,0.162,FALSE,FALSE,FALSE,0,"Histone H1.2"
"P16422","EPCAM",0.734,0.000509,0.00571,FALSE,FALSE,FALSE,0,"Epithelial cell adhesion molecule"
"P16435","POR",0.388,0.0018,0.0109,FALSE,FALSE,FALSE,0,"NADPH--cytochrome P450 reductase"
"P16615","ATP2A2",0.71,0.000149,0.00322,FALSE,FALSE,FALSE,0,"Sarcoplasmic/endoplasmic reticulum calcium ATPase 2"
"P16930","FAH",-0.379,0.00174,0.0108,FALSE,FALSE,FALSE,0,"Fumarylacetoacetase"
"P16949","STMN1",-0.0381,0.719,0.796,FALSE,FALSE,FALSE,0,"Stathmin"
"P16989","YBX3",-0.206,0.0184,0.05,FALSE,FALSE,FALSE,0,"Y-box-binding protein 3"
"P17028","ZNF24",0.176,0.482,0.596,FALSE,FALSE,FALSE,0,"Zinc finger protein 24"
"P17050","NAGA",0.0119,0.924,0.95,FALSE,FALSE,FALSE,0,"Alpha-N-acetylgalactosaminidase"
"P17096","HMGA1",0.0863,0.376,0.494,FALSE,FALSE,FALSE,0,"High mobility group protein HMG-I/HMG-Y"
"P17174","GOT1",-0.138,0.107,0.189,FALSE,FALSE,FALSE,0,"Aspartate aminotransferase, cytoplasmic"
"P17252","PRKCA",-0.243,0.139,0.233,FALSE,FALSE,FALSE,0,"Protein kinase C alpha type"
"P17275","JUNB",0.0897,0.387,0.505,FALSE,FALSE,FALSE,0,"Transcription factor JunB"
"P17480","UBTF",0.179,0.103,0.184,FALSE,FALSE,FALSE,0,"Nucleolar transcription factor 1"
"P17568","NDUFB7",0.015,0.894,0.928,FALSE,FALSE,FALSE,0,"NADH dehydrogenase [ubiquinone] 1 beta subcomplex subunit 7"
"P17612","PRKACA",-0.113,0.132,0.224,FALSE,FALSE,FALSE,0,"cAMP-dependent protein kinase catalytic subunit alpha"
"P17655","CAPN2",0.304,0.00298,0.0149,FALSE,FALSE,FALSE,0,"Calpain-2 catalytic subunit"
"P17706","PTPN2",0.0754,0.382,0.5,FALSE,FALSE,FALSE,0,"Tyrosine-protein phosphatase non-receptor type 2"
"P17812","CTPS1",0.235,0.0219,0.057,FALSE,FALSE,FALSE,0,"CTP synthase 1"
"P17844","DDX5",0.276,0.0111,0.0347,FALSE,FALSE,FALSE,0,"Probable ATP-dependent RNA helicase DDX5"
"P17858","PFKL",-0.357,0.000847,0.00723,FALSE,FALSE,FALSE,0,"ATP-dependent 6-phosphofructokinase, liver type"
"P17931","LGALS3",0.203,0.0327,0.0773,FALSE,FALSE,FALSE,0,"Galectin-3"
"P17980","PSMC3",-0.0448,0.53,0.639,FALSE,FALSE,FALSE,0,"26S proteasome regulatory subunit 6A"
"P17987","TCP1",-0.0267,0.689,0.774,FALSE,FALSE,FALSE,0,"T-complex protein 1 subunit alpha"
"P18031","PTPN1",0.332,0.00532,0.021,FALSE,FALSE,FALSE,0,"Tyrosine-protein phosphatase non-receptor type 1"
"P18077","RPL35A",0.195,0.0802,0.152,FALSE,FALSE,FALSE,0,"Large ribosomal subunit protein eL33"
"P18084","ITGB5",0.134,0.15,0.247,FALSE,FALSE,FALSE,0,"Integrin beta-5"
"P18085","ARF4",-0.158,0.164,0.264,FALSE,FALSE,FALSE,0,"ADP-ribosylation factor 4"
"P18124","RPL7",0.00213,0.986,0.99,FALSE,FALSE,FALSE,0,"Large ribosomal subunit protein uL30"
"P18206","VCL",0.0918,0.199,0.307,FALSE,FALSE,FALSE,0,"Vinculin"
"P18564","ITGB6",-0.0773,0.438,0.555,FALSE,FALSE,FALSE,0,"Integrin beta-6"
"P18583","SON",-0.141,0.209,0.318,FALSE,FALSE,FALSE,0,"Protein SON"
"P18615","NELFE",-0.154,0.0703,0.138,FALSE,FALSE,FALSE,0,"Negative elongation factor E"
"P18621","RPL17",0.0506,0.577,0.683,FALSE,FALSE,FALSE,0,"Large ribosomal subunit protein uL22"
"P18669","PGAM1",-0.252,0.0102,0.0325,FALSE,FALSE,FALSE,0,"Phosphoglycerate mutase 1"
"P18754","RCC1",0.676,0.00223,0.0123,FALSE,FALSE,FALSE,0,"Regulator of chromosome condensation"
"P18858","LIG1",0.0236,0.822,0.875,FALSE,FALSE,FALSE,0,"DNA ligase 1"
"P18859","ATP5PF",0.561,0.00489,0.02,FALSE,FALSE,FALSE,0,"ATP synthase peripheral stalk subunit F6, mitochondrial"
"P18887","XRCC1",-0.176,0.0771,0.148,FALSE,FALSE,FALSE,0,"DNA repair protein XRCC1"
"P19075","TSPAN8",-0.0181,0.914,0.942,FALSE,FALSE,FALSE,0,"Tetraspanin-8"
"P19224","UGT1A6",-0.155,0.317,0.434,FALSE,FALSE,FALSE,0,"UDP-glucuronosyltransferase 1A6"
"P19338","NCL",0.194,0.0201,0.0534,FALSE,FALSE,FALSE,0,"Nucleolin"
"P19367","HK1",0.0159,0.884,0.92,FALSE,FALSE,FALSE,0,"Hexokinase-1"
"P19387","POLR2C",0.612,0.000556,0.006,FALSE,FALSE,FALSE,0,"DNA-directed RNA polymerase II subunit RPB3"
"P19388","POLR2E",0.592,0.00292,0.0147,FALSE,FALSE,FALSE,0,"DNA-directed RNA polymerases I, II, and III subunit RPABC1"
"P19404","NDUFV2",-0.156,0.26,0.374,FALSE,FALSE,FALSE,0,"NADH dehydrogenase [ubiquinone] flavoprotein 2, mitochondrial"
"P19440","GGT1",-0.304,0.0741,0.144,FALSE,FALSE,FALSE,0,"Glutathione hydrolase 1 proenzyme"
"P19474","TRIM21",-0.462,0.00182,0.0109,FALSE,FALSE,FALSE,0,"E3 ubiquitin-protein ligase TRIM21"
"P19525","EIF2AK2",-0.176,0.0662,0.132,FALSE,FALSE,FALSE,0,"Interferon-induced, double-stranded RNA-activated protein kinase"
"P19623","SRM",0.213,0.0124,0.0378,FALSE,FALSE,FALSE,0,"Spermidine synthase"
"P19784","CSNK2A2",-0.0148,0.825,0.877,FALSE,FALSE,FALSE,0,"Casein kinase II subunit alpha'"
"P19838","NFKB1",0.0354,0.76,0.83,FALSE,FALSE,FALSE,0,"Nuclear factor NF-kappa-B p105 subunit"
"P20020","ATP2B1",0.465,0.00696,0.0249,FALSE,FALSE,FALSE,0,"Plasma membrane calcium-transporting ATPase 1"
"P20042","EIF2S2",-0.186,0.0462,0.101,FALSE,FALSE,FALSE,0,"Eukaryotic translation initiation factor 2 subunit 2"
"P20073","ANXA7",0.0553,0.521,0.631,FALSE,FALSE,FALSE,0,"Annexin A7"
"P20290","BTF3",0.0343,0.751,0.822,FALSE,FALSE,FALSE,0,"Transcription factor BTF3"
"P20338","RAB4A",-0.508,0.000481,0.00558,FALSE,FALSE,FALSE,0,"Ras-related protein Rab-4A"
"P20339","RAB5A",0.132,0.459,0.575,FALSE,FALSE,FALSE,0,"Ras-related protein Rab-5A"
"P20340","RAB6A",-0.0208,0.778,0.842,FALSE,FALSE,FALSE,0,"Ras-related protein Rab-6A"
"P20618","PSMB1",-0.235,0.0196,0.0526,FALSE,FALSE,FALSE,0,"Proteasome subunit beta type-1"
"P20645","M6PR",0.137,0.107,0.189,FALSE,FALSE,FALSE,0,"Cation-dependent mannose-6-phosphate receptor"
"P20674","COX5A",0.464,0.00241,0.013,FALSE,FALSE,FALSE,0,"Cytochrome c oxidase subunit 5A, mitochondrial"
"P20700","LMNB1",0.0845,0.247,0.361,FALSE,FALSE,FALSE,0,"Lamin-B1"
"P20810","CAST",-0.291,0.00439,0.0187,FALSE,FALSE,FALSE,0,"Calpastatin"
"P20839","IMPDH1",0.389,0.000795,0.00702,FALSE,FALSE,FALSE,0,"Inosine-5'-monophosphate dehydrogenase 1"
"P20936","RASA1",-0.185,0.0201,0.0534,FALSE,FALSE,FALSE,0,"Ras GTPase-activating protein 1"
"P21127","CDK11B",-0.194,0.0402,0.0916,FALSE,FALSE,FALSE,0,"Cyclin-dependent kinase 11B"
"P21266","GSTM3",-0.665,1.71e-05,0.00112,FALSE,FALSE,FALSE,0,"Glutathione S-transferase Mu 3"
"P21281","ATP6V1B2",0.203,0.0178,0.0491,FALSE,FALSE,FALSE,0,"V-type proton ATPase subunit B, brain isoform"
"P21283","ATP6V1C1",0.153,0.0874,0.163,FALSE,FALSE,FALSE,0,"V-type proton ATPase subunit C 1"
"P21291","CSRP1",-0.416,0.0014,0.00963,FALSE,FALSE,FALSE,0,"Cysteine and glycine-rich protein 1"
"P21333","FLNA",0.382,0.00052,0.00577,FALSE,FALSE,FALSE,0,"Filamin-A"
"P21399","ACO1",-0.165,0.0533,0.113,FALSE,FALSE,FALSE,0,"Cytoplasmic aconitate hydratase"
"P21589","NT5E",0.0113,0.959,0.974,FALSE,FALSE,FALSE,0,"5'-nucleotidase"
"P21796","VDAC1",0.627,0.000344,0.00454,FALSE,FALSE,FALSE,0,"Non-selective voltage-gated ion channel VDAC1"
"P21912","SDHB",-0.689,3.66e-05,0.00165,FALSE,FALSE,FALSE,0,"Succinate dehydrogenase [ubiquinone] iron-sulfur subunit, mitochondrial"
"P21953","BCKDHB",0.411,0.00619,0.0231,FALSE,FALSE,FALSE,0,"2-oxoisovalerate dehydrogenase subunit beta, mitochondrial"
"P21964","COMT",-0.174,0.0508,0.108,FALSE,FALSE,FALSE,0,"Catechol O-methyltransferase"
"P21980","TGM2",0.135,0.151,0.248,FALSE,FALSE,FALSE,0,"Protein-glutamine gamma-glutamyltransferase 2"
"P22033","MMUT",0.637,0.000564,0.006,FALSE,FALSE,FALSE,0,"Methylmalonyl-CoA mutase, mitochondrial"
"P22059","OSBP",-0.277,0.00503,0.0203,FALSE,FALSE,FALSE,0,"Oxysterol-binding protein 1"
"P22061","PCMT1",0.00989,0.904,0.935,FALSE,FALSE,FALSE,0,"Protein-L-isoaspartate(D-aspartate) O-methyltransferase"
"P22087","FBL",0.499,0.0166,0.0467,FALSE,FALSE,FALSE,0,"rRNA 2'-O-methyltransferase fibrillarin"
"P22102","GART",0.0214,0.768,0.835,FALSE,FALSE,FALSE,0,"Trifunctional purine biosynthetic protein adenosine-3"
"P22234","PAICS",0.0198,0.781,0.844,FALSE,FALSE,FALSE,0,"Bifunctional phosphoribosylaminoimidazole carboxylase/phosphoribosylaminoimidazole succinocarboxamide synthetase"
"P22307","SCP2",0.422,0.00811,0.0276,FALSE,FALSE,FALSE,0,"Sterol carrier protein 2"
"P22314","UBA1",-0.258,0.0069,0.0248,FALSE,FALSE,FALSE,0,"Ubiquitin-like modifier-activating enzyme 1"
"P22392","NME2",0.0181,0.846,0.894,FALSE,FALSE,FALSE,0,"Nucleoside diphosphate kinase B"
"P22570","FDXR",0.336,0.0315,0.0753,FALSE,FALSE,FALSE,0,"NADPH:adrenodoxin oxidoreductase, mitochondrial"
"P22626","HNRNPA2B1",0.048,0.553,0.661,FALSE,FALSE,FALSE,0,"Heterogeneous nuclear ribonucleoproteins A2/B1"
"P22676","CALB2",-0.177,0.145,0.24,FALSE,FALSE,FALSE,0,"Calretinin"
"P22695","UQCRC2",0.473,0.00509,0.0203,FALSE,FALSE,FALSE,0,"Cytochrome b-c1 complex subunit 2, mitochondrial"
"P23193","TCEA1",-0.0147,0.849,0.896,FALSE,FALSE,FALSE,0,"Transcription elongation factor A protein 1"
"P23229","ITGA6",0.509,0.00779,0.027,FALSE,FALSE,FALSE,0,"Integrin alpha-6"
"P23246","SFPQ",-0.0283,0.757,0.828,FALSE,FALSE,FALSE,0,"Splicing factor, proline- and glutamine-rich"
"P23258","TUBG1",-0.045,0.676,0.764,FALSE,FALSE,FALSE,0,"Tubulin gamma-1 chain"
"P23284","PPIB",0.383,0.00812,0.0276,FALSE,FALSE,FALSE,0,"Peptidyl-prolyl cis-trans isomerase B"
"P23368","ME2",0.595,0.00219,0.0122,FALSE,FALSE,FALSE,0,"NAD-dependent malic enzyme, mitochondrial"
"P23381","WARS1",-0.0156,0.884,0.92,FALSE,FALSE,FALSE,0,"Tryptophan--tRNA ligase, cytoplasmic"
"P23396","RPS3",-0.105,0.237,0.35,FALSE,FALSE,FALSE,0,"Small ribosomal subunit protein uS3"
"P23434","GCSH",0.751,0.000173,0.00339,FALSE,FALSE,FALSE,0,"Glycine cleavage system H protein, mitochondrial"
"P23526","AHCY",-0.000465,0.996,0.997,FALSE,FALSE,FALSE,0,"Adenosylhomocysteinase"
"P23528","CFL1",-0.215,0.0228,0.0587,FALSE,FALSE,FALSE,0,"Cofilin-1"
"P23588","EIF4B",-0.104,0.32,0.436,FALSE,FALSE,FALSE,0,"Eukaryotic translation initiation factor 4B"
"P23786","CPT2",0.287,0.0621,0.126,FALSE,FALSE,FALSE,0,"Carnitine O-palmitoyltransferase 2, mitochondrial"
"P23919","DTYMK",0.211,0.0236,0.0603,FALSE,FALSE,FALSE,0,"Thymidylate kinase"
"P23921","RRM1",0.0535,0.446,0.562,FALSE,FALSE,FALSE,0,"Ribonucleoside-diphosphate reductase large subunit"
"P24386","CHM",-0.381,0.255,0.369,FALSE,FALSE,FALSE,0,"Rab proteins geranylgeranyltransferase component A 1"
"P24468","NR2F2",0.0261,0.695,0.778,FALSE,FALSE,FALSE,0,"COUP transcription factor 2"
"P24534","EEF1B2",0.0444,0.563,0.669,FALSE,FALSE,FALSE,0,"Elongation factor 1-beta"
"P24539","ATP5PB",0.431,0.0191,0.0516,FALSE,FALSE,FALSE,0,"ATP synthase peripheral stalk subunit b, mitochondrial"
"P24557","TBXAS1",-1.61,0.00256,0.0135,FALSE,FALSE,FALSE,0,"Thromboxane-A synthase"
"P24666","ACP1",0.209,0.0425,0.0952,FALSE,FALSE,FALSE,0,"Low molecular weight phosphotyrosine protein phosphatase"
"P24752","ACAT1",0.499,0.00126,0.0091,FALSE,FALSE,FALSE,0,"Acetyl-CoA acetyltransferase, mitochondrial"
"P24928","POLR2A",0.689,0.00134,0.00938,FALSE,FALSE,FALSE,0,"DNA-directed RNA polymerase II subunit RPB1"
"P24941","CDK2",-0.0583,0.615,0.714,FALSE,FALSE,FALSE,0,"Cyclin-dependent kinase 2"
"P25098","GRK2",-0.315,0.00698,0.025,FALSE,FALSE,FALSE,0,"G protein-coupled receptor kinase 2"
"P25205","MCM3",-0.102,0.154,0.252,FALSE,FALSE,FALSE,0,"DNA replication licensing factor MCM3"
"P25208","NFYB",-0.341,0.134,0.226,FALSE,FALSE,FALSE,0,"Nuclear transcription factor Y subunit beta"
"P25325","MPST",-0.134,0.164,0.264,FALSE,FALSE,FALSE,0,"3-mercaptopyruvate sulfurtransferase"
"P25398","RPS12",-0.00636,0.939,0.961,FALSE,FALSE,FALSE,0,"Small ribosomal subunit protein eS12"
"P25440","BRD2",0.0684,0.462,0.578,FALSE,FALSE,FALSE,0,"Bromodomain-containing protein 2"
"P25490","YY1",0.155,0.469,0.585,FALSE,FALSE,FALSE,0,"Transcriptional repressor protein YY1"
"P25685","DNAJB1",-0.132,0.212,0.321,FALSE,FALSE,FALSE,0,"DnaJ homolog subfamily B member 1"
"P25705","ATP5F1A",0.551,0.00176,0.0108,FALSE,FALSE,FALSE,0,"ATP synthase F(1) complex subunit alpha, mitochondrial"
"P25774","CTSS",0.078,0.57,0.677,FALSE,FALSE,FALSE,0,"Cathepsin S"
"P25786","PSMA1",-0.114,0.178,0.281,FALSE,FALSE,FALSE,0,"Proteasome subunit alpha type-1"
"P25787","PSMA2",-0.118,0.166,0.266,FALSE,FALSE,FALSE,0,"Proteasome subunit alpha type-2"
"P25788","PSMA3",-0.116,0.23,0.341,FALSE,FALSE,FALSE,0,"Proteasome subunit alpha type-3"
"P25789","PSMA4",-0.139,0.0783,0.15,FALSE,FALSE,FALSE,0,"Proteasome subunit alpha type-4"
"P25815","S100P",-0.729,0.00155,0.0101,FALSE,FALSE,FALSE,0,"Protein S100-P"
"P26006","ITGA3",0.643,0.00121,0.00891,FALSE,FALSE,FALSE,0,"Integrin alpha-3"
"P26038","MSN",0.0586,0.459,0.575,FALSE,FALSE,FALSE,0,"Moesin"
"P26196","DDX6",-0.163,0.0566,0.117,FALSE,FALSE,FALSE,0,"Probable ATP-dependent RNA helicase DDX6"
"P26358","DNMT1",0.395,0.0188,0.051,FALSE,FALSE,FALSE,0,"DNA (cytosine-5)-methyltransferase 1"
"P26368","U2AF2",-0.0194,0.787,0.847,FALSE,FALSE,FALSE,0,"Splicing factor U2AF 65 kDa subunit"
"P26373","RPL13",0.093,0.342,0.459,FALSE,FALSE,FALSE,0,"Large ribosomal subunit protein eL13"
"P26440","IVD",0.33,0.101,0.182,FALSE,FALSE,FALSE,0,"Isovaleryl-CoA dehydrogenase, mitochondrial"
"P26583","HMGB2",-0.18,0.0471,0.103,FALSE,FALSE,FALSE,0,"High mobility group protein B2"
"P26599","PTBP1",-0.0755,0.321,0.437,FALSE,FALSE,FALSE,0,"Polypyrimidine tract-binding protein 1"
"P26639","TARS1",0.126,0.103,0.184,FALSE,FALSE,FALSE,0,"Threonine--tRNA ligase 1, cytoplasmic"
"P26640","VARS1",-0.134,0.0739,0.144,FALSE,FALSE,FALSE,0,"Valine--tRNA ligase"
"P26641","EEF1G",0.0587,0.429,0.548,FALSE,FALSE,FALSE,0,"Elongation factor 1-gamma"
"P26885","FKBP2",0.496,0.000347,0.00456,FALSE,FALSE,FALSE,0,"Peptidyl-prolyl cis-trans isomerase FKBP2"
"P27144","AK4",0.581,0.00839,0.0283,FALSE,FALSE,FALSE,0,"Adenylate kinase 4, mitochondrial"
"P27338","MAOB",0.0638,0.675,0.763,FALSE,FALSE,FALSE,0,"Amine oxidase [flavin-containing] B"
"P27348","YWHAQ",-0.0919,0.227,0.337,FALSE,FALSE,FALSE,0,"14-3-3 protein theta"
"P27361","MAPK3",0.000421,0.996,0.998,FALSE,FALSE,FALSE,0,"Mitogen-activated protein kinase 3"
"P27487","DPP4",-0.149,0.325,0.442,FALSE,FALSE,FALSE,0,"Dipeptidyl peptidase 4"
"P27635","RPL10",-0.0763,0.477,0.592,FALSE,FALSE,FALSE,0,"Large ribosomal subunit protein uL16"
"P27694","RPA1",-0.0137,0.838,0.887,FALSE,FALSE,FALSE,0,"Replication protein A 70 kDa DNA-binding subunit"
"P27695","APEX1",-0.327,0.00163,0.0104,FALSE,FALSE,FALSE,0,"DNA repair nuclease/redox regulator APEX1"
"P27707","DCK",-0.0137,0.843,0.891,FALSE,FALSE,FALSE,0,"Deoxycytidine kinase"
"P27708","CAD",-0.0174,0.814,0.87,FALSE,FALSE,FALSE,0,"Multifunctional protein CAD"
"P27797","CALR",0.672,5.16e-05,0.00189,FALSE,FALSE,FALSE,0,"Calreticulin"
"P27816","MAP4",-0.427,0.0014,0.00963,FALSE,FALSE,FALSE,0,"Microtubule-associated protein 4"
"P27824","CANX",0.566,0.00063,0.00634,FALSE,FALSE,FALSE,0,"Calnexin"
"P27986","PIK3R1",0.0125,0.874,0.913,FALSE,FALSE,FALSE,0,"Phosphatidylinositol 3-kinase regulatory subunit alpha"
"P28062","PSMB8",-0.354,0.00358,0.0166,FALSE,FALSE,FALSE,0,"Proteasome subunit beta type-8"
"P28065","PSMB9",-0.459,0.00271,0.014,FALSE,FALSE,FALSE,0,"Proteasome subunit beta type-9"
"P28066","PSMA5",-0.0336,0.737,0.811,FALSE,FALSE,FALSE,0,"Proteasome subunit alpha type-5"
"P28070","PSMB4",-0.211,0.0342,0.08,FALSE,FALSE,FALSE,0,"Proteasome subunit beta type-4"
"P28072","PSMB6",-0.149,0.136,0.228,FALSE,FALSE,FALSE,0,"Proteasome subunit beta type-6"
"P28074","PSMB5",0.00864,0.908,0.939,FALSE,FALSE,FALSE,0,"Proteasome subunit beta type-5"
"P28288","ABCD3",0.105,0.212,0.321,FALSE,FALSE,FALSE,0,"ATP-binding cassette sub-family D member 3"
"P28290","ITPRID2",-0.0952,0.295,0.41,FALSE,FALSE,FALSE,0,"Protein ITPRID2"
"P28331","NDUFS1",-0.335,0.00924,0.0305,FALSE,FALSE,FALSE,0,"NADH-ubiquinone oxidoreductase 75 kDa subunit, mitochondrial"
"P28347","TEAD1",0.265,0.0491,0.106,FALSE,FALSE,FALSE,0,"Transcriptional enhancer factor TEF-1"
"P28482","MAPK1",-0.0628,0.536,0.645,FALSE,FALSE,FALSE,0,"Mitogen-activated protein kinase 1"
"P28676","GCA",-0.222,0.0277,0.0682,FALSE,FALSE,FALSE,0,"Grancalcin"
"P28702","RXRB",-0.39,0.00184,0.0109,FALSE,FALSE,FALSE,0,"Retinoic acid receptor RXR-beta"
"P28799","GRN",-0.346,0.00213,0.0119,FALSE,FALSE,FALSE,0,"Progranulin"
"P28838","LAP3",0.192,0.0188,0.0509,FALSE,FALSE,FALSE,0,"Cytosol aminopeptidase"
"P29144","TPP2",-0.00309,0.965,0.976,FALSE,FALSE,FALSE,0,"Tripeptidyl-peptidase 2"
"P29218","IMPA1",-0.0693,0.432,0.549,FALSE,FALSE,FALSE,0,"Inositol monophosphatase 1"
"P29372","MPG",-0.317,0.0482,0.104,FALSE,FALSE,FALSE,0,"DNA-3-methyladenine glycosylase"
"P29401","TKT",-0.343,0.00184,0.0109,FALSE,FALSE,FALSE,0,"Transketolase"
"P29590","PML",-0.0578,0.471,0.587,FALSE,FALSE,FALSE,0,"Protein PML"
"P29692","EEF1D",0.369,0.00293,0.0147,FALSE,FALSE,FALSE,0,"Elongation factor 1-delta"
"P29966","MARCKS",0.0329,0.66,0.752,FALSE,FALSE,FALSE,0,"Myristoylated alanine-rich C-kinase substrate"
"P29992","GNA11",0.661,0.00126,0.0091,FALSE,FALSE,FALSE,0,"Guanine nucleotide-binding protein subunit alpha-11"
"P30038","ALDH4A1",0.199,0.171,0.273,FALSE,FALSE,FALSE,0,"Delta-1-pyrroline-5-carboxylate dehydrogenase, mitochondrial"
"P30040","ERP29",0.709,3.45e-05,0.00165,FALSE,FALSE,FALSE,0,"Endoplasmic reticulum resident protein 29"
"P30041","PRDX6",-0.101,0.195,0.302,FALSE,FALSE,FALSE,0,"Peroxiredoxin-6"
"P30043","BLVRB",-0.52,0.000536,0.00587,FALSE,FALSE,FALSE,0,"Flavin reductase (NADPH)"
"P30044","PRDX5",-0.065,0.584,0.688,FALSE,FALSE,FALSE,0,"Peroxiredoxin-5, mitochondrial"
"P30046","DDT",-0.571,0.000703,0.00669,FALSE,FALSE,FALSE,0,"D-dopachrome decarboxylase"
"P30048","PRDX3",0.538,0.00374,0.0171,FALSE,FALSE,FALSE,0,"Thioredoxin-dependent peroxide reductase, mitochondrial"
"P30049","ATP5F1D",0.66,0.00149,0.00994,FALSE,FALSE,FALSE,0,"ATP synthase F(1) complex subunit delta, mitochondrial"
"P30050","RPL12",0.00372,0.969,0.979,FALSE,FALSE,FALSE,0,"Large ribosomal subunit protein uL11"
"P30084","ECHS1",0.492,0.00651,0.024,FALSE,FALSE,FALSE,0,"Enoyl-CoA hydratase, mitochondrial"
"P30085","CMPK1",-0.493,0.00218,0.0122,FALSE,FALSE,FALSE,0,"UMP-CMP kinase"
"P30086","PEBP1",-0.409,0.00189,0.0111,FALSE,FALSE,FALSE,0,"Phosphatidylethanolamine-binding protein 1"
"P30101","PDIA3",0.489,0.00128,0.00915,FALSE,FALSE,FALSE,0,"Protein disulfide-isomerase A3"
"P30153","PPP2R1A",-0.0354,0.62,0.717,FALSE,FALSE,FALSE,0,"Serine/threonine-protein phosphatase 2A 65 kDa regulatory subunit A alpha isoform"
"P30154","PPP2R1B",0.0295,0.81,0.867,FALSE,FALSE,FALSE,0,"Serine/threonine-protein phosphatase 2A 65 kDa regulatory subunit A beta isoform"
"P30405","PPIF",0.955,4.7e-06,0.000651,FALSE,FALSE,FALSE,0,"Peptidyl-prolyl cis-trans isomerase F, mitochondrial"
"P30419","NMT1",-0.0939,0.208,0.316,FALSE,FALSE,FALSE,0,"Glycylpeptide N-tetradecanoyltransferase 1"
"P30519","HMOX2",0.206,0.0253,0.0635,FALSE,FALSE,FALSE,0,"Heme oxygenase 2"
"P30520","ADSS2",0.282,0.00523,0.0207,FALSE,FALSE,FALSE,0,"Adenylosuccinate synthetase isozyme 2"
"P30533","LRPAP1",0.665,4e-04,0.00489,FALSE,FALSE,FALSE,0,"Alpha-2-macroglobulin receptor-associated protein"
"P30536","TSPO",0.247,0.76,0.83,FALSE,FALSE,FALSE,0,"Translocator protein"
"P30566","ADSL",-0.0769,0.36,0.479,FALSE,FALSE,FALSE,0,"Adenylosuccinate lyase"
"P30622","CLIP1",0.597,0.00011,0.00284,FALSE,FALSE,FALSE,0,"CAP-Gly domain-containing linker protein 1"
"P30626","SRI",-0.00644,0.931,0.955,FALSE,FALSE,FALSE,0,"Sorcin"
"P30711","GSTT1",-0.757,7.07e-05,0.00233,FALSE,FALSE,FALSE,0,"Glutathione S-transferase theta-1"
"P30740","SERPINB1",-0.699,0.000298,0.00432,FALSE,FALSE,FALSE,0,"Leukocyte elastase inhibitor"
"P30825","SLC7A1",0.593,0.00252,0.0133,FALSE,FALSE,FALSE,0,"High affinity cationic amino acid transporter 1"
"P30837","ALDH1B1",0.603,0.000633,0.00634,FALSE,FALSE,FALSE,0,"Aldehyde dehydrogenase family 1 member B1, mitochondrial"
"P30876","POLR2B",0.403,0.0117,0.036,FALSE,FALSE,FALSE,0,"DNA-directed RNA polymerase II subunit RPB2"
"P31040","SDHA",0.147,0.138,0.231,FALSE,FALSE,FALSE,0,"Succinate dehydrogenase [ubiquinone] flavoprotein subunit, mitochondrial"
"P31146","CORO1A",0.725,0.000138,0.00313,FALSE,FALSE,FALSE,0,"Coronin-1A"
"P31150","GDI1",-0.116,0.32,0.437,FALSE,FALSE,FALSE,0,"Rab GDP dissociation inhibitor alpha"
"P31153","MAT2A",-0.115,0.176,0.279,FALSE,FALSE,FALSE,0,"S-adenosylmethionine synthase isoform type-2"
"P31350","RRM2",0.129,0.136,0.228,FALSE,FALSE,FALSE,0,"Ribonucleoside-diphosphate reductase subunit M2"
"P31483","TIA1",0.359,0.0275,0.0677,FALSE,FALSE,FALSE,0,"Cytotoxic granule associated RNA binding protein TIA1"
"P31689","DNAJA1",-0.093,0.27,0.383,FALSE,FALSE,FALSE,0,"DnaJ homolog subfamily A member 1"
"P31749","AKT1",-0.434,0.00129,0.00915,FALSE,FALSE,FALSE,0,"RAC-alpha serine/threonine-protein kinase"
"P31751","AKT2",-0.458,0.000495,0.00568,FALSE,FALSE,FALSE,0,"RAC-beta serine/threonine-protein kinase"
"P31930","UQCRC1",0.341,0.0137,0.0406,FALSE,FALSE,FALSE,0,"Cytochrome b-c1 complex subunit 1, mitochondrial"
"P31937","HIBADH",0.663,0.00245,0.0131,FALSE,FALSE,FALSE,0,"3-hydroxyisobutyrate dehydrogenase, mitochondrial"
"P31939","ATIC",-0.0193,0.784,0.846,FALSE,FALSE,FALSE,0,"Bifunctional purine biosynthesis protein ATIC"
"P31942","HNRNPH3",0.201,0.0178,0.0491,FALSE,FALSE,FALSE,0,"Heterogeneous nuclear ribonucleoprotein H3"
"P31943","HNRNPH1",0.0561,0.462,0.579,FALSE,FALSE,FALSE,0,"Heterogeneous nuclear ribonucleoprotein H"
"P31946","YWHAB",-0.0101,0.927,0.952,FALSE,FALSE,FALSE,0,"14-3-3 protein beta/alpha"
"P31947","SFN",0.365,0.00282,0.0143,FALSE,FALSE,FALSE,0,"14-3-3 protein sigma"
"P31948","STIP1",-0.00841,0.918,0.946,FALSE,FALSE,FALSE,0,"Stress-induced-phosphoprotein 1"
"P31949","S100A11",0.0795,0.6,0.701,FALSE,FALSE,FALSE,0,"Protein S100-A11"
"P32119","PRDX2",-0.0753,0.441,0.557,FALSE,FALSE,FALSE,0,"Peroxiredoxin-2"
"P32321","DCTD",-0.0185,0.793,0.851,FALSE,FALSE,FALSE,0,"Deoxycytidylate deaminase"
"P32322","PYCR1",0.762,0.000373,0.00473,FALSE,FALSE,FALSE,0,"Pyrroline-5-carboxylate reductase 1, mitochondrial"
"P32969","RPL9",-0.0204,0.882,0.92,FALSE,FALSE,FALSE,0,"Large ribosomal subunit protein uL6"
"P33121","ACSL1",0.551,0.000206,0.00377,FALSE,FALSE,FALSE,0,"Long-chain-fatty-acid--CoA ligase 1"
"P33176","KIF5B",-0.0896,0.2,0.307,FALSE,FALSE,FALSE,0,"Kinesin-1 heavy chain"
"P33240","CSTF2",0.0356,0.704,0.785,FALSE,FALSE,FALSE,0,"Cleavage stimulation factor subunit 2"
"P33316","DUT",0.13,0.265,0.379,FALSE,FALSE,FALSE,0,"Deoxyuridine 5'-triphosphate nucleotidohydrolase, mitochondrial"
"P33527","ABCC1",0.853,0.00032,0.00445,FALSE,FALSE,FALSE,0,"Multidrug resistance-associated protein 1"
"P33552","CKS2",0.158,0.0892,0.165,FALSE,FALSE,FALSE,0,"Cyclin-dependent kinases regulatory subunit 2"
"P33991","MCM4",-0.0342,0.634,0.728,FALSE,FALSE,FALSE,0,"DNA replication licensing factor MCM4"
"P33992","MCM5",-0.125,0.115,0.201,FALSE,FALSE,FALSE,0,"DNA replication licensing factor MCM5"
"P33993","MCM7",-0.0346,0.618,0.716,FALSE,FALSE,FALSE,0,"DNA replication licensing factor MCM7"
"P34896","SHMT1",-0.522,0.000212,0.00378,FALSE,FALSE,FALSE,0,"Serine hydroxymethyltransferase, cytosolic"
"P34897","SHMT2",0.651,0.000749,0.00686,FALSE,FALSE,FALSE,0,"Serine hydroxymethyltransferase, mitochondrial"
"P34932","HSPA4",-0.023,0.74,0.815,FALSE,FALSE,FALSE,0,"Heat shock 70 kDa protein 4"
"P35080","PFN2",-0.219,0.0307,0.074,FALSE,FALSE,FALSE,0,"Profilin-2"
"P35221","CTNNA1",0.109,0.265,0.379,FALSE,FALSE,FALSE,0,"Catenin alpha-1"
"P35222","CTNNB1",0.0109,0.906,0.937,FALSE,FALSE,FALSE,0,"Catenin beta-1"
"P35232","PHB1",0.525,0.00152,0.01,FALSE,FALSE,FALSE,0,"Prohibitin 1"
"P35237","SERPINB6",-0.79,4.22e-05,0.00176,FALSE,FALSE,FALSE,0,"Serpin B6"
"P35240","NF2",0.772,0.00025,0.00399,FALSE,FALSE,FALSE,0,"Merlin"
"P35241","RDX",0.292,0.0186,0.0505,FALSE,FALSE,FALSE,0,"Radixin"
"P35244","RPA3",0.0448,0.61,0.71,FALSE,FALSE,FALSE,0,"Replication protein A 14 kDa subunit"
"P35249","RFC4",-0.0383,0.668,0.757,FALSE,FALSE,FALSE,0,"Replication factor C subunit 4"
"P35250","RFC2",-0.191,0.135,0.228,FALSE,FALSE,FALSE,0,"Replication factor C subunit 2"
"P35251","RFC1",0.475,0.000311,0.00445,FALSE,FALSE,FALSE,0,"Replication factor C subunit 1"
"P35268","RPL22",0.216,0.0267,0.0661,FALSE,FALSE,FALSE,0,"Large ribosomal subunit protein eL22"
"P35269","GTF2F1",0.152,0.0689,0.136,FALSE,FALSE,FALSE,0,"General transcription factor IIF subunit 1"
"P35270","SPR",-0.226,0.115,0.2,FALSE,FALSE,FALSE,0,"Sepiapterin reductase"
"P35520","CBS",-0.213,0.0556,0.116,FALSE,FALSE,FALSE,0,"Cystathionine beta-synthase"
"P35527","KRT9",0.895,0.245,0.359,FALSE,FALSE,FALSE,0,"Keratin, type I cytoskeletal 9"
"P35573","AGL",-0.478,0.000341,0.00454,FALSE,FALSE,FALSE,0,"Glycogen debranching enzyme"
"P35579","MYH9",-0.00827,0.903,0.934,FALSE,FALSE,FALSE,0,"Myosin-9"
"P35580","MYH10",0.045,0.524,0.633,FALSE,FALSE,FALSE,0,"Myosin-10"
"P35606","COPB2",-0.156,0.0484,0.105,FALSE,FALSE,FALSE,0,"Coatomer subunit beta'"
"P35610","SOAT1",-0.105,0.246,0.36,FALSE,FALSE,FALSE,0,"Sterol O-acyltransferase 1"
"P35611","ADD1",-0.771,7.83e-06,0.000777,FALSE,FALSE,FALSE,0,"Alpha-adducin"
"P35613","BSG",0.629,0.00143,0.00977,FALSE,FALSE,FALSE,0,"Basigin"
"P35637","FUS",0.11,0.163,0.263,FALSE,FALSE,FALSE,0,"RNA-binding protein FUS"
"P35658","NUP214",-0.113,0.233,0.345,FALSE,FALSE,FALSE,0,"Nuclear pore complex protein Nup214"
"P35659","DEK",0.277,0.0241,0.0612,FALSE,FALSE,FALSE,0,"Protein DEK"
"P35680","HNF1B",-0.181,0.0937,0.172,FALSE,FALSE,FALSE,0,"Hepatocyte nuclear factor 1-beta"
"P35813","PPM1A",-0.264,0.0207,0.0545,FALSE,FALSE,FALSE,0,"Protein phosphatase 1A"
"P35869","AHR",-0.666,3.98e-05,0.00173,FALSE,FALSE,FALSE,0,"Aryl hydrocarbon receptor"
"P35908","KRT2",0.0296,0.961,0.975,FALSE,FALSE,FALSE,0,"Keratin, type II cytoskeletal 2 epidermal"
"P35914","HMGCL",0.31,0.0669,0.133,FALSE,FALSE,FALSE,0,"Hydroxymethylglutaryl-CoA lyase, mitochondrial"
"P35998","PSMC2",0.0636,0.38,0.498,FALSE,FALSE,FALSE,0,"26S proteasome regulatory subunit 7"
"P36404","ARL2",0.0513,0.574,0.681,FALSE,FALSE,FALSE,0,"ADP-ribosylation factor-like protein 2"
"P36405","ARL3",-0.446,0.0151,0.0437,FALSE,FALSE,FALSE,0,"ADP-ribosylation factor-like protein 3"
"P36507","MAP2K2",-0.0841,0.371,0.49,FALSE,FALSE,FALSE,0,"Dual specificity mitogen-activated protein kinase kinase 2"
"P36542","ATP5F1C",0.559,0.0117,0.0361,FALSE,FALSE,FALSE,0,"ATP synthase F(1) complex subunit gamma, mitochondrial"
"P36543","ATP6V1E1",-0.182,0.07,0.138,FALSE,FALSE,FALSE,0,"V-type proton ATPase subunit E 1"
"P36551","CPOX",0.669,0.00108,0.00832,FALSE,FALSE,FALSE,0,"Oxygen-dependent coproporphyrinogen-III oxidase, mitochondrial"
"P36578","RPL4",0.048,0.507,0.618,FALSE,FALSE,FALSE,0,"Large ribosomal subunit protein uL4"
"P36639","NUDT1",0.316,0.0245,0.0619,FALSE,FALSE,FALSE,0,"Oxidized purine nucleoside triphosphate hydrolase"
"P36776","LONP1",0.655,0.0039,0.0175,FALSE,FALSE,FALSE,0,"Lon protease homolog, mitochondrial"
"P36871","PGM1",-0.823,1.19e-05,0.000913,FALSE,FALSE,FALSE,0,"Phosphoglucomutase-1"
"P36873","PPP1CC",0.128,0.205,0.314,FALSE,FALSE,FALSE,0,"Serine/threonine-protein phosphatase PP1-gamma catalytic subunit"
"P36915","GNL1",-0.487,0.000227,0.00388,FALSE,FALSE,FALSE,0,"Guanine nucleotide-binding protein-like 1"
"P36952","SERPINB5",-0.0354,0.586,0.691,FALSE,FALSE,FALSE,0,"Serpin B5"
"P36954","POLR2I",0.548,0.00931,0.0307,FALSE,FALSE,FALSE,0,"DNA-directed RNA polymerase II subunit RPB9"
"P36957","DLST",0.55,0.00404,0.0179,FALSE,FALSE,FALSE,0,"Dihydrolipoyllysine-residue succinyltransferase component of 2-oxoglutarate dehydrogenase complex, mitochondrial"
"P37108","SRP14",-0.0804,0.371,0.49,FALSE,FALSE,FALSE,0,"Signal recognition particle 14 kDa protein"
"P37198","NUP62",0.065,0.425,0.543,FALSE,FALSE,FALSE,0,"Nuclear pore glycoprotein p62"
"P37802","TAGLN2",-0.202,0.0847,0.158,FALSE,FALSE,FALSE,0,"Transgelin-2"
"P37837","TALDO1",-0.394,0.000565,0.006,FALSE,FALSE,FALSE,0,"Transaldolase"
"P37840","SNCA",-0.633,0.00208,0.0118,FALSE,FALSE,FALSE,0,"Alpha-synuclein"
"P38117","ETFB",0.511,0.000952,0.00778,FALSE,FALSE,FALSE,0,"Electron transfer flavoprotein subunit beta"
"P38159","RBMX",-0.00479,0.96,0.974,FALSE,FALSE,FALSE,0,"RNA-binding motif protein, X chromosome"
"P38435","GGCX",0.744,0.0208,0.0546,FALSE,FALSE,FALSE,0,"Vitamin K-dependent gamma-carboxylase"
"P38606","ATP6V1A",0.0341,0.633,0.728,FALSE,FALSE,FALSE,0,"V-type proton ATPase catalytic subunit A"
"P38646","HSPA9",0.687,0.000328,0.00449,FALSE,FALSE,FALSE,0,"Stress-70 protein, mitochondrial"
"P38919","EIF4A3",0.0906,0.277,0.392,FALSE,FALSE,FALSE,0,"Eukaryotic initiation factor 4A-III"
"P39019","RPS19",0.219,0.048,0.104,FALSE,FALSE,FALSE,0,"Small ribosomal subunit protein eS19"
"P39023","RPL3",0.0769,0.314,0.431,FALSE,FALSE,FALSE,0,"Large ribosomal subunit protein uL3"
"P39060","COL18A1",-0.333,0.256,0.37,FALSE,FALSE,FALSE,0,"Collagen alpha-1(XVIII) chain"
"P39656","DDOST",0.41,0.0269,0.0665,FALSE,FALSE,FALSE,0,"Dolichyl-diphosphooligosaccharide--protein glycosyltransferase 48 kDa subunit"
"P39687","ANP32A",-0.36,0.00484,0.0199,FALSE,FALSE,FALSE,0,"Acidic leucine-rich nuclear phosphoprotein 32 family member A"
"P39748","FEN1",-0.193,0.0374,0.0862,FALSE,FALSE,FALSE,0,"Flap endonuclease 1"
"P40121","CAPG",-0.265,0.0269,0.0665,FALSE,FALSE,FALSE,0,"Macrophage-capping protein"
"P40222","TXLNA",-0.0256,0.812,0.868,FALSE,FALSE,FALSE,0,"Alpha-taxilin"
"P40227","CCT6A",0.0688,0.338,0.454,FALSE,FALSE,FALSE,0,"T-complex protein 1 subunit zeta"
"P40306","PSMB10",-0.591,0.018,0.0493,FALSE,FALSE,FALSE,0,"Proteasome subunit beta type-10"
"P40429","RPL13A",0.118,0.217,0.327,FALSE,FALSE,FALSE,0,"Large ribosomal subunit protein uL13"
"P40616","ARL1",-0.174,0.0545,0.114,FALSE,FALSE,FALSE,0,"ADP-ribosylation factor-like protein 1"
"P40692","MLH1",-0.355,0.0432,0.0964,FALSE,FALSE,FALSE,0,"DNA mismatch repair protein Mlh1"
"P40763","STAT3",-0.55,4.62e-05,0.00183,FALSE,FALSE,FALSE,0,"Signal transducer and activator of transcription 3"
"P40818","USP8",-0.14,0.256,0.37,FALSE,FALSE,FALSE,0,"Ubiquitin carboxyl-terminal hydrolase 8"
"P40925","MDH1",-0.384,0.00213,0.0119,FALSE,FALSE,FALSE,0,"Malate dehydrogenase, cytoplasmic"
"P40926","MDH2",0.652,0.000129,0.00305,FALSE,FALSE,FALSE,0,"Malate dehydrogenase, mitochondrial"
"P40937","RFC5",0.0236,0.718,0.795,FALSE,FALSE,FALSE,0,"Replication factor C subunit 5"
"P40938","RFC3",-0.00625,0.944,0.964,FALSE,FALSE,FALSE,0,"Replication factor C subunit 3"
"P40939","HADHA",0.426,0.014,0.0414,FALSE,FALSE,FALSE,0,"Trifunctional enzyme subunit alpha, mitochondrial"
"P41091","EIF2S3",-0.122,0.103,0.184,FALSE,FALSE,FALSE,0,"Eukaryotic translation initiation factor 2 subunit 3"
"P41134","ID1",-0.681,0.000692,0.00661,FALSE,FALSE,FALSE,0,"DNA-binding protein inhibitor ID-1"
"P41208","CETN2",-0.00257,0.98,0.987,FALSE,FALSE,FALSE,0,"Centrin-2"
"P41223","BUD31",-0.0366,0.783,0.845,FALSE,FALSE,FALSE,0,"Protein BUD31 homolog"
"P41227","NAA10",0.00358,0.957,0.973,FALSE,FALSE,FALSE,0,"N-alpha-acetyltransferase 10"
"P41236","PPP1R2",-0.339,0.00876,0.0293,FALSE,FALSE,FALSE,0,"Protein phosphatase inhibitor 2"
"P41240","CSK",-0.152,0.0702,0.138,FALSE,FALSE,FALSE,0,"Tyrosine-protein kinase CSK"
"P41250","GARS1",0.146,0.0608,0.124,FALSE,FALSE,FALSE,0,"Glycine--tRNA ligase"
"P41252","IARS1",-0.0992,0.164,0.264,FALSE,FALSE,FALSE,0,"Isoleucine--tRNA ligase, cytoplasmic"
"P41567","EIF1",0.0736,0.405,0.522,FALSE,FALSE,FALSE,0,"Eukaryotic translation initiation factor 1"
"P41743","PRKCI",0.109,0.216,0.326,FALSE,FALSE,FALSE,0,"Protein kinase C iota type"
"P42025","ACTR1B",-0.991,0.0421,0.0945,FALSE,FALSE,FALSE,0,"Beta-centractin"
"P42126","ECI1",0.529,0.0132,0.0395,FALSE,FALSE,FALSE,0,"Enoyl-CoA delta isomerase 1, mitochondrial"
"P42166","TMPO",0.119,0.19,0.296,FALSE,FALSE,FALSE,0,"Lamina-associated polypeptide 2, isoform alpha"
"P42167","TMPO",-0.104,0.436,0.553,FALSE,FALSE,FALSE,0,"Lamina-associated polypeptide 2, isoforms beta/gamma"
"P42224","STAT1",-0.391,0.00246,0.0131,FALSE,FALSE,FALSE,0,"Signal transducer and activator of transcription 1-alpha/beta"
"P42226","STAT6",-0.73,6.64e-06,0.000715,FALSE,FALSE,FALSE,0,"Signal transducer and activator of transcription 6"
"P42285","MTREX",0.0635,0.372,0.49,FALSE,FALSE,FALSE,0,"Exosome RNA helicase MTR4"
"P42330","AKR1C3",-0.811,1.05e-05,0.000848,FALSE,FALSE,FALSE,0,"Aldo-keto reductase family 1 member C3"
"P42345","MTOR",0.0368,0.824,0.876,FALSE,FALSE,FALSE,0,"Serine/threonine-protein kinase mTOR"
"P42566","EPS15",0.0782,0.398,0.516,FALSE,FALSE,FALSE,0,"Epidermal growth factor receptor substrate 15"
"P42574","CASP3",-0.0577,0.541,0.648,FALSE,FALSE,FALSE,0,"Caspase-3"
"P42677","RPS27",0.137,0.223,0.333,FALSE,FALSE,FALSE,0,"Small ribosomal subunit protein eS27"
"P42704","LRPPRC",0.724,0.000226,0.00388,FALSE,FALSE,FALSE,0,"Leucine-rich PPR motif-containing protein, mitochondrial"
"P42765","ACAA2",0.629,0.00299,0.0149,FALSE,FALSE,FALSE,0,"3-ketoacyl-CoA thiolase, mitochondrial"
"P42766","RPL35",0.337,0.00615,0.023,FALSE,FALSE,FALSE,0,"Large ribosomal subunit protein uL29"
"P42771","CDKN2A",-0.421,0.00725,0.0257,FALSE,FALSE,FALSE,0,"Cyclin-dependent kinase inhibitor 2A"
"P43005","SLC1A1",0.324,0.0618,0.125,FALSE,FALSE,FALSE,0,"Excitatory amino acid transporter 3"
"P43034","PAFAH1B1",0.237,0.0207,0.0546,FALSE,FALSE,FALSE,0,"Platelet-activating factor acetylhydrolase IB subunit beta"
"P43243","MATR3",-0.0948,0.194,0.302,FALSE,FALSE,FALSE,0,"Matrin-3"
"P43246","MSH2",-0.0494,0.473,0.588,FALSE,FALSE,FALSE,0,"DNA mismatch repair protein Msh2"
"P43304","GPD2",0.453,0.00952,0.0312,FALSE,FALSE,FALSE,0,"Glycerol-3-phosphate dehydrogenase, mitochondrial"
"P43307","SSR1",0.577,0.0155,0.0444,FALSE,FALSE,FALSE,0,"Translocon-associated protein subunit alpha"
"P43487","RANBP1",-0.00457,0.959,0.974,FALSE,FALSE,FALSE,0,"Ran-specific GTPase-activating protein"
"P43490","NAMPT",-0.182,0.0345,0.0806,FALSE,FALSE,FALSE,0,"Nicotinamide phosphoribosyltransferase"
"P43686","PSMC4",-0.0722,0.326,0.443,FALSE,FALSE,FALSE,0,"26S proteasome regulatory subunit 6B"
"P43897","TSFM",0.571,0.00302,0.0149,FALSE,FALSE,FALSE,0,"Elongation factor Ts, mitochondrial"
"P45880","VDAC2",0.691,0.000435,0.00521,FALSE,FALSE,FALSE,0,"Non-selective voltage-gated ion channel VDAC2"
"P45973","CBX5",-0.0364,0.646,0.74,FALSE,FALSE,FALSE,0,"Chromobox protein homolog 5"
"P45974","USP5",-0.276,0.00662,0.0242,FALSE,FALSE,FALSE,0,"Ubiquitin carboxyl-terminal hydrolase 5"
"P46013","MKI67",0.424,0.00117,0.00876,FALSE,FALSE,FALSE,0,"Proliferation marker protein Ki-67"
"P46060","RANGAP1",0.142,0.0807,0.153,FALSE,FALSE,FALSE,0,"Ran GTPase-activating protein 1"
"P46063","RECQL",-0.313,0.00321,0.0155,FALSE,FALSE,FALSE,0,"ATP-dependent DNA helicase Q1"
"P46087","NOP2",0.599,0.00408,0.0179,FALSE,FALSE,FALSE,0,"28S rRNA (cytosine(4447)-C(5))-methyltransferase"
"P46100","ATRX",-0.0764,0.588,0.692,FALSE,FALSE,FALSE,0,"Chromatin remodeler ATRX"
"P46108","CRK",-0.0512,0.626,0.722,FALSE,FALSE,FALSE,0,"Adapter molecule crk"
"P46109","CRKL",-0.253,0.00816,0.0277,FALSE,FALSE,FALSE,0,"Crk-like protein"
"P46199","MTIF2",0.518,0.00286,0.0144,FALSE,FALSE,FALSE,0,"Translation initiation factor IF-2, mitochondrial"
"P46379","BAG6",-0.00398,0.965,0.976,FALSE,FALSE,FALSE,0,"Large proline-rich protein BAG6"
"P46459","NSF",-0.0692,0.325,0.442,FALSE,FALSE,FALSE,0,"Vesicle-fusing ATPase"
"P46734","MAP2K3",-0.215,0.0555,0.116,FALSE,FALSE,FALSE,0,"Dual specificity mitogen-activated protein kinase kinase 3"
"P46736","BRCC3",-0.232,0.0284,0.0695,FALSE,FALSE,FALSE,0,"Lys-63-specific deubiquitinase BRCC36"
"P46776","RPL27A",0.106,0.312,0.428,FALSE,FALSE,FALSE,0,"Large ribosomal subunit protein uL15"
"P46777","RPL5",0.101,0.17,0.272,FALSE,FALSE,FALSE,0,"Large ribosomal subunit protein uL18"
"P46778","RPL21",0.106,0.337,0.454,FALSE,FALSE,FALSE,0,"Large ribosomal subunit protein eL21"
"P46779","RPL28",0.153,0.153,0.251,FALSE,FALSE,FALSE,0,"Large ribosomal subunit protein eL28"
"P46781","RPS9",-0.1,0.581,0.685,FALSE,FALSE,FALSE,0,"Small ribosomal subunit protein uS4"
"P46782","RPS5",-0.144,0.154,0.252,FALSE,FALSE,FALSE,0,"Small ribosomal subunit protein uS7"
"P46783","RPS10",-0.0346,0.656,0.748,FALSE,FALSE,FALSE,0,"Small ribosomal subunit protein eS10"
"P46926","GNPDA1",0.0431,0.519,0.63,FALSE,FALSE,FALSE,0,"Glucosamine-6-phosphate deaminase 1"
"P46937","YAP1",-0.339,0.00224,0.0123,FALSE,FALSE,FALSE,0,"Transcriptional coactivator YAP1"
"P46939","UTRN",0.263,0.0248,0.0624,FALSE,FALSE,FALSE,0,"Utrophin"
"P46940","IQGAP1",-0.3,0.00262,0.0138,FALSE,FALSE,FALSE,0,"Ras GTPase-activating-like protein IQGAP1"
"P46977","STT3A",0.368,0.00807,0.0276,FALSE,FALSE,FALSE,0,"Dolichyl-diphosphooligosaccharide--protein glycosyltransferase subunit STT3A"
"P47755","CAPZA2",-0.0251,0.748,0.821,FALSE,FALSE,FALSE,0,"F-actin-capping protein subunit alpha-2"
"P47756","CAPZB",0.156,0.0558,0.116,FALSE,FALSE,FALSE,0,"F-actin-capping protein subunit beta"
"P47813","EIF1AX",-0.0399,0.613,0.712,FALSE,FALSE,FALSE,0,"Eukaryotic translation initiation factor 1A, X-chromosomal"
"P47895","ALDH1A3",0.496,0.00126,0.0091,FALSE,FALSE,FALSE,0,"Retinaldehyde dehydrogenase 3"
"P47897","QARS1",-0.132,0.108,0.19,FALSE,FALSE,FALSE,0,"Glutamine--tRNA ligase"
"P47914","RPL29",0.0263,0.855,0.901,FALSE,FALSE,FALSE,0,"Large ribosomal subunit protein eL29"
"P47985","UQCRFS1",-0.198,0.0401,0.0915,FALSE,FALSE,FALSE,0,"Cytochrome b-c1 complex subunit Rieske, mitochondrial"
"P48047","ATP5PO",0.559,0.00407,0.0179,FALSE,FALSE,FALSE,0,"ATP synthase peripheral stalk subunit OSCP, mitochondrial"
"P48059","LIMS1",-0.139,0.0827,0.156,FALSE,FALSE,FALSE,0,"LIM and senescent cell antigen-like-containing domain protein 1"
"P48147","PREP",-0.322,0.00466,0.0193,FALSE,FALSE,FALSE,0,"Prolyl endopeptidase"
"P48163","ME1",-0.379,0.00431,0.0184,FALSE,FALSE,FALSE,0,"NADP-dependent malic enzyme"
"P48436","SOX9",-0.167,0.0819,0.155,FALSE,FALSE,FALSE,0,"Transcription factor SOX-9"
"P48444","ARCN1",-0.214,0.034,0.0797,FALSE,FALSE,FALSE,0,"Coatomer subunit delta"
"P48449","LSS",0.778,0.00149,0.00994,FALSE,FALSE,FALSE,0,"Lanosterol synthase"
"P48506","GCLC",-0.367,0.00274,0.014,FALSE,FALSE,FALSE,0,"Glutamate--cysteine ligase catalytic subunit"
"P48507","GCLM",-0.61,0.00777,0.0269,FALSE,FALSE,FALSE,0,"Glutamate--cysteine ligase regulatory subunit"
"P48509","CD151",0.342,0.0236,0.0602,FALSE,FALSE,FALSE,0,"CD151 antigen"
"P48556","PSMD8",-0.209,0.0167,0.0469,FALSE,FALSE,FALSE,0,"26S proteasome non-ATPase regulatory subunit 8"
"P48634","PRRC2A",-0.0129,0.893,0.927,FALSE,FALSE,FALSE,0,"Protein PRRC2A"
"P48637","GSS",0.0316,0.631,0.726,FALSE,FALSE,FALSE,0,"Glutathione synthetase"
"P48643","CCT5",0.0706,0.316,0.434,FALSE,FALSE,FALSE,0,"T-complex protein 1 subunit epsilon"
"P48729","CSNK1A1",-0.323,0.00394,0.0176,FALSE,FALSE,FALSE,0,"Casein kinase I isoform alpha"
"P48730","CSNK1D",-0.319,0.015,0.0435,FALSE,FALSE,FALSE,0,"Casein kinase I isoform delta"
"P48735","IDH2",0.47,0.00407,0.0179,FALSE,FALSE,FALSE,0,"Isocitrate dehydrogenase [NADP], mitochondrial"
"P48739","PITPNB",-2.2e-05,1,1,FALSE,FALSE,FALSE,0,"Phosphatidylinositol transfer protein beta isoform"
"P48960","ADGRE5",0.59,9.96e-05,0.00267,FALSE,FALSE,FALSE,0,"Adhesion G protein-coupled receptor E5"
"P49005","POLD2",-0.463,0.0172,0.0479,FALSE,FALSE,FALSE,0,"DNA polymerase delta subunit 2"
"P49006","MARCKSL1",-0.29,0.00329,0.0157,FALSE,FALSE,FALSE,0,"MARCKS-related protein"
"P49023","PXN",-0.044,0.513,0.624,FALSE,FALSE,FALSE,0,"Paxillin"
"P49189","ALDH9A1",0.0577,0.433,0.55,FALSE,FALSE,FALSE,0,"4-trimethylaminobutyraldehyde dehydrogenase"
"P49207","RPL34",0.26,0.125,0.214,FALSE,FALSE,FALSE,0,"Large ribosomal subunit protein eL34"
"P49247","RPIA",0.459,0.00103,0.00808,FALSE,FALSE,FALSE,0,"Ribose-5-phosphate isomerase"
"P49257","LMAN1",0.168,0.121,0.208,FALSE,FALSE,FALSE,0,"Protein ERGIC-53"
"P49321","NASP",-0.137,0.0975,0.177,FALSE,FALSE,FALSE,0,"Nuclear autoantigenic sperm protein"
"P49327","FASN",0.263,0.00725,0.0257,FALSE,FALSE,FALSE,0,"Fatty acid synthase"
"P49354","FNTA",-0.141,0.232,0.343,FALSE,FALSE,FALSE,0,"Protein farnesyltransferase/geranylgeranyltransferase type-1 subunit alpha"
"P49368","CCT3",-0.0536,0.481,0.596,FALSE,FALSE,FALSE,0,"T-complex protein 1 subunit gamma"
"P49406","MRPL19",0.633,0.00456,0.0191,FALSE,FALSE,FALSE,0,"Large ribosomal subunit protein bL19m"
"P49411","TUFM",0.538,0.000915,0.00758,FALSE,FALSE,FALSE,0,"Elongation factor Tu, mitochondrial"
"P49419","ALDH7A1",0.0681,0.431,0.549,FALSE,FALSE,FALSE,0,"Alpha-aminoadipic semialdehyde dehydrogenase"
"P49458","SRP9",-0.056,0.485,0.599,FALSE,FALSE,FALSE,0,"Signal recognition particle 9 kDa protein"
"P49585","PCYT1A",-0.194,0.0449,0.0989,FALSE,FALSE,FALSE,0,"Choline-phosphate cytidylyltransferase A"
"P49588","AARS1",-0.104,0.176,0.278,FALSE,FALSE,FALSE,0,"Alanine--tRNA ligase, cytoplasmic"
"P49589","CARS1",-0.185,0.14,0.234,FALSE,FALSE,FALSE,0,"Cysteine--tRNA ligase, cytoplasmic"
"P49590","HARS2",0.547,0.00972,0.0316,FALSE,FALSE,FALSE,0,"Histidine--tRNA ligase, mitochondrial"
"P49591","SARS1",-0.234,0.00774,0.0268,FALSE,FALSE,FALSE,0,"Serine--tRNA ligase, cytoplasmic"
"P49642","PRIM1",-0.0618,0.695,0.778,FALSE,FALSE,FALSE,0,"DNA primase small subunit"
"P49643","PRIM2",-0.867,0.0373,0.0859,FALSE,FALSE,FALSE,0,"DNA primase large subunit"
"P49662","CASP4",-0.2,0.0571,0.118,FALSE,FALSE,FALSE,0,"Caspase-4"
"P49711","CTCF",0.851,0.000827,0.00715,FALSE,FALSE,FALSE,0,"Transcriptional repressor CTCF"
"P49720","PSMB3",-0.109,0.194,0.301,FALSE,FALSE,FALSE,0,"Proteasome subunit beta type-3"
"P49721","PSMB2",-0.0717,0.352,0.47,FALSE,FALSE,FALSE,0,"Proteasome subunit beta type-2"
"P49736","MCM2",-0.0522,0.459,0.575,FALSE,FALSE,FALSE,0,"DNA replication licensing factor MCM2"
"P49748","ACADVL",0.534,0.00289,0.0146,FALSE,FALSE,FALSE,0,"Very long-chain acyl-CoA dehydrogenase, mitochondrial"
"P49750","YLPM1",-0.18,0.101,0.182,FALSE,FALSE,FALSE,0,"YLP motif-containing protein 1"
"P49753","ACOT2",0.337,0.0446,0.0985,FALSE,FALSE,FALSE,0,"Acyl-coenzyme A thioesterase 2, mitochondrial"
"P49755","TMED10",0.129,0.144,0.239,FALSE,FALSE,FALSE,0,"Transmembrane emp24 domain-containing protein 10"
"P49756","RBM25",0.0851,0.239,0.353,FALSE,FALSE,FALSE,0,"RNA-binding protein 25"
"P49757","NUMB",-0.166,0.047,0.103,FALSE,FALSE,FALSE,0,"Protein numb homolog"
"P49770","EIF2B2",-0.157,0.0553,0.115,FALSE,FALSE,FALSE,0,"Translation initiation factor eIF2B subunit beta"
"P49773","HINT1",-0.215,0.0177,0.0489,FALSE,FALSE,FALSE,0,"Adenosine 5'-monophosphoramidase HINT1"
"P49788","RARRES1",0.101,0.482,0.596,FALSE,FALSE,FALSE,0,"Retinoic acid receptor responder protein 1"
"P49790","NUP153",0.153,0.0685,0.136,FALSE,FALSE,FALSE,0,"Nuclear pore complex protein Nup153"
"P49792","RANBP2",-0.0402,0.579,0.684,FALSE,FALSE,FALSE,0,"E3 SUMO-protein ligase RanBP2"
"P49821","NDUFV1",-0.163,0.225,0.336,FALSE,FALSE,FALSE,0,"NADH dehydrogenase [ubiquinone] flavoprotein 1, mitochondrial"
"P49840","GSK3A",-0.0965,0.486,0.599,FALSE,FALSE,FALSE,0,"Glycogen synthase kinase-3 alpha"
"P49841","GSK3B",0.0801,0.258,0.372,FALSE,FALSE,FALSE,0,"Glycogen synthase kinase-3 beta"
"P49902","NT5C2",0.0349,0.643,0.737,FALSE,FALSE,FALSE,0,"Cytosolic purine 5'-nucleotidase"
"P49903","SEPHS1",-0.095,0.187,0.292,FALSE,FALSE,FALSE,0,"Zincore component SEPHS1"
"P49914","MTHFS",-0.0725,0.533,0.641,FALSE,FALSE,FALSE,0,"5-formyltetrahydrofolate cyclo-ligase"
"P49915","GMPS",0.0624,0.389,0.507,FALSE,FALSE,FALSE,0,"GMP synthase [glutamine-hydrolyzing]"
"P49916","LIG3",-0.0031,0.982,0.988,FALSE,FALSE,FALSE,0,"DNA ligase 3"
"P49959","MRE11",-0.333,0.00424,0.0182,FALSE,FALSE,FALSE,0,"Double-strand break repair protein MRE11"
"P50135","HNMT",-0.99,8.77e-06,0.000804,FALSE,FALSE,FALSE,0,"Histamine N-methyltransferase"
"P50148","GNAQ",0.3,0.0962,0.175,FALSE,FALSE,FALSE,0,"Guanine nucleotide-binding protein G(q) subunit alpha"
"P50213","IDH3A",0.762,0.000125,0.00305,FALSE,FALSE,FALSE,0,"Isocitrate dehydrogenase [NAD] subunit alpha, mitochondrial"
"P50395","GDI2",-0.138,0.0922,0.17,FALSE,FALSE,FALSE,0,"Rab GDP dissociation inhibitor beta"
"P50402","EMD",0.00234,0.98,0.987,FALSE,FALSE,FALSE,0,"Emerin"
"P50416","CPT1A",0.323,0.0349,0.0813,FALSE,FALSE,FALSE,0,"Carnitine O-palmitoyltransferase 1, liver isoform"
"P50453","SERPINB9",0.108,0.205,0.313,FALSE,FALSE,FALSE,0,"Serpin B9"
"P50454","SERPINH1",0.328,0.0114,0.0354,FALSE,FALSE,FALSE,0,"Serpin H1"
"P50502","ST13",-0.123,0.164,0.264,FALSE,FALSE,FALSE,0,"Hsc70-interacting protein"
"P50552","VASP",0.108,0.208,0.316,FALSE,FALSE,FALSE,0,"Vasodilator-stimulated phosphoprotein"
"P50570","DNM2",-0.123,0.151,0.248,FALSE,FALSE,FALSE,0,"Dynamin-2"
"P50579","METAP2",0.463,0.00135,0.00941,FALSE,FALSE,FALSE,0,"Methionine aminopeptidase 2"
"P50583","NUDT2",-0.386,0.00948,0.0311,FALSE,FALSE,FALSE,0,"Bis(5'-nucleosyl)-tetraphosphatase [asymmetrical]"
"P50748","KNTC1",-0.361,0.0486,0.105,FALSE,FALSE,FALSE,0,"Kinetochore-associated protein 1"
"P50851","LRBA",-0.433,0.000311,0.00445,FALSE,FALSE,FALSE,0,"Lipopolysaccharide-responsive and beige-like anchor protein"
"P50897","PPT1",0.0749,0.486,0.599,FALSE,FALSE,FALSE,0,"Palmitoyl-protein thioesterase 1"
"P50914","RPL14",0.269,0.0154,0.0442,FALSE,FALSE,FALSE,0,"Large ribosomal subunit protein eL14"
"P50990","CCT8",0.0795,0.264,0.378,FALSE,FALSE,FALSE,0,"T-complex protein 1 subunit theta"
"P50991","CCT4",-0.00626,0.931,0.955,FALSE,FALSE,FALSE,0,"T-complex protein 1 subunit delta"
"P50995","ANXA11",0.222,0.0544,0.114,FALSE,FALSE,FALSE,0,"Annexin A11"
"P51003","PAPOLA",-0.195,0.213,0.321,FALSE,FALSE,FALSE,0,"Poly(A) polymerase alpha"
"P51114","FXR1",0.0184,0.831,0.882,FALSE,FALSE,FALSE,0,"RNA-binding protein FXR1"
"P51116","FXR2",0.275,0.0838,0.157,FALSE,FALSE,FALSE,0,"RNA-binding protein FXR2"
"P51148","RAB5C",0.291,0.00299,0.0149,FALSE,FALSE,FALSE,0,"Ras-related protein Rab-5C"
"P51149","RAB7A",0.392,0.00399,0.0178,FALSE,FALSE,FALSE,0,"Ras-related protein Rab-7a"
"P51151","RAB9A",0.481,0.00121,0.00891,FALSE,FALSE,FALSE,0,"Ras-related protein Rab-9A"
"P51153","RAB13",-0.128,0.329,0.446,FALSE,FALSE,FALSE,0,"Ras-related protein Rab-13"
"P51398","DAP3",0.614,0.0117,0.036,FALSE,FALSE,FALSE,0,"Small ribosomal subunit protein mS29"
"P51452","DUSP3",-0.306,0.00712,0.0253,FALSE,FALSE,FALSE,0,"Dual specificity protein phosphatase 3"
"P51532","SMARCA4",0.175,0.254,0.369,FALSE,FALSE,FALSE,0,"SWI/SNF-related matrix-associated actin-dependent regulator of chromatin subfamily A member 4"
"P51553","IDH3G",0.658,0.00158,0.0102,FALSE,FALSE,FALSE,0,"Isocitrate dehydrogenase [NAD] subunit gamma, mitochondrial"
"P51570","GALK1",-0.34,0.00503,0.0203,FALSE,FALSE,FALSE,0,"Galactokinase"
"P51571","SSR4",0.594,0.000865,0.00729,FALSE,FALSE,FALSE,0,"Translocon-associated protein subunit delta"
"P51572","BCAP31",0.155,0.204,0.313,FALSE,FALSE,FALSE,0,"B-cell receptor-associated protein 31"
"P51580","TPMT",-0.333,0.00182,0.0109,FALSE,FALSE,FALSE,0,"Thiopurine S-methyltransferase"
"P51608","MECP2",-0.0661,0.629,0.724,FALSE,FALSE,FALSE,0,"Methyl-CpG-binding protein 2"
"P51610","HCFC1",-0.133,0.14,0.234,FALSE,FALSE,FALSE,0,"Host cell factor 1"
"P51617","IRAK1",-0.252,0.0395,0.0903,FALSE,FALSE,FALSE,0,"Interleukin-1 receptor-associated kinase 1"
"P51648","ALDH3A2",-0.0542,0.675,0.763,FALSE,FALSE,FALSE,0,"Aldehyde dehydrogenase family 3 member A2"
"P51649","ALDH5A1",0.351,0.00937,0.0308,FALSE,FALSE,FALSE,0,"Succinate-semialdehyde dehydrogenase, mitochondrial"
"P51659","HSD17B4",0.456,0.00269,0.0139,FALSE,FALSE,FALSE,0,"Peroxisomal multifunctional enzyme type 2"
"P51665","PSMD7",-0.0642,0.363,0.481,FALSE,FALSE,FALSE,0,"26S proteasome non-ATPase regulatory subunit 7"
"P51692","STAT5B",-0.46,0.00282,0.0143,FALSE,FALSE,FALSE,0,"Signal transducer and activator of transcription 5B"
"P51790","CLCN3",0.293,0.0582,0.12,FALSE,FALSE,FALSE,0,"H(+)/Cl(-) exchange transporter 3"
"P51812","RPS6KA3",-0.18,0.0474,0.103,FALSE,FALSE,FALSE,0,"Ribosomal protein S6 kinase alpha-3"
"P51858","HDGF",-0.331,0.00132,0.00931,FALSE,FALSE,FALSE,0,"Hepatoma-derived growth factor"
"P51970","NDUFA8",0.0429,0.771,0.837,FALSE,FALSE,FALSE,0,"NADH dehydrogenase [ubiquinone] 1 alpha subcomplex subunit 8"
"P51991","HNRNPA3",-0.0569,0.45,0.567,FALSE,FALSE,FALSE,0,"Heterogeneous nuclear ribonucleoprotein A3"
"P52209","PGD",-0.438,0.000818,0.00712,FALSE,FALSE,FALSE,0,"6-phosphogluconate dehydrogenase, decarboxylating"
"P52272","HNRNPM",-0.134,0.103,0.183,FALSE,FALSE,FALSE,0,"Heterogeneous nuclear ribonucleoprotein M"
"P52292","KPNA2",0.554,0.00128,0.00915,FALSE,FALSE,FALSE,0,"Importin subunit alpha-1"
"P52294","KPNA1",0.176,0.0732,0.142,FALSE,FALSE,FALSE,0,"Importin subunit alpha-5"
"P52298","NCBP2",0.0836,0.258,0.372,FALSE,FALSE,FALSE,0,"Nuclear cap-binding protein subunit 2"
"P52306","RAP1GDS1",-0.00494,0.962,0.975,FALSE,FALSE,FALSE,0,"Rap1 GTPase-GDP dissociation stimulator 1"
"P52434","POLR2H",0.126,0.0967,0.176,FALSE,FALSE,FALSE,0,"DNA-directed RNA polymerases I, II, and III subunit RPABC3"
"P52435","POLR2J",0.571,0.00411,0.0179,FALSE,FALSE,FALSE,0,"DNA-directed RNA polymerase II subunit RPB11-a"
"P52565","ARHGDIA",-0.169,0.148,0.245,FALSE,FALSE,FALSE,0,"Rho GDP-dissociation inhibitor 1"
"P52594","AGFG1",-0.251,0.135,0.228,FALSE,FALSE,FALSE,0,"Arf-GAP domain and FG repeat-containing protein 1"
"P52597","HNRNPF",-0.084,0.278,0.393,FALSE,FALSE,FALSE,0,"Heterogeneous nuclear ribonucleoprotein F"
"P52630","STAT2",-0.553,0.00157,0.0102,FALSE,FALSE,FALSE,0,"Signal transducer and activator of transcription 2"
"P52701","MSH6",0.0663,0.52,0.631,FALSE,FALSE,FALSE,0,"DNA mismatch repair protein Msh6"
"P52732","KIF11",0.378,0.0729,0.142,FALSE,FALSE,FALSE,0,"Kinesin-like protein KIF11"
"P52735","VAV2",-0.101,0.405,0.522,FALSE,FALSE,FALSE,0,"Guanine nucleotide exchange factor VAV2"
"P52758","RIDA",0.349,0.0127,0.0383,FALSE,FALSE,FALSE,0,"2-iminobutanoate/2-iminopropanoate deaminase"
"P52788","SMS",0.0949,0.287,0.403,FALSE,FALSE,FALSE,0,"Spermine synthase"
"P52789","HK2",-0.131,0.173,0.275,FALSE,FALSE,FALSE,0,"Hexokinase-2"
"P52815","MRPL12",0.84,0.000759,0.00689,FALSE,FALSE,FALSE,0,"Large ribosomal subunit protein bL12m"
"P52888","THOP1",0.0282,0.711,0.79,FALSE,FALSE,FALSE,0,"Thimet oligopeptidase"
"P52907","CAPZA1",0.0559,0.473,0.588,FALSE,FALSE,FALSE,0,"F-actin-capping protein subunit alpha-1"
"P52926","HMGA2",0.514,0.0699,0.138,FALSE,FALSE,FALSE,0,"High mobility group protein HMGI-C"
"P52943","CRIP2",-0.84,3.54e-05,0.00165,FALSE,FALSE,FALSE,0,"Cysteine-rich protein 2"
"P52948","NUP98",0.179,0.0441,0.0977,FALSE,FALSE,FALSE,0,"Nuclear pore complex protein Nup98-Nup96"
"P53004","BLVRA",-0.519,0.000192,0.00359,FALSE,FALSE,FALSE,0,"Biliverdin reductase A"
"P53007","SLC25A1",0.356,0.134,0.226,FALSE,FALSE,FALSE,0,"Tricarboxylate transport protein, mitochondrial"
"P53041","PPP5C",-0.19,0.0195,0.0523,FALSE,FALSE,FALSE,0,"Serine/threonine-protein phosphatase 5"
"P53350","PLK1",0.382,0.0119,0.0365,FALSE,FALSE,FALSE,0,"Serine/threonine-protein kinase PLK1"
"P53365","ARFIP2",-0.188,0.106,0.188,FALSE,FALSE,FALSE,0,"Arfaptin-2"
"P53367","ARFIP1",-0.393,0.000945,0.00777,FALSE,FALSE,FALSE,0,"Arfaptin-1"
"P53384","NUBP1",-0.0773,0.486,0.599,FALSE,FALSE,FALSE,0,"Cytosolic Fe-S cluster assembly factor NUBP1"
"P53396","ACLY",0.124,0.109,0.192,FALSE,FALSE,FALSE,0,"ATP-citrate synthase"
"P53582","METAP1",-0.0979,0.229,0.34,FALSE,FALSE,FALSE,0,"Methionine aminopeptidase 1"
"P53597","SUCLG1",0.392,0.00237,0.0129,FALSE,FALSE,FALSE,0,"Succinate--CoA ligase [ADP/GDP-forming] subunit alpha, mitochondrial"
"P53602","MVD",0.432,0.000949,0.00778,FALSE,FALSE,FALSE,0,"Diphosphomevalonate decarboxylase"
"P53618","COPB1",-0.226,0.0155,0.0444,FALSE,FALSE,FALSE,0,"Coatomer subunit beta"
"P53621","COPA",-0.159,0.0644,0.129,FALSE,FALSE,FALSE,0,"Coatomer subunit alpha"
"P53634","CTSC",-0.643,7.57e-05,0.0024,FALSE,FALSE,FALSE,0,"Dipeptidyl peptidase 1"
"P53680","AP2S1",-0.0927,0.279,0.393,FALSE,FALSE,FALSE,0,"AP-2 complex subunit sigma"
"P53701","HCCS",0.47,0.00768,0.0268,FALSE,FALSE,FALSE,0,"Holocytochrome c-type synthase"
"P53985","SLC16A1",0.122,0.323,0.44,FALSE,FALSE,FALSE,0,"Monocarboxylate transporter 1"
"P53990","IST1",-0.352,0.00573,0.022,FALSE,FALSE,FALSE,0,"IST1 homolog"
"P53992","SEC24C",-0.305,0.00169,0.0106,FALSE,FALSE,FALSE,0,"Protein transport protein Sec24C"
"P53999","SUB1",-0.023,0.786,0.847,FALSE,FALSE,FALSE,0,"Activated RNA polymerase II transcriptional coactivator p15"
"P54105","CLNS1A",-0.183,0.1,0.18,FALSE,FALSE,FALSE,0,"Methylosome subunit pICln"
"P54136","RARS1",-0.13,0.103,0.183,FALSE,FALSE,FALSE,0,"Arginine--tRNA ligase, cytoplasmic"
"P54577","YARS1",0.0042,0.954,0.97,FALSE,FALSE,FALSE,0,"Tyrosine--tRNA ligase, cytoplasmic"
"P54578","USP14",-0.0863,0.247,0.361,FALSE,FALSE,FALSE,0,"Ubiquitin carboxyl-terminal hydrolase 14"
"P54619","PRKAG1",-0.174,0.102,0.182,FALSE,FALSE,FALSE,0,"5'-AMP-activated protein kinase subunit gamma-1"
"P54652","HSPA2",-0.265,0.0656,0.131,FALSE,FALSE,FALSE,0,"Heat shock-related 70 kDa protein 2"
"P54725","RAD23A",-0.25,0.103,0.183,FALSE,FALSE,FALSE,0,"Lysine-specific demethylase RAD23A"
"P54727","RAD23B",-0.173,0.0526,0.111,FALSE,FALSE,FALSE,0,"Lysine-specific demethylase RAD23B"
"P54802","NAGLU",-0.107,0.254,0.369,FALSE,FALSE,FALSE,0,"Alpha-N-acetylglucosaminidase"
"P54819","AK2",0.362,0.0198,0.0531,FALSE,FALSE,FALSE,0,"Adenylate kinase 2, mitochondrial"
"P54886","ALDH18A1",0.594,0.0025,0.0133,FALSE,FALSE,FALSE,0,"Delta-1-pyrroline-5-carboxylate synthase"
"P54920","NAPA",-0.168,0.0961,0.175,FALSE,FALSE,FALSE,0,"Alpha-soluble NSF attachment protein"
"P55010","EIF5",-0.354,0.00133,0.00937,FALSE,FALSE,FALSE,0,"Eukaryotic translation initiation factor 5"
"P55036","PSMD4",-0.114,0.221,0.331,FALSE,FALSE,FALSE,0,"26S proteasome non-ATPase regulatory subunit 4"
"P55039","DRG2",-0.237,0.0703,0.138,FALSE,FALSE,FALSE,0,"Developmentally-regulated GTP-binding protein 2"
"P55060","CSE1L",-0.0697,0.431,0.549,FALSE,FALSE,FALSE,0,"Exportin-2"
"P55072","VCP",-0.236,0.00773,0.0268,FALSE,FALSE,FALSE,0,"Transitional endoplasmic reticulum ATPase"
"P55081","MFAP1",0.145,0.304,0.42,FALSE,FALSE,FALSE,0,"Microfibrillar-associated protein 1"
"P55084","HADHB",0.358,0.0328,0.0775,FALSE,FALSE,FALSE,0,"Trifunctional enzyme subunit beta, mitochondrial"
"P55145","MANF",0.755,0.000335,0.00454,FALSE,FALSE,FALSE,0,"Mesencephalic astrocyte-derived neurotrophic factor"
"P55196","AFDN",0.0913,0.21,0.318,FALSE,FALSE,FALSE,0,"Afadin"
"P55209","NAP1L1",0.0826,0.255,0.369,FALSE,FALSE,FALSE,0,"Nucleosome assembly protein 1-like 1"
"P55210","CASP7",-0.377,0.00159,0.0103,FALSE,FALSE,FALSE,0,"Caspase-7"
"P55212","CASP6",-0.0669,0.521,0.631,FALSE,FALSE,FALSE,0,"Caspase-6"
"P55263","ADK",-0.126,0.137,0.231,FALSE,FALSE,FALSE,0,"Adenosine kinase"
"P55265","ADAR",-0.249,0.0192,0.0517,FALSE,FALSE,FALSE,0,"Double-stranded RNA-specific adenosine deaminase"
"P55327","TPD52",-0.4,0.000678,0.00654,FALSE,FALSE,FALSE,0,"Tumor protein D52"
"P55735","SEC13",-0.108,0.17,0.271,FALSE,FALSE,FALSE,0,"Protein SEC13 homolog"
"P55769","SNU13",0.448,0.00649,0.0239,FALSE,FALSE,FALSE,0,"NHP2-like protein 1"
"P55786","NPEPPS",-0.0171,0.797,0.854,FALSE,FALSE,FALSE,0,"Puromycin-sensitive aminopeptidase"
"P55795","HNRNPH2",-0.311,0.0064,0.0237,FALSE,FALSE,FALSE,0,"Heterogeneous nuclear ribonucleoprotein H2"
"P55809","OXCT1",0.764,3.68e-05,0.00165,FALSE,FALSE,FALSE,0,"Succinyl-CoA:3-ketoacid coenzyme A transferase 1, mitochondrial"
"P55884","EIF3B",-0.0228,0.779,0.842,FALSE,FALSE,FALSE,0,"Eukaryotic translation initiation factor 3 subunit B"
"P55957","BID",-0.0361,0.725,0.801,FALSE,FALSE,FALSE,0,"BH3-interacting domain death agonist"
"P56134","ATP5MF",0.459,0.01,0.0324,FALSE,FALSE,FALSE,0,"ATP synthase F(0) complex subunit f, mitochondrial"
"P56182","RRP1",0.387,0.00873,0.0292,FALSE,FALSE,FALSE,0,"Ribosomal RNA processing protein 1 homolog A"
"P56192","MARS1",-0.0484,0.467,0.584,FALSE,FALSE,FALSE,0,"Methionine--tRNA ligase, cytoplasmic"
"P56211","ARPP19",0.022,0.877,0.916,FALSE,FALSE,FALSE,0,"cAMP-regulated phosphoprotein 19"
"P56270","MAZ",0.144,0.134,0.227,FALSE,FALSE,FALSE,0,"Myc-associated zinc finger protein"
"P56378","ATP5MJ",0.356,0.0628,0.126,FALSE,FALSE,FALSE,0,"ATP synthase F(0) complex subunit j, mitochondrial"
"P56385","ATP5ME",0.684,0.00407,0.0179,FALSE,FALSE,FALSE,0,"ATP synthase F(0) complex subunit e, mitochondrial"
"P56470","LGALS4",-0.653,0.00267,0.0139,FALSE,FALSE,FALSE,0,"Galectin-4"
"P56537","EIF6",0.142,0.188,0.293,FALSE,FALSE,FALSE,0,"Eukaryotic translation initiation factor 6"
"P56545","CTBP2",-0.0192,0.816,0.871,FALSE,FALSE,FALSE,0,"C-terminal-binding protein 2"
"P56556","NDUFA6",0.158,0.247,0.361,FALSE,FALSE,FALSE,0,"NADH dehydrogenase [ubiquinone] 1 alpha subcomplex subunit 6"
"P56945","BCAR1",-0.14,0.357,0.475,FALSE,FALSE,FALSE,0,"Breast cancer anti-estrogen resistance protein 1"
"P57081","WDR4",0.0532,0.647,0.74,FALSE,FALSE,FALSE,0,"tRNA (guanine-N(7)-)-methyltransferase non-catalytic subunit WDR4"
"P57729","RAB38",-0.361,0.0276,0.0679,FALSE,FALSE,FALSE,0,"Ras-related protein Rab-38"
"P57735","RAB25",-0.585,0.00116,0.00872,FALSE,FALSE,FALSE,0,"Ras-related protein Rab-25"
"P57740","NUP107",0.0851,0.373,0.491,FALSE,FALSE,FALSE,0,"Nuclear pore complex protein Nup107"
"P57764","GSDMD",-0.634,1.58e-05,0.00108,FALSE,FALSE,FALSE,0,"Gasdermin-D"
"P57772","EEFSEC",-0.226,0.0103,0.0329,FALSE,FALSE,FALSE,0,"Selenocysteine-specific elongation factor"
"P58107","EPPK1",0.274,0.0031,0.0152,FALSE,FALSE,FALSE,0,"Epiplakin"
"P58546","MTPN",-0.328,0.00565,0.0217,FALSE,FALSE,FALSE,0,"Myotrophin"
"P59998","ARPC4",-0.151,0.205,0.314,FALSE,FALSE,FALSE,0,"Actin-related protein 2/3 complex subunit 4"
"P60174","TPI1",-0.408,0.00592,0.0225,FALSE,FALSE,FALSE,0,"Triosephosphate isomerase"
"P60228","EIF3E",-0.0429,0.614,0.713,FALSE,FALSE,FALSE,0,"Eukaryotic translation initiation factor 3 subunit E"
"P60468","SEC61B",0.0863,0.572,0.679,FALSE,FALSE,FALSE,0,"Protein transport protein Sec61 subunit beta"
"P60510","PPP4C",-0.0726,0.475,0.59,FALSE,FALSE,FALSE,0,"Serine/threonine-protein phosphatase 4 catalytic subunit"
"P60520","GABARAPL2",0.959,0.00274,0.014,FALSE,FALSE,FALSE,0,"Gamma-aminobutyric acid receptor-associated protein-like 2"
"P60604","UBE2G2",0.361,0.00361,0.0167,FALSE,FALSE,FALSE,0,"Ubiquitin-conjugating enzyme E2 G2"
"P60660","MYL6",-0.0335,0.663,0.754,FALSE,FALSE,FALSE,0,"Myosin light polypeptide 6"
"P60842","EIF4A1",-0.0299,0.713,0.791,FALSE,FALSE,FALSE,0,"Eukaryotic initiation factor 4A-I"
"P60866","RPS20",0.0767,0.363,0.481,FALSE,FALSE,FALSE,0,"Small ribosomal subunit protein uS10"
"P60891","PRPS1",0.049,0.679,0.767,FALSE,FALSE,FALSE,0,"Ribose-phosphate pyrophosphokinase 1"
"P60900","PSMA6",-0.0322,0.697,0.78,FALSE,FALSE,FALSE,0,"Proteasome subunit alpha type-6"
"P60903","S100A10",0.695,1.54e-05,0.00108,FALSE,FALSE,FALSE,0,"Protein S100-A10"
"P60953","CDC42",-0.0973,0.33,0.447,FALSE,FALSE,FALSE,0,"Cell division control protein 42 homolog"
"P60981","DSTN",0.0246,0.77,0.837,FALSE,FALSE,FALSE,0,"Destrin"
"P60983","GMFB",-0.209,0.042,0.0944,FALSE,FALSE,FALSE,0,"Glia maturation factor beta"
"P61006","RAB8A",0.196,0.227,0.338,FALSE,FALSE,FALSE,0,"Ras-related protein Rab-8A"
"P61009","SPCS3",0.585,0.00679,0.0244,FALSE,FALSE,FALSE,0,"Signal peptidase complex subunit 3"
"P61011","SRP54",-0.63,9.05e-05,0.00258,FALSE,FALSE,FALSE,0,"Signal recognition particle subunit SRP54"
"P61019","RAB2A",0.0679,0.411,0.529,FALSE,FALSE,FALSE,0,"Ras-related protein Rab-2A"
"P61020","RAB5B",-0.231,0.0983,0.178,FALSE,FALSE,FALSE,0,"Ras-related protein Rab-5B"
"P61024","CKS1B",0.348,0.00376,0.0171,FALSE,FALSE,FALSE,0,"Cyclin-dependent kinases regulatory subunit 1"
"P61026","RAB10",0.169,0.166,0.266,FALSE,FALSE,FALSE,0,"Ras-related protein Rab-10"
"P61077","UBE2D3",-0.0676,0.516,0.627,FALSE,FALSE,FALSE,0,"Ubiquitin-conjugating enzyme E2 D3"
"P61081","UBE2M",-0.0932,0.313,0.43,FALSE,FALSE,FALSE,0,"NEDD8-conjugating enzyme Ubc12"
"P61086","UBE2K",0.0534,0.616,0.714,FALSE,FALSE,FALSE,0,"Ubiquitin-conjugating enzyme E2 K"
"P61088","UBE2N",0.0111,0.898,0.93,FALSE,FALSE,FALSE,0,"Ubiquitin-conjugating enzyme E2 N"
"P61106","RAB14",0.0149,0.852,0.898,FALSE,FALSE,FALSE,0,"Ras-related protein Rab-14"
"P61158","ACTR3",-0.0316,0.663,0.754,FALSE,FALSE,FALSE,0,"Actin-related protein 3"
"P61160","ACTR2",-0.0758,0.256,0.37,FALSE,FALSE,FALSE,0,"Actin-related protein 2"
"P61163","ACTR1A",-0.0485,0.494,0.606,FALSE,FALSE,FALSE,0,"Alpha-centractin"
"P61201","COPS2",-0.0951,0.282,0.397,FALSE,FALSE,FALSE,0,"COP9 signalosome complex subunit 2"
"P61218","POLR2F",0.352,0.00322,0.0155,FALSE,FALSE,FALSE,0,"DNA-directed RNA polymerases I, II, and III subunit RPABC2"
"P61221","ABCE1",-0.427,0.00198,0.0114,FALSE,FALSE,FALSE,0,"ATP-binding cassette sub-family E member 1"
"P61224","RAP1B",0.408,0.0319,0.0758,FALSE,FALSE,FALSE,0,"Ras-related protein Rap-1b"
"P61225","RAP2B",0.566,0.00375,0.0171,FALSE,FALSE,FALSE,0,"Ras-related protein Rap-2b"
"P61247","RPS3A",0.111,0.166,0.266,FALSE,FALSE,FALSE,0,"Small ribosomal subunit protein eS1"
"P61254","RPL26",0.137,0.193,0.3,FALSE,FALSE,FALSE,0,"Large ribosomal subunit protein uL24"
"P61289","PSME3",0.0369,0.706,0.786,FALSE,FALSE,FALSE,0,"Proteasome activator complex subunit 3"
"P61313","RPL15",-0.117,0.274,0.388,FALSE,FALSE,FALSE,0,"Large ribosomal subunit protein eL15"
"P61353","RPL27",0.194,0.0263,0.0653,FALSE,FALSE,FALSE,0,"Large ribosomal subunit protein eL27"
"P61421","ATP6V0D1",0.377,0.00269,0.0139,FALSE,FALSE,FALSE,0,"V-type proton ATPase subunit d 1"
"P61457","PCBD1",-0.581,0.182,0.286,FALSE,FALSE,FALSE,0,"Pterin-4-alpha-carbinolamine dehydratase"
"P61513","RPL37A",0.0799,0.396,0.514,FALSE,FALSE,FALSE,0,"Large ribosomal subunit protein eL43"
"P61586","RHOA",-0.00155,0.984,0.989,FALSE,FALSE,FALSE,0,"Transforming protein RhoA"
"P61599","NAA20",-0.0464,0.756,0.826,FALSE,FALSE,FALSE,0,"N-alpha-acetyltransferase 20"
"P61619","SEC61A1",0.484,0.00467,0.0194,FALSE,FALSE,FALSE,0,"Protein transport protein Sec61 subunit alpha isoform 1"
"P61758","VBP1",-0.126,0.146,0.242,FALSE,FALSE,FALSE,0,"Prefoldin subunit 3"
"P61769","B2M",0.396,0.0407,0.0924,FALSE,FALSE,FALSE,0,"Beta-2-microglobulin"
"P61803","DAD1",0.321,0.0943,0.172,FALSE,FALSE,FALSE,0,"Dolichyl-diphosphooligosaccharide--protein glycosyltransferase subunit DAD1"
"P61916","NPC2",0.676,0.000235,0.00391,FALSE,FALSE,FALSE,0,"NPC intracellular cholesterol transporter 2"
"P61923","COPZ1",-0.254,0.0293,0.0712,FALSE,FALSE,FALSE,0,"Coatomer subunit zeta-1"
"P61956","SUMO2",-0.82,0.0146,0.0426,FALSE,FALSE,FALSE,0,"Small ubiquitin-related modifier 2"
"P61960","UFM1",0.13,0.497,0.61,FALSE,FALSE,FALSE,0,"Ubiquitin-fold modifier 1"
"P61964","WDR5",0.198,0.0648,0.13,FALSE,FALSE,FALSE,0,"WD repeat-containing protein 5"
"P61966","AP1S1",-0.464,0.00168,0.0105,FALSE,FALSE,FALSE,0,"AP-1 complex subunit sigma-1A"
"P61970","NUTF2",-0.0665,0.387,0.505,FALSE,FALSE,FALSE,0,"Nuclear transport factor 2"
"P61978","HNRNPK",-0.173,0.066,0.132,FALSE,FALSE,FALSE,0,"Heterogeneous nuclear ribonucleoprotein K"
"P61981","YWHAG",-0.273,0.0175,0.0486,FALSE,FALSE,FALSE,0,"14-3-3 protein gamma"
"P62070","RRAS2",0.55,0.00103,0.00807,FALSE,FALSE,FALSE,0,"Ras-related protein R-Ras2"
"P62072","TIMM10",0.788,0.000229,0.00388,FALSE,FALSE,FALSE,0,"Mitochondrial import inner membrane translocase subunit Tim10"
"P62081","RPS7",0.0367,0.708,0.787,FALSE,FALSE,FALSE,0,"Small ribosomal subunit protein eS7"
"P62136","PPP1CA",0.11,0.196,0.303,FALSE,FALSE,FALSE,0,"Serine/threonine-protein phosphatase PP1-alpha catalytic subunit"
"P62140","PPP1CB",0.0346,0.674,0.763,FALSE,FALSE,FALSE,0,"Serine/threonine-protein phosphatase PP1-beta catalytic subunit"
"P62191","PSMC1",-0.0388,0.7,0.782,FALSE,FALSE,FALSE,0,"26S proteasome regulatory subunit 4"
"P62195","PSMC5",-0.0614,0.444,0.561,FALSE,FALSE,FALSE,0,"26S proteasome regulatory subunit 8"
"P62241","RPS8",0.243,0.0166,0.0467,FALSE,FALSE,FALSE,0,"Small ribosomal subunit protein eS8"
"P62244","RPS15A",0.0762,0.522,0.632,FALSE,FALSE,FALSE,0,"Small ribosomal subunit protein uS8"
"P62249","RPS16",-0.000859,0.994,0.996,FALSE,FALSE,FALSE,0,"Small ribosomal subunit protein uS9"
"P62256","UBE2H",0.0267,0.895,0.928,FALSE,FALSE,FALSE,0,"Ubiquitin-conjugating enzyme E2 H"
"P62258","YWHAE",-0.201,0.0187,0.0508,FALSE,FALSE,FALSE,0,"14-3-3 protein epsilon"
"P62263","RPS14",0.118,0.18,0.283,FALSE,FALSE,FALSE,0,"Small ribosomal subunit protein uS11"
"P62266","RPS23",-0.0107,0.914,0.942,FALSE,FALSE,FALSE,0,"Small ribosomal subunit protein uS12"
"P62269","RPS18",-0.0946,0.286,0.402,FALSE,FALSE,FALSE,0,"Small ribosomal subunit protein uS13"
"P62273","RPS29",-0.138,0.284,0.399,FALSE,FALSE,FALSE,0,"Small ribosomal subunit protein uS14"
"P62277","RPS13",-0.033,0.761,0.83,FALSE,FALSE,FALSE,0,"Small ribosomal subunit protein uS15"
"P62280","RPS11",0.0996,0.178,0.281,FALSE,FALSE,FALSE,0,"Small ribosomal subunit protein uS17"
"P62304","SNRPE",-0.00608,0.951,0.969,FALSE,FALSE,FALSE,0,"Small nuclear ribonucleoprotein E"
"P62306","SNRPF",0.117,0.146,0.242,FALSE,FALSE,FALSE,0,"Small nuclear ribonucleoprotein F"
"P62310","LSM3",-0.0758,0.526,0.635,FALSE,FALSE,FALSE,0,"U6 snRNA-associated Sm-like protein LSm3"
"P62312","LSM6",-0.164,0.255,0.369,FALSE,FALSE,FALSE,0,"U6 snRNA-associated Sm-like protein LSm6"
"P62314","SNRPD1",-0.153,0.187,0.292,FALSE,FALSE,FALSE,0,"Small nuclear ribonucleoprotein Sm D1"
"P62316","SNRPD2",0.00987,0.9,0.932,FALSE,FALSE,FALSE,0,"Small nuclear ribonucleoprotein Sm D2"
"P62318","SNRPD3",0.0115,0.912,0.942,FALSE,FALSE,FALSE,0,"Small nuclear ribonucleoprotein Sm D3"
"P62328","TMSB4X",0.0383,0.715,0.792,FALSE,FALSE,FALSE,0,"Thymosin beta-4"
"P62330","ARF6",0.248,0.128,0.219,FALSE,FALSE,FALSE,0,"ADP-ribosylation factor 6"
"P62333","PSMC6",-0.0747,0.339,0.456,FALSE,FALSE,FALSE,0,"26S proteasome regulatory subunit 10B"
"P62341","SELENOT",-0.263,0.173,0.275,FALSE,FALSE,FALSE,0,"Thioredoxin reductase-like selenoprotein T"
"P62424","RPL7A",0.0422,0.578,0.683,FALSE,FALSE,FALSE,0,"Large ribosomal subunit protein eL8"
"P62487","POLR2G",0.618,0.00455,0.0191,FALSE,FALSE,FALSE,0,"DNA-directed RNA polymerase II subunit RPB7"
"P62495","ETF1",-0.147,0.0712,0.139,FALSE,FALSE,FALSE,0,"Eukaryotic peptide chain release factor subunit 1"
"P62633","CNBP",-0.0756,0.497,0.61,FALSE,FALSE,FALSE,0,"CCHC-type zinc finger nucleic acid binding protein"
"P62701","RPS4X",-0.0185,0.867,0.908,FALSE,FALSE,FALSE,0,"Small ribosomal subunit protein eS4, X isoform"
"P62745","RHOB",0.674,0.000389,0.00484,FALSE,FALSE,FALSE,0,"Rho-related GTP-binding protein RhoB"
"P62750","RPL23A",0.0346,0.715,0.792,FALSE,FALSE,FALSE,0,"Large ribosomal subunit protein uL23"
"P62753","RPS6",0.0805,0.362,0.481,FALSE,FALSE,FALSE,0,"Small ribosomal subunit protein eS6"
"P62805","H4C1",1.06,0.00471,0.0194,FALSE,FALSE,FALSE,0,"Histone H4"
"P62820","RAB1A",0.0125,0.895,0.928,FALSE,FALSE,FALSE,0,"Ras-related protein Rab-1A"
"P62826","RAN",-0.0277,0.755,0.826,FALSE,FALSE,FALSE,0,"GTP-binding nuclear protein Ran"
"P62829","RPL23",0.195,0.0448,0.0988,FALSE,FALSE,FALSE,0,"Large ribosomal subunit protein uL14"
"P62834","RAP1A",0.421,0.0112,0.0351,FALSE,FALSE,FALSE,0,"Ras-related protein Rap-1A"
"P62841","RPS15",-0.0356,0.695,0.778,FALSE,FALSE,FALSE,0,"Small ribosomal subunit protein uS19"
"P62847","RPS24",0.0446,0.624,0.72,FALSE,FALSE,FALSE,0,"Small ribosomal subunit protein eS24"
"P62851","RPS25",-0.0293,0.748,0.821,FALSE,FALSE,FALSE,0,"Small ribosomal subunit protein eS25"
"P62854","RPS26",0.219,0.137,0.23,FALSE,FALSE,FALSE,0,"Small ribosomal subunit protein eS26"
"P62857","RPS28",0.222,0.0894,0.166,FALSE,FALSE,FALSE,0,"Small ribosomal subunit protein eS28"
"P62861","FAU",0.178,0.18,0.283,FALSE,FALSE,FALSE,0,"Ubiquitin-like FUBI-ribosomal protein eS30 fusion protein"
"P62873","GNB1",0.49,0.0077,0.0268,FALSE,FALSE,FALSE,0,"Guanine nucleotide-binding protein G(I)/G(S)/G(T) subunit beta-1"
"P62875","POLR2L",0.148,0.229,0.34,FALSE,FALSE,FALSE,0,"DNA-directed RNA polymerases I, II, and III subunit RPABC5"
"P62877","RBX1",0.105,0.318,0.435,FALSE,FALSE,FALSE,0,"E3 ubiquitin-protein ligase RBX1"
"P62879","GNB2",0.376,0.0427,0.0955,FALSE,FALSE,FALSE,0,"Guanine nucleotide-binding protein G(I)/G(S)/G(T) subunit beta-2"
"P62888","RPL30",-0.0347,0.71,0.789,FALSE,FALSE,FALSE,0,"Large ribosomal subunit protein eL30"
"P62891","RPL39",0.0532,0.611,0.711,FALSE,FALSE,FALSE,0,"Large ribosomal subunit protein eL39"
"P62899","RPL31",0.128,0.229,0.339,FALSE,FALSE,FALSE,0,"Large ribosomal subunit protein eL31"
"P62906","RPL10A",0.118,0.146,0.242,FALSE,FALSE,FALSE,0,"Large ribosomal subunit protein uL1"
"P62910","RPL32",0.156,0.0741,0.144,FALSE,FALSE,FALSE,0,"Large ribosomal subunit protein eL32"
"P62913","RPL11",0.00488,0.944,0.964,FALSE,FALSE,FALSE,0,"Large ribosomal subunit protein uL5"
"P62917","RPL8",0.06,0.38,0.498,FALSE,FALSE,FALSE,0,"Large ribosomal subunit protein uL2"
"P62937","PPIA",-0.0284,0.736,0.81,FALSE,FALSE,FALSE,0,"Peptidyl-prolyl cis-trans isomerase A"
"P62942","FKBP1A",-0.432,0.00144,0.00981,FALSE,FALSE,FALSE,0,"Peptidyl-prolyl cis-trans isomerase FKBP1A"
"P62979","RPS27A",0.131,0.16,0.26,FALSE,FALSE,FALSE,0,"Ubiquitin-ribosomal protein eS31 fusion protein"
"P62993","GRB2",0.0512,0.642,0.736,FALSE,FALSE,FALSE,0,"Growth factor receptor-bound protein 2"
"P62995","TRA2B",0.204,0.0346,0.0807,FALSE,FALSE,FALSE,0,"Transformer-2 protein homolog beta"
"P63000","RAC1",0.167,0.166,0.266,FALSE,FALSE,FALSE,0,"Ras-related C3 botulinum toxin substrate 1"
"P63010","AP2B1",-0.143,0.103,0.183,FALSE,FALSE,FALSE,0,"AP-2 complex subunit beta"
"P63092","GNAS",0.407,0.0148,0.043,FALSE,FALSE,FALSE,0,"Guanine nucleotide-binding protein G(s) subunit alpha isoforms short"
"P63151","PPP2R2A",-0.101,0.298,0.414,FALSE,FALSE,FALSE,0,"Serine/threonine-protein phosphatase 2A 55 kDa regulatory subunit B alpha isoform"
"P63165","SUMO1",0.0144,0.897,0.93,FALSE,FALSE,FALSE,0,"Small ubiquitin-related modifier 1"
"P63167","DYNLL1",-0.143,0.129,0.219,FALSE,FALSE,FALSE,0,"Dynein light chain 1, cytoplasmic"
"P63172","DYNLT1",0.296,0.0419,0.0943,FALSE,FALSE,FALSE,0,"Dynein light chain Tctex-type 1"
"P63173","RPL38",0.0242,0.752,0.823,FALSE,FALSE,FALSE,0,"Large ribosomal subunit protein eL38"
"P63208","SKP1",-0.125,0.181,0.284,FALSE,FALSE,FALSE,0,"S-phase kinase-associated protein 1"
"P63218","GNG5",0.0641,0.718,0.795,FALSE,FALSE,FALSE,0,"Guanine nucleotide-binding protein G(I)/G(S)/G(O) subunit gamma-5"
"P63220","RPS21",0.071,0.355,0.473,FALSE,FALSE,FALSE,0,"Small ribosomal subunit protein eS21"
"P63241","EIF5A",-0.0517,0.441,0.557,FALSE,FALSE,FALSE,0,"Eukaryotic translation initiation factor 5A-1"
"P63244","RACK1",0.0955,0.29,0.406,FALSE,FALSE,FALSE,0,"Small ribosomal subunit protein RACK1"
"P63261","ACTG1",0.291,0.00451,0.0189,FALSE,FALSE,FALSE,0,"Actin, cytoplasmic 2"
"P63272","SUPT4H1",0.162,0.214,0.323,FALSE,FALSE,FALSE,0,"Transcription elongation factor SPT4"
"P63279","UBE2I",-0.00759,0.918,0.946,FALSE,FALSE,FALSE,0,"SUMO-conjugating enzyme UBC9"
"P63313","TMSB10",-0.0316,0.685,0.771,FALSE,FALSE,FALSE,0,"Thymosin beta-10"
"P67775","PPP2CA",-0.139,0.132,0.224,FALSE,FALSE,FALSE,0,"Serine/threonine-protein phosphatase 2A catalytic subunit alpha isoform"
"P67809","YBX1",0.13,0.113,0.197,FALSE,FALSE,FALSE,0,"Y-box-binding protein 1"
"P67812","SEC11A",0.541,0.00378,0.0171,FALSE,FALSE,FALSE,0,"Signal peptidase complex catalytic subunit SEC11A"
"P67870","CSNK2B",0.0696,0.377,0.496,FALSE,FALSE,FALSE,0,"Casein kinase II subunit beta"
"P67936","TPM4",0.238,0.0353,0.082,FALSE,FALSE,FALSE,0,"Tropomyosin alpha-4 chain"
"P68032","ACTC1",0.231,0.108,0.191,FALSE,FALSE,FALSE,0,"Actin, alpha cardiac muscle 1"
"P68036","UBE2L3",-0.192,0.0791,0.151,FALSE,FALSE,FALSE,0,"Ubiquitin-conjugating enzyme E2 L3"
"P68371","TUBB4B",-0.26,0.0166,0.0468,FALSE,FALSE,FALSE,0,"Tubulin beta-4B chain"
"P68400","CSNK2A1",-0.0549,0.42,0.538,FALSE,FALSE,FALSE,0,"Casein kinase II subunit alpha"
"P68402","PAFAH1B2",-0.228,0.0403,0.0917,FALSE,FALSE,FALSE,0,"Platelet-activating factor acetylhydrolase IB subunit alpha2"
"P68431","H3C1",1.68,0.0232,0.0597,FALSE,FALSE,FALSE,0,"Histone H3.1"
"P69849","NOMO3",0.619,0.00203,0.0116,FALSE,FALSE,FALSE,0,"BOS complex subunit NOMO3"
"P78310","CXADR",0.291,0.0253,0.0634,FALSE,FALSE,FALSE,0,"Coxsackievirus and adenovirus receptor"
"P78316","NOP14",0.439,0.0129,0.0388,FALSE,FALSE,FALSE,0,"Nucleolar protein 14"
"P78318","IGBP1",-0.247,0.0201,0.0534,FALSE,FALSE,FALSE,0,"Immunoglobulin-binding protein 1"
"P78330","PSPH",-0.127,0.195,0.302,FALSE,FALSE,FALSE,0,"Phosphoserine phosphatase"
"P78344","EIF4G2",-0.121,0.127,0.217,FALSE,FALSE,FALSE,0,"Eukaryotic translation initiation factor 4 gamma 2"
"P78346","RPP30",-0.167,0.0594,0.122,FALSE,FALSE,FALSE,0,"Ribonuclease P protein subunit p30"
"P78347","GTF2I",-0.201,0.0255,0.0638,FALSE,FALSE,FALSE,0,"General transcription factor II-I"
"P78356","PIP4K2B",-0.232,0.0494,0.106,FALSE,FALSE,FALSE,0,"Phosphatidylinositol 5-phosphate 4-kinase type-2 beta"
"P78371","CCT2",0.0737,0.317,0.434,FALSE,FALSE,FALSE,0,"T-complex protein 1 subunit beta"
"P78406","RAE1",0.124,0.181,0.284,FALSE,FALSE,FALSE,0,"mRNA export factor RAE1"
"P78417","GSTO1",-0.0895,0.268,0.381,FALSE,FALSE,FALSE,0,"Glutathione S-transferase omega-1"
"P78527","PRKDC",-0.152,0.0613,0.124,FALSE,FALSE,FALSE,0,"DNA-dependent protein kinase catalytic subunit"
"P78536","ADAM17",0.278,0.0209,0.0549,FALSE,FALSE,FALSE,0,"Disintegrin and metalloproteinase domain-containing protein 17"
"P78545","ELF3",-0.21,0.287,0.403,FALSE,FALSE,FALSE,0,"ETS-related transcription factor Elf-3"
"P80188","LCN2",0.474,0.016,0.0455,FALSE,FALSE,FALSE,0,"Neutrophil gelatinase-associated lipocalin"
"P80217","IFI35",-0.528,0.00418,0.0181,FALSE,FALSE,FALSE,0,"Interferon-induced 35 kDa protein"
"P80303","NUCB2",-0.0458,0.555,0.662,FALSE,FALSE,FALSE,0,"Nucleobindin-2"
"P82650","MRPS22",0.331,0.0463,0.101,FALSE,FALSE,FALSE,0,"Small ribosomal subunit protein mS22"
"P82673","MRPS35",0.508,0.00509,0.0203,FALSE,FALSE,FALSE,0,"Small ribosomal subunit protein mS35"
"P82675","MRPS5",0.34,0.0525,0.111,FALSE,FALSE,FALSE,0,"Small ribosomal subunit protein uS5m"
"P82909","KGD4",0.09,0.672,0.761,FALSE,FALSE,FALSE,0,"Alpha-ketoglutarate dehydrogenase component 4"
"P82912","MRPS11",0.148,0.251,0.365,FALSE,FALSE,FALSE,0,"Small ribosomal subunit protein uS11m"
"P82914","MRPS15",0.29,0.0432,0.0964,FALSE,FALSE,FALSE,0,"Small ribosomal subunit protein uS15m"
"P82930","MRPS34",0.301,0.0399,0.091,FALSE,FALSE,FALSE,0,"Small ribosomal subunit protein mS34"
"P82933","MRPS9",0.53,0.00511,0.0204,FALSE,FALSE,FALSE,0,"Small ribosomal subunit protein uS9m"
"P82970","HMGN5",-0.448,0.0559,0.116,FALSE,FALSE,FALSE,0,"High mobility group nucleosome-binding domain-containing protein 5"
"P82979","SARNP",-0.0845,0.442,0.559,FALSE,FALSE,FALSE,0,"SAP domain-containing ribonucleoprotein"
"P83111","LACTB",0.277,0.0925,0.17,FALSE,FALSE,FALSE,0,"Serine beta-lactamase-like protein LACTB, mitochondrial"
"P83436","COG7",-0.0478,0.577,0.683,FALSE,FALSE,FALSE,0,"Conserved oligomeric Golgi complex subunit 7"
"P83731","RPL24",0.196,0.0445,0.0983,FALSE,FALSE,FALSE,0,"Large ribosomal subunit protein eL24"
"P83881","RPL36A",0.336,0.0141,0.0416,FALSE,FALSE,FALSE,0,"Large ribosomal subunit protein eL42"
"P83916","CBX1",0.0215,0.779,0.842,FALSE,FALSE,FALSE,0,"Chromobox protein homolog 1"
"P84022","SMAD3",-0.284,0.00755,0.0264,FALSE,FALSE,FALSE,0,"SMAD family member 3"
"P84077","ARF1",-0.201,0.027,0.0666,FALSE,FALSE,FALSE,0,"ADP-ribosylation factor 1"
"P84085","ARF5",-0.443,0.0145,0.0425,FALSE,FALSE,FALSE,0,"ADP-ribosylation factor 5"
"P84090","ERH",0.0461,0.715,0.792,FALSE,FALSE,FALSE,0,"Enhancer of rudimentary homolog"
"P84095","RHOG",0.361,0.00457,0.0191,FALSE,FALSE,FALSE,0,"Rho-related GTP-binding protein RhoG"
"P84098","RPL19",0.196,0.13,0.221,FALSE,FALSE,FALSE,0,"Large ribosomal subunit protein eL19"
"P84103","SRSF3",0.214,0.0145,0.0423,FALSE,FALSE,FALSE,0,"Serine/arginine-rich splicing factor 3"
"P84243","H3-3A",0.989,0.469,0.585,FALSE,FALSE,FALSE,0,"Histone H3.3"
"P85037","FOXK1",-0.0567,0.481,0.596,FALSE,FALSE,FALSE,0,"Forkhead box protein K1"
"P98160","HSPG2",-0.499,0.0021,0.0119,FALSE,FALSE,FALSE,0,"Basement membrane-specific heparan sulfate proteoglycan core protein"
"P98175","RBM10",-0.251,0.00598,0.0226,FALSE,FALSE,FALSE,0,"RNA-binding protein 10"
"P98179","RBM3",-0.0402,0.697,0.78,FALSE,FALSE,FALSE,0,"RNA-binding protein 3"
"P98194","ATP2C1",0.121,0.184,0.288,FALSE,FALSE,FALSE,0,"Calcium-transporting ATPase type 2C member 1"
"P99999","CYCS",0.242,0.297,0.413,FALSE,FALSE,FALSE,0,"Cytochrome c"
"Q00059","TFAM",0.5,0.00213,0.0119,FALSE,FALSE,FALSE,0,"Transcription factor A, mitochondrial"
"Q00169","PITPNA",-0.257,0.0635,0.127,FALSE,FALSE,FALSE,0,"Phosphatidylinositol transfer protein alpha isoform"
"Q00325","SLC25A3",0.689,0.000629,0.00634,FALSE,FALSE,FALSE,0,"Solute carrier family 25 member 3"
"Q00341","HDLBP",-0.014,0.842,0.891,FALSE,FALSE,FALSE,0,"Vigilin"
"Q00403","GTF2B",0.234,0.184,0.287,FALSE,FALSE,FALSE,0,"Transcription initiation factor IIB"
"Q00534","CDK6",-0.664,9.27e-05,0.00258,FALSE,FALSE,FALSE,0,"Cyclin-dependent kinase 6"
"Q00535","CDK5",-0.15,0.126,0.215,FALSE,FALSE,FALSE,0,"Cyclin-dependent kinase 5"
"Q00577","PURA",-0.083,0.433,0.55,FALSE,FALSE,FALSE,0,"Transcriptional activator protein Pur-alpha"
"Q00610","CLTC",-0.11,0.13,0.221,FALSE,FALSE,FALSE,0,"Clathrin heavy chain 1"
"Q00613","HSF1",-0.297,0.0258,0.0644,FALSE,FALSE,FALSE,0,"Heat shock factor protein 1"
"Q00688","FKBP3",-0.29,0.00394,0.0177,FALSE,FALSE,FALSE,0,"Peptidyl-prolyl cis-trans isomerase FKBP3"
"Q00765","REEP5",0.189,0.106,0.188,FALSE,FALSE,FALSE,0,"Receptor expression-enhancing protein 5"
"Q00796","SORD",-0.179,0.0482,0.104,FALSE,FALSE,FALSE,0,"Sorbitol dehydrogenase"
"Q00839","HNRNPU",-0.104,0.2,0.307,FALSE,FALSE,FALSE,0,"Heterogeneous nuclear ribonucleoprotein U"
"Q01081","U2AF1",0.0471,0.611,0.71,FALSE,FALSE,FALSE,0,"Splicing factor U2AF 35 kDa subunit"
"Q01082","SPTBN1",-0.0035,0.962,0.975,FALSE,FALSE,FALSE,0,"Spectrin beta chain, non-erythrocytic 1"
"Q01085","TIAL1",0.123,0.29,0.406,FALSE,FALSE,FALSE,0,"Nucleolysin TIAR"
"Q01105","SET",-0.149,0.0719,0.141,FALSE,FALSE,FALSE,0,"Protein SET"
"Q01130","SRSF2",0.0126,0.866,0.908,FALSE,FALSE,FALSE,0,"Serine/arginine-rich splicing factor 2"
"Q01415","GALK2",0.0514,0.662,0.753,FALSE,FALSE,FALSE,0,"N-acetylgalactosamine kinase"
"Q01469","FABP5",-0.0569,0.532,0.641,FALSE,FALSE,FALSE,0,"Fatty acid-binding protein 5"
"Q01518","CAP1",-0.0788,0.272,0.385,FALSE,FALSE,FALSE,0,"Adenylyl cyclase-associated protein 1"
"Q01581","HMGCS1",0.92,1.03e-05,0.000848,FALSE,FALSE,FALSE,0,"Hydroxymethylglutaryl-CoA synthase, cytoplasmic"
"Q01658","DR1",0.122,0.276,0.39,FALSE,FALSE,FALSE,0,"Protein Dr1"
"Q01780","EXOSC10",0.0197,0.79,0.849,FALSE,FALSE,FALSE,0,"Exosome complex component 10"
"Q01813","PFKP",-0.0726,0.396,0.515,FALSE,FALSE,FALSE,0,"ATP-dependent 6-phosphofructokinase, platelet type"
"Q01844","EWSR1",-0.269,0.0479,0.104,FALSE,FALSE,FALSE,0,"RNA-binding protein EWS"
"Q01970","PLCB3",0.0896,0.246,0.36,FALSE,FALSE,FALSE,0,"1-phosphatidylinositol 4,5-bisphosphate phosphodiesterase beta-3"
"Q02127","DHODH",0.802,0.000481,0.00558,FALSE,FALSE,FALSE,0,"Dihydroorotate dehydrogenase (quinone), mitochondrial"
"Q02218","OGDH",0.433,0.0114,0.0354,FALSE,FALSE,FALSE,0,"2-oxoglutarate dehydrogenase complex component E1"
"Q02241","KIF23",-0.295,0.0414,0.0935,FALSE,FALSE,FALSE,0,"Kinesin-like protein KIF23"
"Q02252","ALDH6A1",-0.0302,0.827,0.879,FALSE,FALSE,FALSE,0,"Methylmalonate-semialdehyde/malonate-semialdehyde dehydrogenase [acylating], mitochondrial"
"Q02338","BDH1",0.774,0.00459,0.0192,FALSE,FALSE,FALSE,0,"D-beta-hydroxybutyrate dehydrogenase, mitochondrial"
"Q02487","DSC2",-0.799,0.000136,0.00312,FALSE,FALSE,FALSE,0,"Desmocollin-2"
"Q02539","H1-1",-0.149,0.234,0.346,FALSE,FALSE,FALSE,0,"Histone H1.1"
"Q02543","RPL18A",0.143,0.123,0.211,FALSE,FALSE,FALSE,0,"Large ribosomal subunit protein eL20"
"Q02750","MAP2K1",-0.0246,0.743,0.817,FALSE,FALSE,FALSE,0,"Dual specificity mitogen-activated protein kinase kinase 1"
"Q02790","FKBP4",-0.00288,0.971,0.981,FALSE,FALSE,FALSE,0,"Peptidyl-prolyl cis-trans isomerase FKBP4"
"Q02809","PLOD1",0.00538,0.967,0.977,FALSE,FALSE,FALSE,0,"Procollagen-lysine,2-oxoglutarate 5-dioxygenase 1"
"Q02818","NUCB1",-0.199,0.02,0.0533,FALSE,FALSE,FALSE,0,"Nucleobindin-1"
"Q02878","RPL6",0.0249,0.785,0.846,FALSE,FALSE,FALSE,0,"Large ribosomal subunit protein eL6"
"Q02880","TOP2B",-0.0483,0.573,0.68,FALSE,FALSE,FALSE,0,"DNA topoisomerase 2-beta"
"Q02978","SLC25A11",0.296,0.0598,0.122,FALSE,FALSE,FALSE,0,"Mitochondrial 2-oxoglutarate/malate carrier protein"
"Q03001","DST",-0.0751,0.624,0.72,FALSE,FALSE,FALSE,0,"Dystonin"
"Q03112","MECOM",0.416,0.0391,0.0895,FALSE,FALSE,FALSE,0,"Histone-lysine N-methyltransferase MECOM"
"Q03154","ACY1",-0.482,0.000156,0.00329,FALSE,FALSE,FALSE,0,"Aminoacylase-1"
"Q03169","TNFAIP2",0.0783,0.616,0.714,FALSE,FALSE,FALSE,0,"Tumor necrosis factor alpha-induced protein 2"
"Q03252","LMNB2",0.455,0.00116,0.00872,FALSE,FALSE,FALSE,0,"Lamin-B2"
"Q03426","MVK",0.117,0.396,0.515,FALSE,FALSE,FALSE,0,"Mevalonate kinase"
"Q03518","TAP1",0.107,0.408,0.526,FALSE,FALSE,FALSE,0,"Antigen peptide transporter 1"
"Q03519","TAP2",0.226,0.232,0.343,FALSE,FALSE,FALSE,0,"Antigen peptide transporter 2"
"Q03701","CEBPZ",0.497,0.0335,0.0788,FALSE,FALSE,FALSE,0,"CCAAT/enhancer-binding protein zeta"
"Q04206","RELA",-0.384,0.0182,0.0498,FALSE,FALSE,FALSE,0,"Transcription factor p65"
"Q04323","UBXN1",0.17,0.0991,0.179,FALSE,FALSE,FALSE,0,"UBX domain-containing protein 1"
"Q04637","EIF4G1",-0.00412,0.956,0.972,FALSE,FALSE,FALSE,0,"Eukaryotic translation initiation factor 4 gamma 1"
"Q04760","GLO1",-0.0688,0.425,0.543,FALSE,FALSE,FALSE,0,"Lactoylglutathione lyase"
"Q04837","SSBP1",0.755,8.98e-05,0.00258,FALSE,FALSE,FALSE,0,"Single-stranded DNA-binding protein, mitochondrial"
"Q04912","MST1R",0.532,0.000242,0.00397,FALSE,FALSE,FALSE,0,"Macrophage-stimulating protein receptor"
"Q04917","YWHAH",-0.123,0.183,0.287,FALSE,FALSE,FALSE,0,"14-3-3 protein eta"
"Q04941","PLP2",0.307,0.0516,0.11,FALSE,FALSE,FALSE,0,"Proteolipid protein 2"
"Q05048","CSTF1",-0.295,0.00327,0.0156,FALSE,FALSE,FALSE,0,"Cleavage stimulation factor subunit 1"
"Q05209","PTPN12",0.103,0.502,0.613,FALSE,FALSE,FALSE,0,"Tyrosine-protein phosphatase non-receptor type 12"
"Q05397","PTK2",-0.265,0.0143,0.042,FALSE,FALSE,FALSE,0,"Focal adhesion kinase 1"
"Q05519","SRSF11",-0.0365,0.687,0.773,FALSE,FALSE,FALSE,0,"Serine/arginine-rich splicing factor 11"
"Q05639","EEF1A2",-0.27,0.017,0.0476,FALSE,FALSE,FALSE,0,"Elongation factor 1-alpha 2"
"Q06124","PTPN11",-0.112,0.116,0.202,FALSE,FALSE,FALSE,0,"Tyrosine-protein phosphatase non-receptor type 11"
"Q06136","KDSR",0.72,7.33e-05,0.00236,FALSE,FALSE,FALSE,0,"3-ketodihydrosphingosine reductase"
"Q06210","GFPT1",-0.145,0.0838,0.157,FALSE,FALSE,FALSE,0,"Glutamine--fructose-6-phosphate aminotransferase [isomerizing] 1"
"Q06265","EXOSC9",0.197,0.0228,0.0587,FALSE,FALSE,FALSE,0,"Exosome complex component RRP45"
"Q06323","PSME1",-0.35,0.00998,0.0323,FALSE,FALSE,FALSE,0,"Proteasome activator complex subunit 1"
"Q06481","APLP2",0.471,0.00175,0.0108,FALSE,FALSE,FALSE,0,"Amyloid beta precursor like protein 2"
"Q06587","RING1",-0.14,0.306,0.422,FALSE,FALSE,FALSE,0,"E3 ubiquitin-protein ligase RING1"
"Q06787","FMR1",-0.0559,0.634,0.729,FALSE,FALSE,FALSE,0,"Fragile X messenger ribonucleoprotein 1"
"Q06830","PRDX1",-0.152,0.071,0.139,FALSE,FALSE,FALSE,0,"Peroxiredoxin-1"
"Q07020","RPL18",0.071,0.458,0.575,FALSE,FALSE,FALSE,0,"Large ribosomal subunit protein eL18"
"Q07021","C1QBP",0.874,0.000628,0.00634,FALSE,FALSE,FALSE,0,"Complement component 1 Q subcomponent-binding protein, mitochondrial"
"Q07065","CKAP4",0.23,0.0482,0.104,FALSE,FALSE,FALSE,0,"Cytoskeleton-associated protein 4"
"Q07157","TJP1",0.532,0.000133,0.00312,FALSE,FALSE,FALSE,0,"Tight junction protein 1"
"Q07666","KHDRBS1",-0.151,0.105,0.186,FALSE,FALSE,FALSE,0,"KH domain-containing, RNA-binding, signal transduction-associated protein 1"
"Q07812","BAX",-0.3,0.0041,0.0179,FALSE,FALSE,FALSE,0,"Apoptosis regulator BAX"
"Q07817","BCL2L1",0.265,0.0414,0.0934,FALSE,FALSE,FALSE,0,"Bcl-2-like protein 1"
"Q07866","KLC1",0.11,0.262,0.376,FALSE,FALSE,FALSE,0,"Kinesin light chain 1"
"Q07955","SRSF1",0.198,0.0183,0.0499,FALSE,FALSE,FALSE,0,"Serine/arginine-rich splicing factor 1"
"Q07960","ARHGAP1",-0.431,0.000619,0.00633,FALSE,FALSE,FALSE,0,"Rho GTPase-activating protein 1"
"Q08170","SRSF4",0.262,0.0236,0.0602,FALSE,FALSE,FALSE,0,"Serine/arginine-rich splicing factor 4"
"Q08174","PCDH1",0.336,0.0781,0.149,FALSE,FALSE,FALSE,0,"Protocadherin-1"
"Q08209","PPP3CA",0.102,0.471,0.587,FALSE,FALSE,FALSE,0,"Protein phosphatase 3 catalytic subunit alpha"
"Q08211","DHX9",-0.0333,0.666,0.756,FALSE,FALSE,FALSE,0,"ATP-dependent RNA helicase A"
"Q08257","CRYZ",-0.308,0.00957,0.0313,FALSE,FALSE,FALSE,0,"Zeta-crystallin"
"Q08345","DDR1",-0.28,0.0571,0.118,FALSE,FALSE,FALSE,0,"Epithelial discoidin domain-containing receptor 1"
"Q08378","GOLGA3",-0.0642,0.423,0.541,FALSE,FALSE,FALSE,0,"Golgin subfamily A member 3"
"Q08379","GOLGA2",0.0421,0.54,0.648,FALSE,FALSE,FALSE,0,"Golgin subfamily A member 2"
"Q08380","LGALS3BP",-0.619,0.000164,0.00331,FALSE,FALSE,FALSE,0,"Galectin-3-binding protein"
"Q08426","EHHADH",0.258,0.0635,0.127,FALSE,FALSE,FALSE,0,"Peroxisomal bifunctional enzyme"
"Q08623","PUDP",-0.032,0.857,0.901,FALSE,FALSE,FALSE,0,"Pseudouridine-5'-phosphatase"
"Q08752","PPID",-0.0886,0.231,0.341,FALSE,FALSE,FALSE,0,"Peptidyl-prolyl cis-trans isomerase D"
"Q08945","SSRP1",0.161,0.0592,0.121,FALSE,FALSE,FALSE,0,"FACT complex subunit SSRP1"
"Q08AF3","SLFN5",-0.346,0.0182,0.0498,FALSE,FALSE,FALSE,0,"Schlafen family member 5"
"Q08J23","NSUN2",0.0248,0.714,0.792,FALSE,FALSE,FALSE,0,"RNA cytosine C(5)-methyltransferase NSUN2"
"Q09028","RBBP4",0.0331,0.674,0.763,FALSE,FALSE,FALSE,0,"Histone-binding protein RBBP4"
"Q09161","NCBP1",0.0245,0.722,0.798,FALSE,FALSE,FALSE,0,"Nuclear cap-binding protein subunit 1"
"Q09472","EP300",-0.249,0.131,0.223,FALSE,FALSE,FALSE,0,"Histone acetyltransferase p300"
"Q09666","AHNAK",0.261,0.00435,0.0185,FALSE,FALSE,FALSE,0,"Neuroblast differentiation-associated protein AHNAK"
"Q0VDF9","HSPA14",-0.1,0.17,0.272,FALSE,FALSE,FALSE,0,"Heat shock 70 kDa protein 14"
"Q10469","MGAT2",0.359,0.00676,0.0244,FALSE,FALSE,FALSE,0,"Alpha-1,6-mannosyl-glycoprotein 2-beta-N-acetylglucosaminyltransferase"
"Q10471","GALNT2",0.294,0.0151,0.0436,FALSE,FALSE,FALSE,0,"Polypeptide N-acetylgalactosaminyltransferase 2"
"Q10567","AP1B1",-0.209,0.0144,0.0421,FALSE,FALSE,FALSE,0,"AP-1 complex subunit beta-1"
"Q10570","CPSF1",-0.0787,0.253,0.367,FALSE,FALSE,FALSE,0,"Cleavage and polyadenylation specificity factor subunit 1"
"Q10713","PMPCA",0.874,9.21e-05,0.00258,FALSE,FALSE,FALSE,0,"Mitochondrial-processing peptidase subunit alpha"
"Q12756","KIF1A",0.111,0.21,0.318,FALSE,FALSE,FALSE,0,"Kinesin-like protein KIF1A"
"Q12765","SCRN1",-0.363,0.00146,0.00989,FALSE,FALSE,FALSE,0,"Secernin-1"
"Q12768","WASHC5",-0.272,0.0541,0.114,FALSE,FALSE,FALSE,0,"WASH complex subunit 5"
"Q12769","NUP160",0.324,0.0024,0.0129,FALSE,FALSE,FALSE,0,"Nuclear pore complex protein Nup160"
"Q12788","TBL3",0.779,0.000876,0.00737,FALSE,FALSE,FALSE,0,"Transducin beta-like protein 3"
"Q12789","GTF3C1",-0.0293,0.778,0.841,FALSE,FALSE,FALSE,0,"General transcription factor 3C polypeptide 1"
"Q12792","TWF1",-0.0782,0.491,0.604,FALSE,FALSE,FALSE,0,"Twinfilin-1"
"Q12797","ASPH",0.272,0.0885,0.164,FALSE,FALSE,FALSE,0,"Aspartyl/asparaginyl beta-hydroxylase"
"Q12802","AKAP13",-0.184,0.104,0.185,FALSE,FALSE,FALSE,0,"A-kinase anchor protein 13"
"Q12824","SMARCB1",0.0571,0.453,0.57,FALSE,FALSE,FALSE,0,"SWI/SNF-related matrix-associated actin-dependent regulator of chromatin subfamily B member 1"
"Q12846","STX4",0.0163,0.884,0.92,FALSE,FALSE,FALSE,0,"Syntaxin-4"
"Q12849","GRSF1",0.683,0.000781,0.00696,FALSE,FALSE,FALSE,0,"G-rich sequence factor 1"
"Q12872","SFSWAP",0.0192,0.876,0.915,FALSE,FALSE,FALSE,0,"Splicing factor, suppressor of white-apricot homolog"
"Q12874","SF3A3",0.0946,0.249,0.363,FALSE,FALSE,FALSE,0,"Splicing factor 3A subunit 3"
"Q12899","TRIM26",0.743,0.156,0.254,FALSE,FALSE,FALSE,0,"Tripartite motif-containing protein 26"
"Q12904","AIMP1",-0.061,0.449,0.566,FALSE,FALSE,FALSE,0,"Aminoacyl tRNA synthase complex-interacting multifunctional protein 1"
"Q12905","ILF2",-0.081,0.318,0.434,FALSE,FALSE,FALSE,0,"Interleukin enhancer-binding factor 2"
"Q12906","ILF3",-0.157,0.0572,0.118,FALSE,FALSE,FALSE,0,"Interleukin enhancer-binding factor 3"
"Q12907","LMAN2",0.261,0.0189,0.0511,FALSE,FALSE,FALSE,0,"Vesicular integral-membrane protein VIP36"
"Q12929","EPS8",0.233,0.0195,0.0523,FALSE,FALSE,FALSE,0,"Epidermal growth factor receptor kinase substrate 8"
"Q12931","TRAP1",0.835,0.000185,0.00349,FALSE,FALSE,FALSE,0,"Heat shock protein 75 kDa, mitochondrial"
"Q12959","DLG1",0.335,0.00345,0.0162,FALSE,FALSE,FALSE,0,"Disks large homolog 1"
"Q12965","MYO1E",0.142,0.0581,0.12,FALSE,FALSE,FALSE,0,"Unconventional myosin-Ie"
"Q12972","PPP1R8",-0.106,0.3,0.416,FALSE,FALSE,FALSE,0,"Nuclear inhibitor of protein phosphatase 1"
"Q12974","PTP4A2",0.0167,0.845,0.893,FALSE,FALSE,FALSE,0,"Protein tyrosine phosphatase type IVA 2"
"Q12979","ABR",-0.299,0.013,0.039,FALSE,FALSE,FALSE,0,"Active breakpoint cluster region-related protein"
"Q12996","CSTF3",-0.307,0.00657,0.0241,FALSE,FALSE,FALSE,0,"Cleavage stimulation factor subunit 3"
"Q13011","ECH1",0.426,0.0154,0.0442,FALSE,FALSE,FALSE,0,"Delta(3,5)-Delta(2,4)-dienoyl-CoA isomerase, mitochondrial"
"Q13033","STRN3",-0.00679,0.945,0.965,FALSE,FALSE,FALSE,0,"Striatin-3"
"Q13043","STK4",0.092,0.197,0.304,FALSE,FALSE,FALSE,0,"Serine/threonine-protein kinase 4"
"Q13045","FLII",-0.0277,0.706,0.786,FALSE,FALSE,FALSE,0,"Protein flightless-1 homolog"
"Q13057","COASY",-0.649,0.000109,0.00284,FALSE,FALSE,FALSE,0,"Bifunctional coenzyme A synthase"
"Q13084","MRPL28",0.484,0.00228,0.0125,FALSE,FALSE,FALSE,0,"Large ribosomal subunit protein bL28m"
"Q13085","ACACA",-0.0896,0.222,0.332,FALSE,FALSE,FALSE,0,"Acetyl-CoA carboxylase 1"
"Q13098","GPS1",-0.0201,0.794,0.852,FALSE,FALSE,FALSE,0,"COP9 signalosome complex subunit 1"
"Q13123","IK",0.0223,0.818,0.872,FALSE,FALSE,FALSE,0,"Protein Red"
"Q13126","MTAP",-0.0536,0.521,0.631,FALSE,FALSE,FALSE,0,"S-methyl-5'-thioadenosine phosphorylase"
"Q13131","PRKAA1",-0.0944,0.207,0.315,FALSE,FALSE,FALSE,0,"5'-AMP-activated protein kinase catalytic subunit alpha-1"
"Q13136","PPFIA1",0.359,0.0366,0.0847,FALSE,FALSE,FALSE,0,"Liprin-alpha-1"
"Q13144","EIF2B5",-0.132,0.137,0.231,FALSE,FALSE,FALSE,0,"Translation initiation factor eIF2B subunit epsilon"
"Q13148","TARDBP",-0.0942,0.224,0.334,FALSE,FALSE,FALSE,0,"TAR DNA-binding protein 43"
"Q13151","HNRNPA0",-0.17,0.0483,0.104,FALSE,FALSE,FALSE,0,"Heterogeneous nuclear ribonucleoprotein A0"
"Q13153","PAK1",-0.206,0.0204,0.054,FALSE,FALSE,FALSE,0,"Serine/threonine-protein kinase PAK 1"
"Q13155","AIMP2",-0.0567,0.54,0.648,FALSE,FALSE,FALSE,0,"Aminoacyl tRNA synthase complex-interacting multifunctional protein 2"
"Q13158","FADD",-0.242,0.0664,0.132,FALSE,FALSE,FALSE,0,"FAS-associated death domain protein"
"Q13162","PRDX4",0.597,0.000233,0.00391,FALSE,FALSE,FALSE,0,"Peroxiredoxin-4"
"Q13177","PAK2",-0.0468,0.519,0.63,FALSE,FALSE,FALSE,0,"Serine/threonine-protein kinase PAK 2"
"Q13185","CBX3",0.185,0.0614,0.124,FALSE,FALSE,FALSE,0,"Chromobox protein homolog 3"
"Q13188","STK3",0.0316,0.79,0.849,FALSE,FALSE,FALSE,0,"Serine/threonine-protein kinase 3"
"Q13190","STX5",-0.278,0.025,0.0628,FALSE,FALSE,FALSE,0,"Syntaxin-5"
"Q13200","PSMD2",0.0231,0.806,0.863,FALSE,FALSE,FALSE,0,"26S proteasome non-ATPase regulatory subunit 2"
"Q13206","DDX10",0.488,0.00745,0.0262,FALSE,FALSE,FALSE,0,"Probable ATP-dependent RNA helicase DDX10"
"Q13217","DNAJC3",0.568,0.00023,0.00388,FALSE,FALSE,FALSE,0,"DnaJ homolog subfamily C member 3"
"Q13232","NME3",-0.167,0.113,0.197,FALSE,FALSE,FALSE,0,"Nucleoside diphosphate kinase C"
"Q13242","SRSF9",0.263,0.0224,0.0578,FALSE,FALSE,FALSE,0,"Serine/arginine-rich splicing factor 9"
"Q13243","SRSF5",0.124,0.265,0.379,FALSE,FALSE,FALSE,0,"Serine/arginine-rich splicing factor 5"
"Q13247","SRSF6",-0.132,0.152,0.249,FALSE,FALSE,FALSE,0,"Serine/arginine-rich splicing factor 6"
"Q13257","MAD2L1",0.221,0.12,0.208,FALSE,FALSE,FALSE,0,"Mitotic spindle assembly checkpoint protein MAD2A"
"Q13263","TRIM28",-0.0891,0.322,0.439,FALSE,FALSE,FALSE,0,"Transcription intermediary factor 1-beta"
"Q13283","G3BP1",0.0802,0.247,0.361,FALSE,FALSE,FALSE,0,"Ras GTPase-activating protein-binding protein 1"
"Q13287","NMI",-0.249,0.0193,0.0518,FALSE,FALSE,FALSE,0,"N-myc-interactor"
"Q13310","PABPC4",0.158,0.055,0.115,FALSE,FALSE,FALSE,0,"Polyadenylate-binding protein 4"
"Q13330","MTA1",-0.0216,0.79,0.849,FALSE,FALSE,FALSE,0,"Metastasis-associated protein MTA1"
"Q13347","EIF3I",-0.00918,0.895,0.928,FALSE,FALSE,FALSE,0,"Eukaryotic translation initiation factor 3 subunit I"
"Q13362","PPP2R5C",-0.0872,0.391,0.51,FALSE,FALSE,FALSE,0,"Serine/threonine-protein phosphatase 2A 56 kDa regulatory subunit gamma isoform"
"Q13363","CTBP1",-0.0323,0.749,0.821,FALSE,FALSE,FALSE,0,"C-terminal-binding protein 1"
"Q13404","UBE2V1",-0.104,0.169,0.27,FALSE,FALSE,FALSE,0,"Ubiquitin-conjugating enzyme E2 variant 1"
"Q13405","MRPL49",0.821,0.000271,0.00424,FALSE,FALSE,FALSE,0,"Large ribosomal subunit protein mL49"
"Q13409","DYNC1I2",-0.00515,0.95,0.968,FALSE,FALSE,FALSE,0,"Cytoplasmic dynein 1 intermediate chain 2"
"Q13418","ILK",-0.308,0.00278,0.0142,FALSE,FALSE,FALSE,0,"Scaffold protein ILK"
"Q13423","NNT",0.481,0.00446,0.0188,FALSE,FALSE,FALSE,0,"NAD(P) transhydrogenase, mitochondrial"
"Q13425","SNTB2",0.864,0.00357,0.0166,FALSE,FALSE,FALSE,0,"Beta-2-syntrophin"
"Q13426","XRCC4",0.422,0.00102,0.00805,FALSE,FALSE,FALSE,0,"DNA repair protein XRCC4"
"Q13427","PPIG",-0.0263,0.786,0.847,FALSE,FALSE,FALSE,0,"Peptidyl-prolyl cis-trans isomerase G"
"Q13428","TCOF1",0.0971,0.327,0.444,FALSE,FALSE,FALSE,0,"Treacle protein"
"Q13435","SF3B2",0.0587,0.45,0.567,FALSE,FALSE,FALSE,0,"Splicing factor 3B subunit 2"
"Q13438","OS9",0.44,0.00609,0.0229,FALSE,FALSE,FALSE,0,"Protein OS-9"
"Q13439","GOLGA4",0.0249,0.783,0.846,FALSE,FALSE,FALSE,0,"Golgin subfamily A member 4"
"Q13442","PDAP1",-0.118,0.2,0.307,FALSE,FALSE,FALSE,0,"28 kDa heat- and acid-stable phosphoprotein"
"Q13443","ADAM9",0.495,0.00201,0.0115,FALSE,FALSE,FALSE,0,"Disintegrin and metalloproteinase domain-containing protein 9"
"Q13451","FKBP5",0.0158,0.866,0.908,FALSE,FALSE,FALSE,0,"Peptidyl-prolyl cis-trans isomerase FKBP5"
"Q13464","ROCK1",0.0639,0.369,0.487,FALSE,FALSE,FALSE,0,"Rho-associated protein kinase 1"
"Q13485","SMAD4",0.0243,0.802,0.859,FALSE,FALSE,FALSE,0,"SMAD family member 4"
"Q13492","PICALM",-0.00247,0.976,0.984,FALSE,FALSE,FALSE,0,"Phosphatidylinositol-binding clathrin assembly protein"
"Q13501","SQSTM1",0.0565,0.679,0.767,FALSE,FALSE,FALSE,0,"Sequestosome-1"
"Q13505","MTX1",0.278,0.0755,0.146,FALSE,FALSE,FALSE,0,"Metaxin-1"
"Q13509","TUBB3",0.353,0.00107,0.00826,FALSE,FALSE,FALSE,0,"Tubulin beta-3 chain"
"Q13510","ASAH1",0.223,0.0388,0.089,FALSE,FALSE,FALSE,0,"Acid ceramidase"
"Q13523","PRP4K",-0.0554,0.563,0.67,FALSE,FALSE,FALSE,0,"Serine/threonine-protein kinase PRP4 homolog"
"Q13526","PIN1",-0.287,0.0263,0.0653,FALSE,FALSE,FALSE,0,"Peptidyl-prolyl cis-trans isomerase NIMA-interacting 1"
"Q13541","EIF4EBP1",-0.199,0.104,0.185,FALSE,FALSE,FALSE,0,"Eukaryotic translation initiation factor 4E-binding protein 1"
"Q13547","HDAC1",-0.0792,0.256,0.37,FALSE,FALSE,FALSE,0,"Histone deacetylase 1"
"Q13555","CAMK2G",0.052,0.634,0.729,FALSE,FALSE,FALSE,0,"Calcium/calmodulin-dependent protein kinase type II subunit gamma"
"Q13557","CAMK2D",-0.599,6.29e-05,0.00212,FALSE,FALSE,FALSE,0,"Calcium/calmodulin-dependent protein kinase type II subunit delta"
"Q13561","DCTN2",-0.158,0.0743,0.144,FALSE,FALSE,FALSE,0,"Dynactin subunit 2"
"Q13564","NAE1",-0.188,0.0533,0.113,FALSE,FALSE,FALSE,0,"NEDD8-activating enzyme E1 regulatory subunit"
"Q13572","ITPK1",0.199,0.0292,0.0711,FALSE,FALSE,FALSE,0,"Inositol-tetrakisphosphate 1-kinase"
"Q13573","SNW1",0.0308,0.707,0.786,FALSE,FALSE,FALSE,0,"SNW domain-containing protein 1"
"Q13586","STIM1",0.0395,0.684,0.77,FALSE,FALSE,FALSE,0,"Stromal interaction molecule 1"
"Q13595","TRA2A",0.245,0.0303,0.0732,FALSE,FALSE,FALSE,0,"Transformer-2 protein homolog alpha"
"Q13596","SNX1",-0.148,0.0984,0.178,FALSE,FALSE,FALSE,0,"Sorting nexin-1"
"Q13601","KRR1",0.502,0.121,0.208,FALSE,FALSE,FALSE,0,"KRR1 small subunit processome component homolog"
"Q13610","PWP1",0.402,0.0112,0.035,FALSE,FALSE,FALSE,0,"Periodic tryptophan protein 1 homolog"
"Q13613","MTMR1",-0.0325,0.664,0.754,FALSE,FALSE,FALSE,0,"Phosphatidylinositol-3-phosphate phosphatase MTMR1"
"Q13616","CUL1",-0.0809,0.37,0.489,FALSE,FALSE,FALSE,0,"Cullin-1"
"Q13617","CUL2",-0.137,0.19,0.296,FALSE,FALSE,FALSE,0,"Cullin-2"
"Q13618","CUL3",0.00898,0.919,0.946,FALSE,FALSE,FALSE,0,"Cullin-3"
"Q13619","CUL4A",-0.00865,0.933,0.956,FALSE,FALSE,FALSE,0,"Cullin-4A"
"Q13630","GFUS",-0.141,0.0937,0.172,FALSE,FALSE,FALSE,0,"GDP-L-fucose synthase"
"Q13641","TPBG",0.508,0.00178,0.0108,FALSE,FALSE,FALSE,0,"Trophoblast glycoprotein"
"Q13685","AAMP",-0.463,0.000503,0.0057,FALSE,FALSE,FALSE,0,"Angio-associated migratory cell protein"
"Q13724","MOGS",0.327,0.0335,0.0789,FALSE,FALSE,FALSE,0,"Mannosyl-oligosaccharide glucosidase"
"Q13740","ALCAM",0.32,0.0483,0.104,FALSE,FALSE,FALSE,0,"CD166 antigen"
"Q13769","THOC5",-0.257,0.0171,0.0478,FALSE,FALSE,FALSE,0,"THO complex subunit 5"
"Q13813","SPTAN1",0.00588,0.935,0.958,FALSE,FALSE,FALSE,0,"Spectrin alpha chain, non-erythrocytic 1"
"Q13823","GNL2",0.674,0.00647,0.0239,FALSE,FALSE,FALSE,0,"Nucleolar GTP-binding protein 2"
"Q13838","DDX39B",-0.133,0.113,0.198,FALSE,FALSE,FALSE,0,"Spliceosome RNA helicase DDX39B"
"Q13867","BLMH",-0.305,0.00198,0.0114,FALSE,FALSE,FALSE,0,"Bleomycin hydrolase"
"Q13868","EXOSC2",0.457,0.0128,0.0387,FALSE,FALSE,FALSE,0,"Exosome complex component RRP4"
"Q13884","SNTB1",0.365,0.0318,0.0757,FALSE,FALSE,FALSE,0,"Beta-1-syntrophin"
"Q13885","TUBB2A",-0.181,0.0543,0.114,FALSE,FALSE,FALSE,0,"Tubulin beta-2A chain"
"Q13895","BYSL",0.333,0.00662,0.0242,FALSE,FALSE,FALSE,0,"Bystin"
"Q13907","IDI1",0.204,0.0613,0.124,FALSE,FALSE,FALSE,0,"Isopentenyl-diphosphate Delta-isomerase 1"
"Q13951","CBFB",-0.0613,0.556,0.664,FALSE,FALSE,FALSE,0,"Core-binding factor subunit beta"
"Q13952","NFYC",0.249,0.0291,0.0711,FALSE,FALSE,FALSE,0,"Nuclear transcription factor Y subunit gamma"
"Q14004","CDK13",-0.359,0.00149,0.00994,FALSE,FALSE,FALSE,0,"Cyclin-dependent kinase 13"
"Q14008","CKAP5",0.183,0.0285,0.0698,FALSE,FALSE,FALSE,0,"Cytoskeleton-associated protein 5"
"Q14011","CIRBP",-0.148,0.0789,0.15,FALSE,FALSE,FALSE,0,"Cold-inducible RNA-binding protein"
"Q14019","COTL1",-0.0125,0.884,0.92,FALSE,FALSE,FALSE,0,"Coactosin-like protein"
"Q14103","HNRNPD",-0.0382,0.655,0.747,FALSE,FALSE,FALSE,0,"Heterogeneous nuclear ribonucleoprotein D0"
"Q14108","SCARB2",0.0662,0.623,0.72,FALSE,FALSE,FALSE,0,"Lysosome membrane protein 2"
"Q14116","IL18",0.376,0.000985,0.00791,FALSE,FALSE,FALSE,0,"Interleukin-18"
"Q14118","DAG1",0.671,0.000511,0.00571,FALSE,FALSE,FALSE,0,"Dystroglycan 1"
"Q14123","PDE1C",0.539,0.000512,0.00571,FALSE,FALSE,FALSE,0,"Dual specificity calcium/calmodulin-dependent 3',5'-cyclic nucleotide phosphodiesterase 1C"
"Q14126","DSG2",0.339,0.00178,0.0108,FALSE,FALSE,FALSE,0,"Desmoglein-2"
"Q14137","BOP1",0.459,0.00504,0.0203,FALSE,FALSE,FALSE,0,"Ribosome biogenesis protein BOP1"
"Q14139","UBE4A",-0.413,0.0085,0.0286,FALSE,FALSE,FALSE,0,"Ubiquitin conjugation factor E4 A"
"Q14151","SAFB2",-0.186,0.138,0.232,FALSE,FALSE,FALSE,0,"Scaffold attachment factor B2"
"Q14152","EIF3A",-0.105,0.167,0.267,FALSE,FALSE,FALSE,0,"Eukaryotic translation initiation factor 3 subunit A"
"Q14155","ARHGEF7",-0.499,0.00421,0.0182,FALSE,FALSE,FALSE,0,"Rho guanine nucleotide exchange factor 7"
"Q14157","UBAP2L",0.0628,0.466,0.582,FALSE,FALSE,FALSE,0,"Ubiquitin-associated protein 2-like"
"Q14160","SCRIB",0.251,0.0119,0.0363,FALSE,FALSE,FALSE,0,"Protein scribble homolog"
"Q14165","MLEC",0.31,0.0308,0.0741,FALSE,FALSE,FALSE,0,"Malectin"
"Q14166","TTLL12",0.0421,0.533,0.642,FALSE,FALSE,FALSE,0,"Tubulin--tyrosine ligase-like protein 12"
"Q14192","FHL2",0.329,0.00133,0.00937,FALSE,FALSE,FALSE,0,"Four and a half LIM domains protein 2"
"Q14195","DPYSL3",-0.00225,0.98,0.987,FALSE,FALSE,FALSE,0,"Dihydropyrimidinase-related protein 3"
"Q14197","MRPL58",0.535,0.0261,0.065,FALSE,FALSE,FALSE,0,"Large ribosomal subunit protein mL62"
"Q14203","DCTN1",-0.069,0.332,0.449,FALSE,FALSE,FALSE,0,"Dynactin subunit 1"
"Q14204","DYNC1H1",-0.176,0.0313,0.075,FALSE,FALSE,FALSE,0,"Cytoplasmic dynein 1 heavy chain 1"
"Q14232","EIF2B1",0.00153,0.983,0.988,FALSE,FALSE,FALSE,0,"Translation initiation factor eIF2B subunit alpha"
"Q14240","EIF4A2",-0.182,0.0504,0.108,FALSE,FALSE,FALSE,0,"Eukaryotic initiation factor 4A-II"
"Q14241","ELOA",0.295,0.379,0.497,FALSE,FALSE,FALSE,0,"Elongin-A"
"Q14244","MAP7",0.0224,0.87,0.91,FALSE,FALSE,FALSE,0,"Ensconsin"
"Q14247","CTTN",-0.242,0.0901,0.167,FALSE,FALSE,FALSE,0,"Src substrate cortactin"
"Q14254","FLOT2",-0.0234,0.833,0.884,FALSE,FALSE,FALSE,0,"Flotillin-2"
"Q14257","RCN2",0.701,1.59e-05,0.00108,FALSE,FALSE,FALSE,0,"Reticulocalbin-2"
"Q14258","TRIM25",-0.131,0.103,0.184,FALSE,FALSE,FALSE,0,"E3 ubiquitin/ISG15 ligase TRIM25"
"Q14318","FKBP8",0.0343,0.644,0.738,FALSE,FALSE,FALSE,0,"Peptidyl-prolyl cis-trans isomerase FKBP8"
"Q14320","FAM50A",-0.0373,0.644,0.738,FALSE,FALSE,FALSE,0,"Protein FAM50A"
"Q14331","FRG1",-0.305,0.0407,0.0924,FALSE,FALSE,FALSE,0,"Protein FRG1"
"Q14353","GAMT",-0.55,0.00442,0.0187,FALSE,FALSE,FALSE,0,"Guanidinoacetate N-methyltransferase"
"Q14376","GALE",-0.184,0.0453,0.0995,FALSE,FALSE,FALSE,0,"UDP-glucose 4-epimerase"
"Q14435","GALNT3",0.784,0.000279,0.00427,FALSE,FALSE,FALSE,0,"Polypeptide N-acetylgalactosaminyltransferase 3"
"Q14444","CAPRIN1",0.16,0.174,0.276,FALSE,FALSE,FALSE,0,"Caprin-1"
"Q14451","GRB7",-0.41,0.000711,0.00669,FALSE,FALSE,FALSE,0,"Growth factor receptor-bound protein 7"
"Q14493","SLBP",0.25,0.137,0.23,FALSE,FALSE,FALSE,0,"Histone RNA hairpin-binding protein"
"Q14498","RBM39",-0.00747,0.944,0.964,FALSE,FALSE,FALSE,0,"RNA-binding protein 39"
"Q14527","HLTF",-0.185,0.384,0.502,FALSE,FALSE,FALSE,0,"DNA-dependent ATPase/E3 ubiquitin-protein ligase HLTF"
"Q14554","PDIA5",0.457,0.00661,0.0242,FALSE,FALSE,FALSE,0,"Protein disulfide-isomerase A5"
"Q14558","PRPSAP1",-0.163,0.0454,0.0998,FALSE,FALSE,FALSE,0,"Phosphoribosyl pyrophosphate synthase-associated protein 1"
"Q14566","MCM6",-0.125,0.152,0.25,FALSE,FALSE,FALSE,0,"DNA replication licensing factor MCM6"
"Q14573","ITPR3",0.248,0.0986,0.178,FALSE,FALSE,FALSE,0,"Inositol 1,4,5-trisphosphate-gated calcium channel ITPR3"
"Q14651","PLS1",0.145,0.103,0.183,FALSE,FALSE,FALSE,0,"Plastin-1"
"Q14653","IRF3",-0.276,0.00348,0.0163,FALSE,FALSE,FALSE,0,"Interferon regulatory factor 3"
"Q14669","TRIP12",-0.0324,0.766,0.834,FALSE,FALSE,FALSE,0,"E3 ubiquitin-protein ligase TRIP12"
"Q14671","PUM1",0.146,0.0617,0.125,FALSE,FALSE,FALSE,0,"Pumilio homolog 1"
"Q14676","MDC1",0.0897,0.313,0.429,FALSE,FALSE,FALSE,0,"Mediator of DNA damage checkpoint protein 1"
"Q14677","CLINT1",-0.366,0.00187,0.011,FALSE,FALSE,FALSE,0,"Clathrin interactor 1"
"Q14683","SMC1A",-0.00126,0.987,0.991,FALSE,FALSE,FALSE,0,"Structural maintenance of chromosomes protein 1A"
"Q14684","RRP1B",0.0912,0.284,0.399,FALSE,FALSE,FALSE,0,"Ribosomal RNA processing protein 1 homolog B"
"Q14690","PDCD11",0.455,0.0245,0.0619,FALSE,FALSE,FALSE,0,"Protein RRP5 homolog"
"Q14692","BMS1",0.525,0.0233,0.0597,FALSE,FALSE,FALSE,0,"Ribosome biogenesis protein BMS1 homolog"
"Q14694","USP10",0.0534,0.576,0.682,FALSE,FALSE,FALSE,0,"Ubiquitin carboxyl-terminal hydrolase 10"
"Q14696","MESD",0.592,0.00292,0.0147,FALSE,FALSE,FALSE,0,"LRP chaperone MESD"
"Q14697","GANAB",0.395,0.00615,0.023,FALSE,FALSE,FALSE,0,"Neutral alpha-glucosidase AB"
"Q14728","SLC75A1",0.257,0.468,0.585,FALSE,FALSE,FALSE,0,"Solute carrier family 75 member 1"
"Q14738","PPP2R5D",-0.318,0.00181,0.0109,FALSE,FALSE,FALSE,0,"Serine/threonine-protein phosphatase 2A 56 kDa regulatory subunit delta isoform"
"Q14739","LBR",0.305,0.0407,0.0924,FALSE,FALSE,FALSE,0,"Delta(14)-sterol reductase LBR"
"Q14764","MVP",-0.766,8.6e-06,0.000804,FALSE,FALSE,FALSE,0,"Major vault protein"
"Q14789","GOLGB1",-0.254,0.0121,0.037,FALSE,FALSE,FALSE,0,"Golgin subfamily B member 1"
"Q14790","CASP8",-0.115,0.222,0.332,FALSE,FALSE,FALSE,0,"Caspase-8"
"Q14807","KIF22",0.576,0.0348,0.081,FALSE,FALSE,FALSE,0,"Kinesin-like protein KIF22"
"Q14839","CHD4",-0.0714,0.395,0.513,FALSE,FALSE,FALSE,0,"ATP-dependent chromatin remodeler CHD4"
"Q14847","LASP1",0.0568,0.522,0.632,FALSE,FALSE,FALSE,0,"LIM and SH3 domain protein 1"
"Q14849","STARD3",-0.123,0.212,0.321,FALSE,FALSE,FALSE,0,"StAR-related lipid transfer protein 3"
"Q14914","PTGR1",-0.205,0.107,0.189,FALSE,FALSE,FALSE,0,"Prostaglandin reductase 1"
"Q14919","DRAP1",-0.0361,0.813,0.869,FALSE,FALSE,FALSE,0,"Dr1-associated corepressor"
"Q14966","ZNF638",-0.192,0.0483,0.104,FALSE,FALSE,FALSE,0,"Zinc finger protein 638"
"Q14974","KPNB1",0.0269,0.703,0.784,FALSE,FALSE,FALSE,0,"Importin subunit beta-1"
"Q14978","NOLC1",0.191,0.0973,0.177,FALSE,FALSE,FALSE,0,"Nucleolar and coiled-body phosphoprotein 1"
"Q14980","NUMA1",-0.186,0.0448,0.0988,FALSE,FALSE,FALSE,0,"Nuclear mitotic apparatus protein 1"
"Q14997","PSME4",0.0103,0.952,0.969,FALSE,FALSE,FALSE,0,"Proteasome activator complex subunit 4"
"Q14BN4","SLMAP",0.184,0.206,0.314,FALSE,FALSE,FALSE,0,"Sarcolemmal membrane-associated protein"
"Q14C86","GAPVD1",0.0399,0.7,0.782,FALSE,FALSE,FALSE,0,"GTPase-activating protein and VPS9 domain-containing protein 1"
"Q14CX7","NAA25",0.00706,0.928,0.952,FALSE,FALSE,FALSE,0,"N-alpha-acetyltransferase 25, NatB auxiliary subunit"
"Q15003","NCAPH",0.213,0.0125,0.0378,FALSE,FALSE,FALSE,0,"Condensin complex subunit 2"
"Q15004","PCLAF",0.243,0.0712,0.139,FALSE,FALSE,FALSE,0,"PCNA-associated factor"
"Q15005","SPCS2",0.447,0.00882,0.0294,FALSE,FALSE,FALSE,0,"Signal peptidase complex subunit 2"
"Q15006","EMC2",0.452,0.00664,0.0242,FALSE,FALSE,FALSE,0,"ER membrane protein complex subunit 2"
"Q15007","WTAP",0.222,0.0989,0.178,FALSE,FALSE,FALSE,0,"Pre-mRNA-splicing regulator WTAP"
"Q15008","PSMD6",-0.147,0.0907,0.167,FALSE,FALSE,FALSE,0,"26S proteasome non-ATPase regulatory subunit 6"
"Q15018","ABRAXAS2",-0.0924,0.368,0.487,FALSE,FALSE,FALSE,0,"BRISC complex subunit Abraxas 2"
"Q15019","SEPTIN2",-0.195,0.0303,0.0732,FALSE,FALSE,FALSE,0,"Septin-2"
"Q15020","SART3",-0.133,0.0792,0.151,FALSE,FALSE,FALSE,0,"Spliceosome associated factor 3, U4/U6 recycling protein"
"Q15021","NCAPD2",0.00554,0.954,0.971,FALSE,FALSE,FALSE,0,"Condensin complex subunit 1"
"Q15022","SUZ12",0.238,0.183,0.287,FALSE,FALSE,FALSE,0,"Polycomb protein SUZ12"
"Q15024","EXOSC7",0.325,0.00677,0.0244,FALSE,FALSE,FALSE,0,"Exosome complex component RRP42"
"Q15027","ACAP1",-0.0599,0.431,0.549,FALSE,FALSE,FALSE,0,"Arf-GAP with coiled-coil, ANK repeat and PH domain-containing protein 1"
"Q15029","EFTUD2",0.104,0.197,0.305,FALSE,FALSE,FALSE,0,"116 kDa U5 small nuclear ribonucleoprotein component"
"Q15031","LARS2",0.489,0.00272,0.014,FALSE,FALSE,FALSE,0,"Leucine--tRNA ligase, mitochondrial"
"Q15041","ARL6IP1",0.519,0.00983,0.0319,FALSE,FALSE,FALSE,0,"ADP-ribosylation factor-like protein 6-interacting protein 1"
"Q15042","RAB3GAP1",-0.0512,0.509,0.62,FALSE,FALSE,FALSE,0,"Rab3 GTPase-activating protein catalytic subunit"
"Q15046","KARS1",0.0566,0.398,0.516,FALSE,FALSE,FALSE,0,"Lysine--tRNA ligase"
"Q15050","RRS1",0.403,0.00175,0.0108,FALSE,FALSE,FALSE,0,"Ribosome biogenesis regulatory protein homolog"
"Q15056","EIF4H",-0.0706,0.411,0.529,FALSE,FALSE,FALSE,0,"Eukaryotic translation initiation factor 4H"
"Q15057","ACAP2",0.104,0.428,0.546,FALSE,FALSE,FALSE,0,"Arf-GAP with coiled-coil, ANK repeat and PH domain-containing protein 2"
"Q15061","WDR43",0.575,0.00092,0.0076,FALSE,FALSE,FALSE,0,"WD repeat-containing protein 43"
"Q15067","ACOX1",0.0876,0.418,0.535,FALSE,FALSE,FALSE,0,"Peroxisomal acyl-coenzyme A oxidase 1"
"Q15070","OXA1L",0.735,0.00509,0.0203,FALSE,FALSE,FALSE,0,"Mitochondrial inner membrane protein OXA1L"
"Q15075","EEA1",0.313,0.0037,0.0169,FALSE,FALSE,FALSE,0,"Early endosome antigen 1"
"Q15084","PDIA6",0.502,0.000668,0.0065,FALSE,FALSE,FALSE,0,"Protein disulfide-isomerase A6"
"Q15102","PAFAH1B3",-0.189,0.0618,0.125,FALSE,FALSE,FALSE,0,"Platelet-activating factor acetylhydrolase IB subunit alpha1"
"Q15121","PEA15",0.291,0.0245,0.062,FALSE,FALSE,FALSE,0,"Astrocytic phosphoprotein PEA-15"
"Q15125","EBP",0.936,0.00547,0.0214,FALSE,FALSE,FALSE,0,"3-beta-hydroxysteroid-Delta(8),Delta(7)-isomerase"
"Q15126","PMVK",-0.267,0.0122,0.0371,FALSE,FALSE,FALSE,0,"Phosphomevalonate kinase"
"Q15149","PLEC",0.297,0.00317,0.0154,FALSE,FALSE,FALSE,0,"Plectin"
"Q15165","PON2",0.353,0.0224,0.0578,FALSE,FALSE,FALSE,0,"Serum paraoxonase/arylesterase 2"
"Q15172","PPP2R5A",-0.372,0.00239,0.0129,FALSE,FALSE,FALSE,0,"Serine/threonine-protein phosphatase 2A 56 kDa regulatory subunit alpha isoform"
"Q15181","PPA1",-0.158,0.105,0.186,FALSE,FALSE,FALSE,0,"Inorganic pyrophosphatase"
"Q15185","PTGES3",-0.094,0.263,0.377,FALSE,FALSE,FALSE,0,"Prostaglandin E synthase 3"
"Q15208","STK38",-0.183,0.359,0.478,FALSE,FALSE,FALSE,0,"Serine/threonine-protein kinase 38"
"Q15233","NONO",-0.0159,0.848,0.895,FALSE,FALSE,FALSE,0,"Non-POU domain-containing octamer-binding protein"
"Q15257","PTPA",-0.371,0.00301,0.0149,FALSE,FALSE,FALSE,0,"Serine/threonine-protein phosphatase 2A activator"
"Q15262","PTPRK",-0.395,0.00308,0.0151,FALSE,FALSE,FALSE,0,"Receptor-type tyrosine-protein phosphatase kappa"
"Q15269","PWP2",0.781,0.00307,0.0151,FALSE,FALSE,FALSE,0,"Periodic tryptophan protein 2 homolog"
"Q15287","RNPS1",0.258,0.026,0.0648,FALSE,FALSE,FALSE,0,"RNA-binding protein with serine-rich domain 1"
"Q15291","RBBP5",0.0265,0.888,0.924,FALSE,FALSE,FALSE,0,"Retinoblastoma-binding protein 5"
"Q15293","RCN1",0.316,0.0323,0.0767,FALSE,FALSE,FALSE,0,"Reticulocalbin-1"
"Q15363","TMED2",0.0272,0.785,0.846,FALSE,FALSE,FALSE,0,"Transmembrane emp24 domain-containing protein 2"
"Q15365","PCBP1",-0.237,0.015,0.0434,FALSE,FALSE,FALSE,0,"Poly(rC)-binding protein 1"
"Q15366","PCBP2",-0.199,0.0531,0.112,FALSE,FALSE,FALSE,0,"Poly(rC)-binding protein 2"
"Q15369","ELOC",0.0413,0.64,0.734,FALSE,FALSE,FALSE,0,"Elongin-C"
"Q15370","ELOB",0.0259,0.784,0.846,FALSE,FALSE,FALSE,0,"Elongin-B"
"Q15382","RHEB",0.341,0.00976,0.0317,FALSE,FALSE,FALSE,0,"GTP-binding protein Rheb"
"Q15392","DHCR24",0.796,0.000119,0.00295,FALSE,FALSE,FALSE,0,"Delta(24)-sterol reductase"
"Q15393","SF3B3",0.0848,0.265,0.379,FALSE,FALSE,FALSE,0,"Splicing factor 3B subunit 3"
"Q15397","PUM3",0.569,0.00812,0.0276,FALSE,FALSE,FALSE,0,"Pumilio homolog 3"
"Q15404","RSU1",-0.116,0.287,0.403,FALSE,FALSE,FALSE,0,"Ras suppressor protein 1"
"Q15417","CNN3",-0.389,0.0101,0.0324,FALSE,FALSE,FALSE,0,"Calponin-3"
"Q15418","RPS6KA1",-0.115,0.206,0.315,FALSE,FALSE,FALSE,0,"Ribosomal protein S6 kinase alpha-1"
"Q15424","SAFB",-0.109,0.18,0.284,FALSE,FALSE,FALSE,0,"Scaffold attachment factor B1"
"Q15427","SF3B4",0.114,0.335,0.452,FALSE,FALSE,FALSE,0,"Splicing factor 3B subunit 4"
"Q15428","SF3A2",0.0173,0.822,0.875,FALSE,FALSE,FALSE,0,"Splicing factor 3A subunit 2"
"Q15434","RBMS2",0.952,3.82e-05,0.00169,FALSE,FALSE,FALSE,0,"RNA-binding motif, single-stranded-interacting protein 2"
"Q15435","PPP1R7",-0.267,0.016,0.0455,FALSE,FALSE,FALSE,0,"Protein phosphatase 1 regulatory subunit 7"
"Q15436","SEC23A",-0.112,0.159,0.259,FALSE,FALSE,FALSE,0,"Protein transport protein Sec23A"
"Q15437","SEC23B",-0.347,0.00954,0.0312,FALSE,FALSE,FALSE,0,"Protein transport protein Sec23B"
"Q15459","SF3A1",-0.0017,0.981,0.987,FALSE,FALSE,FALSE,0,"Splicing factor 3A subunit 1"
"Q15477","SKIC2",-0.279,0.0125,0.0378,FALSE,FALSE,FALSE,0,"Superkiller complex protein 2"
"Q15532","SS18",-0.254,0.0176,0.0487,FALSE,FALSE,FALSE,0,"Protein SSXT"
"Q15555","MAPRE2",-0.516,0.000127,0.00305,FALSE,FALSE,FALSE,0,"Microtubule-associated protein RP/EB family member 2"
"Q15629","TRAM1",0.735,0.000298,0.00432,FALSE,FALSE,FALSE,0,"Translocating chain-associated membrane protein 1"
"Q15631","TSN",-0.164,0.0527,0.112,FALSE,FALSE,FALSE,0,"Translin"
"Q15637","SF1",-0.157,0.063,0.127,FALSE,FALSE,FALSE,0,"Splicing factor 1"
"Q15642","TRIP10",0.139,0.0837,0.157,FALSE,FALSE,FALSE,0,"Cdc42-interacting protein 4"
"Q15643","TRIP11",-0.0796,0.361,0.48,FALSE,FALSE,FALSE,0,"Thyroid receptor-interacting protein 11"
"Q15645","TRIP13",-0.0392,0.647,0.74,FALSE,FALSE,FALSE,0,"Pachytene checkpoint protein 2 homolog"
"Q15648","MED1",-0.118,0.412,0.529,FALSE,FALSE,FALSE,0,"Mediator of RNA polymerase II transcription subunit 1"
"Q15653","NFKBIB",-0.233,0.0385,0.0885,FALSE,FALSE,FALSE,0,"NF-kappa-B inhibitor beta"
"Q15654","TRIP6",-0.0486,0.666,0.756,FALSE,FALSE,FALSE,0,"Thyroid receptor-interacting protein 6"
"Q15691","MAPRE1",0.0907,0.341,0.458,FALSE,FALSE,FALSE,0,"Microtubule-associated protein RP/EB family member 1"
"Q15717","ELAVL1",0.181,0.0615,0.125,FALSE,FALSE,FALSE,0,"ELAV-like protein 1"
"Q15738","NSDHL",0.687,0.000637,0.00634,FALSE,FALSE,FALSE,0,"Sterol-4-alpha-carboxylate 3-dehydrogenase, decarboxylating"
"Q15758","SLC1A5",0.846,3.24e-05,0.0016,FALSE,FALSE,FALSE,0,"Neutral amino acid transporter B(0)"
"Q15785","TOMM34",0.0902,0.225,0.335,FALSE,FALSE,FALSE,0,"Mitochondrial import receptor subunit TOM34"
"Q15813","TBCE",-0.157,0.0985,0.178,FALSE,FALSE,FALSE,0,"Tubulin-specific chaperone E"
"Q15819","UBE2V2",0.029,0.774,0.839,FALSE,FALSE,FALSE,0,"Ubiquitin-conjugating enzyme E2 variant 2"
"Q15833","STXBP2",-0.000425,0.996,0.998,FALSE,FALSE,FALSE,0,"Syntaxin-binding protein 2"
"Q15836","VAMP3",0.19,0.0498,0.107,FALSE,FALSE,FALSE,0,"Vesicle-associated membrane protein 3"
"Q15843","NEDD8",-0.0431,0.598,0.699,FALSE,FALSE,FALSE,0,"Ubiquitin-like protein NEDD8"
"Q15904","ATP6AP1",0.813,0.00251,0.0133,FALSE,FALSE,FALSE,0,"V-type proton ATPase subunit S1"
"Q15907","RAB11B",0.16,0.0888,0.165,FALSE,FALSE,FALSE,0,"Ras-related protein Rab-11B"
"Q15942","ZYX",0.306,0.0027,0.0139,FALSE,FALSE,FALSE,0,"Zyxin"
"Q16181","SEPTIN7",-0.117,0.114,0.199,FALSE,FALSE,FALSE,0,"Septin-7"
"Q16186","ADRM1",0.00193,0.988,0.992,FALSE,FALSE,FALSE,0,"Proteasomal ubiquitin receptor ADRM1"
"Q16204","CCDC6",0.00416,0.964,0.976,FALSE,FALSE,FALSE,0,"Coiled-coil domain-containing protein 6"
"Q16222","UAP1",-0.0558,0.689,0.774,FALSE,FALSE,FALSE,0,"UDP-N-acetylhexosamine pyrophosphorylase"
"Q16401","PSMD5",-0.26,0.00944,0.031,FALSE,FALSE,FALSE,0,"26S proteasome non-ATPase regulatory subunit 5"
"Q16513","PKN2",-0.0648,0.523,0.633,FALSE,FALSE,FALSE,0,"Serine/threonine-protein kinase N2"
"Q16527","CSRP2",-0.222,0.23,0.341,FALSE,FALSE,FALSE,0,"Cysteine and glycine-rich protein 2"
"Q16531","DDB1",-0.00259,0.973,0.982,FALSE,FALSE,FALSE,0,"DNA damage-binding protein 1"
"Q16537","PPP2R5E",-0.166,0.0356,0.0825,FALSE,FALSE,FALSE,0,"Serine/threonine-protein phosphatase 2A 56 kDa regulatory subunit epsilon isoform"
"Q16539","MAPK14",-0.0511,0.52,0.631,FALSE,FALSE,FALSE,0,"Mitogen-activated protein kinase 14"
"Q16540","MRPL23",0.649,0.0138,0.0409,FALSE,FALSE,FALSE,0,"Large ribosomal subunit protein uL23m"
"Q16543","CDC37",0.0656,0.383,0.501,FALSE,FALSE,FALSE,0,"Hsp90 co-chaperone Cdc37"
"Q16555","DPYSL2",-0.39,0.00262,0.0138,FALSE,FALSE,FALSE,0,"Dihydropyrimidinase-related protein 2"
"Q16576","RBBP7",0.0589,0.463,0.579,FALSE,FALSE,FALSE,0,"Histone-binding protein RBBP7"
"Q16625","OCLN",0.417,0.00207,0.0118,FALSE,FALSE,FALSE,0,"Occludin"
"Q16629","SRSF7",0.254,0.0156,0.0447,FALSE,FALSE,FALSE,0,"Serine/arginine-rich splicing factor 7"
"Q16630","CPSF6",-0.143,0.113,0.197,FALSE,FALSE,FALSE,0,"Cleavage and polyadenylation specificity factor subunit 6"
"Q16637","SMN1",-0.0503,0.618,0.716,FALSE,FALSE,FALSE,0,"Survival motor neuron protein"
"Q16643","DBN1",0.196,0.0514,0.11,FALSE,FALSE,FALSE,0,"Drebrin"
"Q16644","MAPKAPK3",-0.0125,0.89,0.926,FALSE,FALSE,FALSE,0,"MAP kinase-activated protein kinase 3"
"Q16651","PRSS8",0.487,0.00724,0.0257,FALSE,FALSE,FALSE,0,"Prostasin"
"Q16658","FSCN1",-0.255,0.07,0.138,FALSE,FALSE,FALSE,0,"Fascin"
"Q16698","DECR1",0.106,0.248,0.363,FALSE,FALSE,FALSE,0,"2,4-dienoyl-CoA reductase [(3E)-enoyl-CoA-producing], mitochondrial"
"Q16706","MAN2A1",0.203,0.0443,0.0981,FALSE,FALSE,FALSE,0,"Alpha-mannosidase 2"
"Q16718","NDUFA5",0.121,0.271,0.384,FALSE,FALSE,FALSE,0,"NADH dehydrogenase [ubiquinone] 1 alpha subcomplex subunit 5"
"Q16719","KYNU",0.0303,0.767,0.834,FALSE,FALSE,FALSE,0,"Kynureninase"
"Q16740","CLPP",0.609,0.00177,0.0108,FALSE,FALSE,FALSE,0,"ATP-dependent Clp protease proteolytic subunit, mitochondrial"
"Q16762","TST",-0.278,0.116,0.201,FALSE,FALSE,FALSE,0,"Thiosulfate sulfurtransferase"
"Q16774","GUK1",-0.0613,0.499,0.611,FALSE,FALSE,FALSE,0,"Guanylate kinase"
"Q16775","HAGH",0.0455,0.586,0.69,FALSE,FALSE,FALSE,0,"Hydroxyacylglutathione hydrolase, mitochondrial"
"Q16795","NDUFA9",-0.0576,0.62,0.717,FALSE,FALSE,FALSE,0,"NADH dehydrogenase [ubiquinone] 1 alpha subcomplex subunit 9, mitochondrial"
"Q16822","PCK2",0.341,0.0326,0.0772,FALSE,FALSE,FALSE,0,"Phosphoenolpyruvate carboxykinase [GTP], mitochondrial"
"Q16831","UPP1",0.198,0.0544,0.114,FALSE,FALSE,FALSE,0,"Uridine phosphorylase 1"
"Q16836","HADH",0.548,0.00553,0.0215,FALSE,FALSE,FALSE,0,"Hydroxyacyl-coenzyme A dehydrogenase, mitochondrial"
"Q16850","CYP51A1",-0.0445,0.743,0.817,FALSE,FALSE,FALSE,0,"Lanosterol 14-alpha demethylase"
"Q16851","UGP2",-0.383,0.00147,0.0099,FALSE,FALSE,FALSE,0,"UTP--glucose-1-phosphate uridylyltransferase"
"Q16864","ATP6V1F",0.278,0.00428,0.0183,FALSE,FALSE,FALSE,0,"V-type proton ATPase subunit F"
"Q16875","PFKFB3",-0.29,0.0277,0.0681,FALSE,FALSE,FALSE,0,"6-phosphofructo-2-kinase/fructose-2,6-bisphosphatase 3"
"Q16880","UGT8",0.107,0.375,0.494,FALSE,FALSE,FALSE,0,"2-hydroxyacylsphingosine 1-beta-galactosyltransferase"
"Q16881","TXNRD1",-0.527,0.000206,0.00377,FALSE,FALSE,FALSE,0,"Thioredoxin reductase 1, cytoplasmic"
"Q16891","IMMT",0.439,0.00179,0.0108,FALSE,FALSE,FALSE,0,"MICOS complex subunit MIC60"
"Q1ED39","KNOP1",0.158,0.29,0.405,FALSE,FALSE,FALSE,0,"Lysine-rich nucleolar protein 1"
"Q1KMD3","HNRNPUL2",0.0286,0.702,0.783,FALSE,FALSE,FALSE,0,"Heterogeneous nuclear ribonucleoprotein U-like protein 2"
"Q27J81","INF2",0.00541,0.937,0.959,FALSE,FALSE,FALSE,0,"Inverted formin-2"
"Q29RF7","PDS5A",-0.192,0.0319,0.0757,FALSE,FALSE,FALSE,0,"Sister chromatid cohesion protein PDS5 homolog A"
"Q2M389","WASHC4",-0.267,0.0555,0.116,FALSE,FALSE,FALSE,0,"WASH complex subunit 4"
"Q2NL82","TSR1",0.177,0.177,0.279,FALSE,FALSE,FALSE,0,"Pre-rRNA-processing protein TSR1 homolog"
"Q2PZI1","DPY19L1",0.425,0.00706,0.0252,FALSE,FALSE,FALSE,0,"Protein C-mannosyl-transferase DPY19L1"
"Q2TAA2","IAH1",-0.194,0.0617,0.125,FALSE,FALSE,FALSE,0,"Isoamyl acetate-hydrolyzing esterase 1 homolog"
"Q2TAL8","QRICH1",-0.138,0.492,0.605,FALSE,FALSE,FALSE,0,"Transcriptional regulator QRICH1"
"Q2TAY7","SMU1",-0.0656,0.436,0.553,FALSE,FALSE,FALSE,0,"WD40 repeat-containing protein SMU1"
"Q2TB90","HKDC1",-0.785,0.000296,0.00432,FALSE,FALSE,FALSE,0,"Hexokinase HKDC1"
"Q32MZ4","LRRFIP1",-0.279,0.0244,0.0619,FALSE,FALSE,FALSE,0,"Leucine-rich repeat flightless-interacting protein 1"
"Q32P28","P3H1",0.629,0.00364,0.0168,FALSE,FALSE,FALSE,0,"Prolyl 3-hydroxylase 1"
"Q32P44","EML3",-0.619,0.000316,0.00445,FALSE,FALSE,FALSE,0,"Echinoderm microtubule-associated protein-like 3"
"Q3B726","POLR1F",0.0141,0.9,0.932,FALSE,FALSE,FALSE,0,"DNA-directed RNA polymerase I subunit RPA43"
"Q3LXA3","TKFC",-0.537,0.000379,0.00476,FALSE,FALSE,FALSE,0,"Triokinase/FMN cyclase"
"Q3MHD2","LSM12",0.543,0.0957,0.174,FALSE,FALSE,FALSE,0,"Protein LSM12"
"Q3YEC7","RABL6",-0.421,0.0043,0.0184,FALSE,FALSE,FALSE,0,"Rab-like protein 6"
"Q3ZCQ8","TIMM50",0.642,0.00265,0.0139,FALSE,FALSE,FALSE,0,"Mitochondrial import inner membrane translocase subunit TIM50"
"Q49A26","GLYR1",0.104,0.532,0.641,FALSE,FALSE,FALSE,0,"Cytokine-like nuclear factor N-PAC"
"Q4G176","ACSF3",0.223,0.135,0.228,FALSE,FALSE,FALSE,0,"Malonate--CoA ligase ACSF3, mitochondrial"
"Q4J6C6","PREPL",0.409,0.0202,0.0536,FALSE,FALSE,FALSE,0,"Prolyl endopeptidase-like"
"Q4U2R6","MRPL51",0.754,0.0108,0.0342,FALSE,FALSE,FALSE,0,"Large ribosomal subunit protein mL51"
"Q4V328","GRIPAP1",-0.0418,0.561,0.667,FALSE,FALSE,FALSE,0,"GRIP1-associated protein 1"
"Q4VC31","MIX23",0.477,0.00109,0.00837,FALSE,FALSE,FALSE,0,"Protein MIX23"
"Q52LJ0","FAM98B",-0.302,0.0175,0.0486,FALSE,FALSE,FALSE,0,"tRNA-splicing ligase complex subunit FAM98B"
"Q53EP0","FNDC3B",0.287,0.00597,0.0226,FALSE,FALSE,FALSE,0,"Fibronectin type III domain-containing protein 3B"
"Q53F19","NCBP3",-0.108,0.558,0.665,FALSE,FALSE,FALSE,0,"Nuclear cap-binding protein subunit 3"
"Q53FA7","TP53I3",-0.506,0.000383,0.00478,FALSE,FALSE,FALSE,0,"Quinone oxidoreductase PIG3"
"Q53FV1","ORMDL2",-0.137,0.402,0.52,FALSE,FALSE,FALSE,0,"ORM1-like protein 2"
"Q53FZ2","ACSM3",-0.205,0.0623,0.126,FALSE,FALSE,FALSE,0,"Acyl-coenzyme A synthetase ACSM3, mitochondrial"
"Q53GA4","PHLDA2",0.601,2.37e-05,0.00138,FALSE,FALSE,FALSE,0,"Pleckstrin homology-like domain family A member 2"
"Q53GQ0","HSD17B12",0.703,0.00414,0.018,FALSE,FALSE,FALSE,0,"Very-long-chain 3-oxoacyl-CoA reductase"
"Q53GS9","USP39",0.0679,0.533,0.641,FALSE,FALSE,FALSE,0,"Ubiquitin carboxyl-terminal hydrolase 39"
"Q53H12","AGK",0.313,0.0446,0.0985,FALSE,FALSE,FALSE,0,"Acylglycerol kinase, mitochondrial"
"Q53H82","LACTB2",0.508,0.000149,0.00322,FALSE,FALSE,FALSE,0,"Endoribonuclease LACTB2"
"Q53H96","PYCR3",-0.243,0.0369,0.0852,FALSE,FALSE,FALSE,0,"Pyrroline-5-carboxylate reductase 3"
"Q53HC9","EIPR1",-0.125,0.156,0.255,FALSE,FALSE,FALSE,0,"EARP and GARP complex-interacting protein 1"
"Q53T59","HS1BP3",-0.153,0.0499,0.107,FALSE,FALSE,FALSE,0,"HCLS1-binding protein 3"
"Q567U6","CCDC93",-0.0567,0.516,0.627,FALSE,FALSE,FALSE,0,"Coiled-coil domain-containing protein 93"
"Q56VL3","OCIAD2",0.44,0.042,0.0944,FALSE,FALSE,FALSE,0,"OCIA domain-containing protein 2"
"Q58DX5","NAALADL2",0.259,0.0478,0.104,FALSE,FALSE,FALSE,0,"Inactive N-acetylated-alpha-linked acidic dipeptidase-like protein 2"
"Q5BJD5","TMEM41B",0.117,0.607,0.707,FALSE,FALSE,FALSE,0,"Transmembrane protein 41B"
"Q5BKZ1","ZNF326",-0.019,0.85,0.896,FALSE,FALSE,FALSE,0,"DBIRD complex subunit ZNF326"
"Q5EBL8","PDZD11",-0.00365,0.958,0.974,FALSE,FALSE,FALSE,0,"PDZ domain-containing protein 11"
"Q5GLZ8","HERC4",0.0512,0.598,0.699,FALSE,FALSE,FALSE,0,"Probable E3 ubiquitin-protein ligase HERC4"
"Q5H9R7","PPP6R3",-0.00938,0.889,0.924,FALSE,FALSE,FALSE,0,"Serine/threonine-protein phosphatase 6 regulatory subunit 3"
"Q5HYI8","RABL3",0.271,0.0934,0.171,FALSE,FALSE,FALSE,0,"Rab-like protein 3"
"Q5HYK3","COQ5",0.66,0.00385,0.0174,FALSE,FALSE,FALSE,0,"2-methoxy-6-polyprenyl-1,4-benzoquinol methylase, mitochondrial"
"Q5J8M3","EMC4",0.454,0.00343,0.0161,FALSE,FALSE,FALSE,0,"ER membrane protein complex subunit 4"
"Q5JPH6","EARS2",0.551,0.0107,0.0339,FALSE,FALSE,FALSE,0,"Nondiscriminating glutamyl-tRNA synthetase EARS2, mitochondrial"
"Q5JRA6","MIA3",0.0711,0.423,0.541,FALSE,FALSE,FALSE,0,"Transport and Golgi organization protein 1 homolog"
"Q5JRX3","PITRM1",0.622,0.00196,0.0113,FALSE,FALSE,FALSE,0,"Presequence protease, mitochondrial"
"Q5JTH9","RRP12",0.559,0.00334,0.0159,FALSE,FALSE,FALSE,0,"RRP12-like protein"
"Q5JTJ3","COA6",0.686,0.000256,0.00405,FALSE,FALSE,FALSE,0,"Cytochrome c oxidase assembly factor 6 homolog"
"Q5JTV8","TOR1AIP1",0.316,0.0467,0.102,FALSE,FALSE,FALSE,0,"Torsin-1A-interacting protein 1"
"Q5JTZ9","AARS2",0.374,0.0219,0.057,FALSE,FALSE,FALSE,0,"Alanine--tRNA ligase, mitochondrial"
"Q5JVF3","PCID2",-0.0792,0.678,0.765,FALSE,FALSE,FALSE,0,"PCI domain-containing protein 2"
"Q5K651","SAMD9",-0.614,5.25e-05,0.00189,FALSE,FALSE,FALSE,0,"Sterile alpha motif domain-containing protein 9"
"Q5MNZ6","WDR45B",-0.429,0.00777,0.0269,FALSE,FALSE,FALSE,0,"WD repeat domain phosphoinositide-interacting protein 3"
"Q5QJE6","DNTTIP2",0.5,0.00152,0.01,FALSE,FALSE,FALSE,0,"Deoxynucleotidyltransferase terminal-interacting protein 2"
"Q5R3I4","TTC38",-0.233,0.0393,0.0901,FALSE,FALSE,FALSE,0,"Tetratricopeptide repeat protein 38"
"Q5RKV6","EXOSC6",0.286,0.0157,0.0448,FALSE,FALSE,FALSE,0,"Exosome complex component MTR3"
"Q5SRE5","NUP188",0.349,0.0224,0.0578,FALSE,FALSE,FALSE,0,"Nucleoporin NUP188"
"Q5SSJ5","HP1BP3",0.143,0.257,0.371,FALSE,FALSE,FALSE,0,"Heterochromatin protein 1-binding protein 3"
"Q5ST30","VARS2",0.401,0.011,0.0345,FALSE,FALSE,FALSE,0,"Valine--tRNA ligase, mitochondrial"
"Q5SW79","CEP170",0.28,0.0332,0.0782,FALSE,FALSE,FALSE,0,"Centrosomal protein of 170 kDa"
"Q5SWX8","ODR4",0.13,0.267,0.38,FALSE,FALSE,FALSE,0,"Protein odr-4 homolog"
"Q5SY16","NOL9",0.611,0.00295,0.0147,FALSE,FALSE,FALSE,0,"Polynucleotide 5'-hydroxyl-kinase NOL9"
"Q5T0N5","FNBP1L",-0.279,0.0107,0.0339,FALSE,FALSE,FALSE,0,"Formin-binding protein 1-like"
"Q5T0W9","FAM83B",-0.107,0.412,0.53,FALSE,FALSE,FALSE,0,"Protein FAM83B"
"Q5T0Z8","C6orf132",0.398,0.00125,0.00907,FALSE,FALSE,FALSE,0,"Uncharacterized protein C6orf132"
"Q5T440","IBA57",0.635,0.00991,0.0322,FALSE,FALSE,FALSE,0,"Iron-sulfur cluster assembly factor IBA57, mitochondrial"
"Q5T4S7","UBR4",-0.0174,0.816,0.87,FALSE,FALSE,FALSE,0,"E3 ubiquitin-protein ligase UBR4"
"Q5T5P2","KIAA1217",-0.573,0.000608,0.00628,FALSE,FALSE,FALSE,0,"Sickle tail protein homolog"
"Q5T601","ADGRF1",0.452,0.000985,0.00791,FALSE,FALSE,FALSE,0,"Adhesion G protein-coupled receptor F1"
"Q5T653","MRPL2",0.571,0.000569,0.00602,FALSE,FALSE,FALSE,0,"Large ribosomal subunit protein uL2m"
"Q5T6F2","UBAP2",-0.00623,0.962,0.975,FALSE,FALSE,FALSE,0,"Ubiquitin-associated protein 2"
"Q5T6V5","QNG1",-0.151,0.226,0.337,FALSE,FALSE,FALSE,0,"Queuosine 5'-phosphate N-glycosylase/hydrolase"
"Q5T8D3","ACBD5",0.0537,0.609,0.709,FALSE,FALSE,FALSE,0,"Acyl-CoA-binding domain-containing protein 5"
"Q5T9L3","WLS",0.436,0.0443,0.0982,FALSE,FALSE,FALSE,0,"Protein wntless homolog"
"Q5TAQ9","DCAF8",-0.256,0.0246,0.062,FALSE,FALSE,FALSE,0,"DDB1- and CUL4-associated factor 8"
"Q5TC12","ATPAF1",0.442,0.0093,0.0307,FALSE,FALSE,FALSE,0,"ATP synthase mitochondrial F1 complex assembly factor 1"
"Q5TDH0","DDI2",0.188,0.242,0.356,FALSE,FALSE,FALSE,0,"Protein DDI1 homolog 2"
"Q5TEC6","H3-7",1.04,0.00671,0.0243,FALSE,FALSE,FALSE,0,"Histone H3-7"
"Q5TFE4","NT5DC1",-0.0702,0.308,0.424,FALSE,FALSE,FALSE,0,"5'-nucleotidase domain-containing protein 1"
"Q5U5X0","LYRM7",0.796,0.000635,0.00634,FALSE,FALSE,FALSE,0,"Complex III assembly factor LYRM7"
"Q5UCC4","EMC10",0.804,0.000966,0.00786,FALSE,FALSE,FALSE,0,"ER membrane protein complex subunit 10"
"Q5UIP0","RIF1",0.134,0.152,0.249,FALSE,FALSE,FALSE,0,"Telomere-associated protein RIF1"
"Q5VIR6","VPS53",-0.362,0.00818,0.0278,FALSE,FALSE,FALSE,0,"Vacuolar protein sorting-associated protein 53 homolog"
"Q5VT52","RPRD2",-0.32,0.01,0.0323,FALSE,FALSE,FALSE,0,"Regulation of nuclear pre-mRNA domain-containing protein 2"
"Q5VTL8","PRPF38B",-0.0419,0.699,0.781,FALSE,FALSE,FALSE,0,"Pre-mRNA-splicing factor 38B"
"Q5VTR2","RNF20",-0.0873,0.279,0.393,FALSE,FALSE,FALSE,0,"E3 ubiquitin-protein ligase BRE1A"
"Q5VV41","ARHGEF16",-0.0748,0.312,0.429,FALSE,FALSE,FALSE,0,"Rho guanine nucleotide exchange factor 16"
"Q5VV42","CDKAL1",-0.483,0.00201,0.0115,FALSE,FALSE,FALSE,0,"Threonylcarbamoyladenosine tRNA methylthiotransferase"
"Q5VW32","BROX",-0.366,0.000896,0.00749,FALSE,FALSE,FALSE,0,"BRO1 domain-containing protein BROX"
"Q5VWZ2","LYPLAL1",0.097,0.317,0.434,FALSE,FALSE,FALSE,0,"Lysophospholipase-like protein 1"
"Q5VYK3","ECPAS",-0.17,0.0429,0.0959,FALSE,FALSE,FALSE,0,"Proteasome adapter and scaffold protein ECM29"
"Q5VYY1","ANKRD22",-0.0692,0.599,0.7,FALSE,FALSE,FALSE,0,"Ankyrin repeat domain-containing protein 22"
"Q5VZE5","NAA35",-0.268,0.747,0.821,FALSE,FALSE,FALSE,0,"N-alpha-acetyltransferase 35, NatC auxiliary subunit"
"Q5VZK9","CARMIL1",-0.197,0.0265,0.0656,FALSE,FALSE,FALSE,0,"F-actin-uncapping protein LRRC16A"
"Q5XKP0","MICOS13",0.322,0.165,0.266,FALSE,FALSE,FALSE,0,"MICOS complex subunit MIC13"
"Q5ZPR3","CD276",0.18,0.178,0.281,FALSE,FALSE,FALSE,0,"CD276 antigen"
"Q63HN8","RNF213",-0.408,0.00214,0.012,FALSE,FALSE,FALSE,0,"E3 ubiquitin-protein ligase RNF213"
"Q641Q2","WASHC2A",-0.35,0.00164,0.0104,FALSE,FALSE,FALSE,0,"WASH complex subunit 2A"
"Q658Y4","FAM91A1",0.0425,0.576,0.682,FALSE,FALSE,FALSE,0,"Protein FAM91A1"
"Q66K14","TBC1D9B",-0.136,0.365,0.483,FALSE,FALSE,FALSE,0,"TBC1 domain family member 9B"
"Q66K74","MAP1S",-0.267,0.074,0.144,FALSE,FALSE,FALSE,0,"Microtubule-associated protein 1S"
"Q66PJ3","ARL6IP4",-0.444,0.00712,0.0253,FALSE,FALSE,FALSE,0,"ADP-ribosylation factor-like protein 6-interacting protein 4"
"Q68CR1","SEL1L3",0.36,0.473,0.588,FALSE,FALSE,FALSE,0,"Protein sel-1 homolog 3"
"Q68DK7","MSL1",-0.151,0.143,0.238,FALSE,FALSE,FALSE,0,"Male-specific lethal 1 homolog"
"Q68E01","INTS3",-0.344,0.0313,0.075,FALSE,FALSE,FALSE,0,"Integrator complex subunit 3"
"Q68EM7","ARHGAP17",-0.21,0.0252,0.0634,FALSE,FALSE,FALSE,0,"Rho GTPase-activating protein 17"
"Q69YN2","CWF19L1",0.0347,0.854,0.9,FALSE,FALSE,FALSE,0,"CWF19-like protein 1"
"Q6BCY4","CYB5R2",-0.659,5.38e-05,0.0019,FALSE,FALSE,FALSE,0,"NADH-cytochrome b5 reductase 2"
"Q6DD87","ZNF787",-0.075,0.576,0.682,FALSE,FALSE,FALSE,0,"Zinc finger protein 787"
"Q6DD88","ATL3",0.401,0.00396,0.0177,FALSE,FALSE,FALSE,0,"Atlastin-3"
"Q6DKI1","RPL7L1",0.828,0.00324,0.0156,FALSE,FALSE,FALSE,0,"Ribosomal protein uL30-like"
"Q6FI13","H2AC18",0.811,0.00801,0.0275,FALSE,FALSE,FALSE,0,"Histone H2A type 2-A"
"Q6FI81","CIAPIN1",-0.247,0.0521,0.111,FALSE,FALSE,FALSE,0,"Anamorsin"
"Q6FIF0","ZFAND6",-0.103,0.486,0.599,FALSE,FALSE,FALSE,0,"AN1-type zinc finger protein 6"
"Q6GMV3","PTRHD1",-0.0115,0.913,0.942,FALSE,FALSE,FALSE,0,"Putative peptidyl-tRNA hydrolase PTRHD1"
"Q6I9Y2","THOC7",-0.106,0.323,0.44,FALSE,FALSE,FALSE,0,"THO complex subunit 7"
"Q6IA17","SIGIRR",0.134,0.274,0.388,FALSE,FALSE,FALSE,0,"Single Ig IL-1-related receptor"
"Q6IA69","NADSYN1",-0.229,0.0113,0.0352,FALSE,FALSE,FALSE,0,"Glutamine-dependent NAD(+) synthetase"
"Q6IA86","ELP2",-0.698,0.00038,0.00476,FALSE,FALSE,FALSE,0,"Elongator complex protein 2"
"Q6IAA8","LAMTOR1",0.00424,0.959,0.974,FALSE,FALSE,FALSE,0,"Ragulator complex protein LAMTOR1"
"Q6IBS0","TWF2",-0.379,0.000599,0.00622,FALSE,FALSE,FALSE,0,"Twinfilin-2"
"Q6IN84","MRM1",0.676,0.00536,0.0211,FALSE,FALSE,FALSE,0,"rRNA methyltransferase 1, mitochondrial"
"Q6IN85","PPP4R3A",0.0267,0.69,0.774,FALSE,FALSE,FALSE,0,"Serine/threonine-protein phosphatase 4 regulatory subunit 3A"
"Q6IQ22","RAB12",0.474,0.0713,0.14,FALSE,FALSE,FALSE,0,"Ras-related protein Rab-12"
"Q6IQ23","PLEKHA7",0.389,0.00129,0.00915,FALSE,FALSE,FALSE,0,"Pleckstrin homology domain-containing family A member 7"
"Q6L8Q7","PDE12",0.737,0.000143,0.00317,FALSE,FALSE,FALSE,0,"2',5'-phosphodiesterase 12"
"Q6NSJ0","MYORG",0.763,0.00037,0.00472,FALSE,FALSE,FALSE,0,"Alpha-galactosidase MYORG"
"Q6NUK1","SLC25A24",0.804,0.000781,0.00696,FALSE,FALSE,FALSE,0,"Mitochondrial adenyl nucleotide antiporter SLC25A24"
"Q6NUM9","RETSAT",0.429,0.0202,0.0535,FALSE,FALSE,FALSE,0,"All-trans-retinol 13,14-reductase"
"Q6NUQ4","TMEM214",0.427,0.0263,0.0653,FALSE,FALSE,FALSE,0,"Transmembrane protein 214"
"Q6NVY1","HIBCH",0.231,0.147,0.243,FALSE,FALSE,FALSE,0,"3-hydroxyisobutyryl-CoA hydrolase, mitochondrial"
"Q6NXE6","ARMC6",0.149,0.159,0.259,FALSE,FALSE,FALSE,0,"Armadillo repeat-containing protein 6"
"Q6NXG1","ESRP1",-0.128,0.219,0.329,FALSE,FALSE,FALSE,0,"Epithelial splicing regulatory protein 1"
"Q6NYC1","JMJD6",0.174,0.0975,0.177,FALSE,FALSE,FALSE,0,"Bifunctional arginine demethylase and lysyl-hydroxylase JMJD6"
"Q6NZY4","ZCCHC8",0.186,0.0604,0.123,FALSE,FALSE,FALSE,0,"Zinc finger CCHC domain-containing protein 8"
"Q6P179","ERAP2",0.191,0.0867,0.162,FALSE,FALSE,FALSE,0,"Endoplasmic reticulum aminopeptidase 2"
"Q6P1J9","CDC73",0.0777,0.43,0.548,FALSE,FALSE,FALSE,0,"Parafibromin"
"Q6P1L8","MRPL14",0.777,0.000178,0.00339,FALSE,FALSE,FALSE,0,"Large ribosomal subunit protein uL14m"
"Q6P1M3","LLGL2",0.332,0.00559,0.0216,FALSE,FALSE,FALSE,0,"LLGL scribble cell polarity complex component 2"
"Q6P1N9","TATDN1",-0.0677,0.481,0.596,FALSE,FALSE,FALSE,0,"Deoxyribonuclease TATDN1"
"Q6P1X6","C8orf82",0.372,0.0236,0.0603,FALSE,FALSE,FALSE,0,"UPF0598 protein C8orf82"
"Q6P2E9","EDC4",-0.157,0.0742,0.144,FALSE,FALSE,FALSE,0,"Enhancer of mRNA-decapping protein 4"
"Q6P2Q9","PRPF8",0.0398,0.575,0.682,FALSE,FALSE,FALSE,0,"Pre-mRNA-processing-splicing factor 8"
"Q6P3W7","SCYL2",0.057,0.649,0.742,FALSE,FALSE,FALSE,0,"SCY1-like protein 2"
"Q6P3X3","TTC27",-0.0695,0.651,0.743,FALSE,FALSE,FALSE,0,"Tetratricopeptide repeat protein 27"
"Q6P4Q7","CNNM4",0.684,0.000159,0.00331,FALSE,FALSE,FALSE,0,"Metal transporter CNNM4"
"Q6P587","FAHD1",0.443,0.00558,0.0216,FALSE,FALSE,FALSE,0,"Oxaloacetate tautomerase FAHD1, mitochondrial"
"Q6P6C2","ALKBH5",-0.455,0.00107,0.00826,FALSE,FALSE,FALSE,0,"RNA demethylase ALKBH5"
"Q6P996","PDXDC1",0.0362,0.588,0.692,FALSE,FALSE,FALSE,0,"Pyridoxal-dependent decarboxylase domain-containing protein 1"
"Q6PCB7","SLC27A1",-0.0137,0.914,0.942,FALSE,FALSE,FALSE,0,"Long-chain fatty acid transport protein 1"
"Q6PCB8","EMB",0.78,0.00339,0.016,FALSE,FALSE,FALSE,0,"Embigin"
"Q6PD62","CTR9",-0.295,0.00301,0.0149,FALSE,FALSE,FALSE,0,"RNA polymerase-associated protein CTR9 homolog"
"Q6PD74","AAGAB",0.367,0.00745,0.0262,FALSE,FALSE,FALSE,0,"Alpha- and gamma-adaptin-binding protein p34"
"Q6PGP7","SKIC3",-0.2,0.0236,0.0603,FALSE,FALSE,FALSE,0,"Superkiller complex protein 3"
"Q6PI48","DARS2",0.603,0.0022,0.0122,FALSE,FALSE,FALSE,0,"Aspartate--tRNA ligase, mitochondrial"
"Q6PJG6","BRAT1",-0.0597,0.549,0.657,FALSE,FALSE,FALSE,0,"Integrator complex assembly factor BRAT1"
"Q6PJT7","ZC3H14",-0.0932,0.188,0.293,FALSE,FALSE,FALSE,0,"Zinc finger CCCH domain-containing protein 14"
"Q6PK18","OGFOD3",0.305,0.0806,0.153,FALSE,FALSE,FALSE,0,"2-oxoglutarate and iron-dependent oxygenase domain-containing protein 3"
"Q6PKG0","LARP1",0.0561,0.52,0.631,FALSE,FALSE,FALSE,0,"La-related protein 1"
"Q6PL18","ATAD2",0.661,0.00189,0.0111,FALSE,FALSE,FALSE,0,"ATPase family AAA domain-containing protein 2"
"Q6RFH5","WDR74",0.735,0.0104,0.0331,FALSE,FALSE,FALSE,0,"WD repeat-containing protein 74"
"Q6UB35","MTHFD1L",0.702,0.00611,0.0229,FALSE,FALSE,FALSE,0,"Monofunctional C1-tetrahydrofolate synthase, mitochondrial"
"Q6UN15","FIP1L1",-0.224,0.0126,0.0381,FALSE,FALSE,FALSE,0,"Pre-mRNA 3'-end-processing factor FIP1"
"Q6UW68","TMEM205",0.0581,0.628,0.723,FALSE,FALSE,FALSE,0,"Transmembrane protein 205"
"Q6UWP2","DHRS11",-0.187,0.205,0.313,FALSE,FALSE,FALSE,0,"Dehydrogenase/reductase SDR family member 11"
"Q6UWP7","LCLAT1",0.222,0.0796,0.151,FALSE,FALSE,FALSE,0,"Lysocardiolipin acyltransferase 1"
"Q6UX04","CWC27",-0.44,0.0358,0.0831,FALSE,FALSE,FALSE,0,"Spliceosome-associated protein CWC27 homolog"
"Q6UX53","TMT1B",0.35,0.0183,0.0499,FALSE,FALSE,FALSE,0,"Thiol S-methyltransferase TMT1B"
"Q6UXH1","CRELD2",0.363,0.02,0.0533,FALSE,FALSE,FALSE,0,"Protein disulfide isomerase CRELD2"
"Q6UXN9","WDR82",-0.0624,0.539,0.647,FALSE,FALSE,FALSE,0,"WD repeat-containing protein 82"
"Q6UXV4","APOOL",0.518,0.00494,0.0201,FALSE,FALSE,FALSE,0,"MICOS complex subunit MIC27"
"Q6VN20","RANBP10",0.16,0.41,0.528,FALSE,FALSE,FALSE,0,"Ran-binding protein 10"
"Q6WCQ1","MPRIP",0.0559,0.425,0.543,FALSE,FALSE,FALSE,0,"Myosin phosphatase Rho-interacting protein"
"Q6WKZ4","RAB11FIP1",-0.0927,0.276,0.39,FALSE,FALSE,FALSE,0,"Rab11 family-interacting protein 1"
"Q6XQN6","NAPRT",-0.282,0.00563,0.0217,FALSE,FALSE,FALSE,0,"Nicotinate phosphoribosyltransferase"
"Q6Y7W6","GIGYF2",-0.157,0.12,0.208,FALSE,FALSE,FALSE,0,"GRB10-interacting GYF protein 2"
"Q6YN16","HSDL2",0.537,0.0121,0.0369,FALSE,FALSE,FALSE,0,"Hydroxysteroid dehydrogenase-like protein 2"
"Q6YP21","KYAT3",0.00414,0.966,0.977,FALSE,FALSE,FALSE,0,"Kynurenine--oxoglutarate transaminase 3"
"Q6ZMG9","CERS6",0.759,0.00209,0.0118,FALSE,FALSE,FALSE,0,"Ceramide synthase 6"
"Q6ZNA5","FRRS1",0.718,0.000829,0.00715,FALSE,FALSE,FALSE,0,"Ferric reductase 1"
"Q6ZNJ1","NBEAL2",-0.361,0.00153,0.01,FALSE,FALSE,FALSE,0,"Neurobeachin-like protein 2"
"Q6ZRV2","FAM83H",-0.787,2.3e-05,0.00136,FALSE,FALSE,FALSE,0,"Protein FAM83H"
"Q6ZUJ8","PIK3AP1",-0.675,4.44e-05,0.00183,FALSE,FALSE,FALSE,0,"Phosphoinositide 3-kinase adapter protein 1"
"Q6ZUM4","ARHGAP27",3.43e-05,1,1,FALSE,FALSE,FALSE,0,"Rho GTPase-activating protein 27"
"Q6ZXV5","TMTC3",0.632,0.00069,0.00661,FALSE,FALSE,FALSE,0,"Protein O-mannosyl-transferase TMTC3"
"Q709C8","VPS13C",-0.524,9.43e-05,0.00258,FALSE,FALSE,FALSE,0,"Intermembrane lipid transfer protein VPS13C"
"Q70E73","RAPH1",0.239,0.01,0.0323,FALSE,FALSE,FALSE,0,"Ras-associated and pleckstrin homology domains-containing protein 1"
"Q70UQ0","IKBIP",0.532,0.00794,0.0273,FALSE,FALSE,FALSE,0,"Inhibitor of nuclear factor kappa-B kinase-interacting protein"
"Q71UM5","RPS27L",-0.529,0.00192,0.0112,FALSE,FALSE,FALSE,0,"Ribosomal protein eS27-like"
"Q7KZ85","SUPT6H",0.243,0.0217,0.0565,FALSE,FALSE,FALSE,0,"Transcription elongation factor SPT6"
"Q7KZF4","SND1",-0.227,0.0103,0.0328,FALSE,FALSE,FALSE,0,"Staphylococcal nuclease domain-containing protein 1"
"Q7KZI7","MARK2",-0.2,0.0419,0.0943,FALSE,FALSE,FALSE,0,"Serine/threonine-protein kinase MARK2"
"Q7L014","DDX46",0.0499,0.483,0.598,FALSE,FALSE,FALSE,0,"Probable ATP-dependent RNA helicase DDX46"
"Q7L0Y3","TRMT10C",0.609,0.00164,0.0104,FALSE,FALSE,FALSE,0,"tRNA methyltransferase 10 homolog C"
"Q7L1Q6","BZW1",0.263,0.00517,0.0205,FALSE,FALSE,FALSE,0,"eIF5-mimic protein 2"
"Q7L266","ASRGL1",-0.0841,0.297,0.412,FALSE,FALSE,FALSE,0,"Isoaspartyl peptidase/L-asparaginase"
"Q7L2E3","DHX30",0.824,0.000326,0.00449,FALSE,FALSE,FALSE,0,"ATP-dependent RNA helicase DHX30"
"Q7L2H7","EIF3M",0.06,0.566,0.673,FALSE,FALSE,FALSE,0,"Eukaryotic translation initiation factor 3 subunit M"
"Q7L4I2","RSRC2",-0.23,0.302,0.418,FALSE,FALSE,FALSE,0,"Arginine/serine-rich coiled-coil protein 2"
"Q7L576","CYFIP1",0.0207,0.771,0.838,FALSE,FALSE,FALSE,0,"Cytoplasmic FMR1-interacting protein 1"
"Q7L5D6","GET4",-0.00664,0.946,0.965,FALSE,FALSE,FALSE,0,"Golgi to ER traffic protein 4 homolog"
"Q7L5N1","COPS6",0.158,0.123,0.212,FALSE,FALSE,FALSE,0,"COP9 signalosome complex subunit 6"
"Q7L7X3","TAOK1",-0.216,0.332,0.449,FALSE,FALSE,FALSE,0,"Serine/threonine-protein kinase TAO1"
"Q7L9B9","EEPD1",0.324,0.01,0.0324,FALSE,FALSE,FALSE,0,"Endonuclease/exonuclease/phosphatase family domain-containing protein 1"
"Q7L9L4","MOB1B",-0.178,0.0582,0.12,FALSE,FALSE,FALSE,0,"MOB kinase activator 1B"
"Q7LBC6","KDM3B",-0.268,0.00837,0.0283,FALSE,FALSE,FALSE,0,"Lysine-specific demethylase 3B"
"Q7LGA3","HS2ST1",0.147,0.257,0.371,FALSE,FALSE,FALSE,0,"Heparan sulfate 2-O-sulfotransferase 1"
"Q7RTV0","PHF5A",0.137,0.101,0.182,FALSE,FALSE,FALSE,0,"PHD finger-like domain-containing protein 5A"
"Q7Z2K6","ERMP1",0.437,0.00366,0.0168,FALSE,FALSE,FALSE,0,"Endoplasmic reticulum metallopeptidase 1"
"Q7Z2T5","TRMT1L",0.154,0.255,0.369,FALSE,FALSE,FALSE,0,"tRNA (guanine(27)-N(2))-dimethyltransferase"
"Q7Z2W4","ZC3HAV1",-0.166,0.0912,0.168,FALSE,FALSE,FALSE,0,"Zinc finger CCCH-type antiviral protein 1"
"Q7Z2W9","MRPL21",0.671,0.00104,0.00808,FALSE,FALSE,FALSE,0,"Large ribosomal subunit protein bL21m"
"Q7Z2Z2","EFL1",-0.36,0.00071,0.00669,FALSE,FALSE,FALSE,0,"Elongation factor-like GTPase 1"
"Q7Z3B4","NUP54",0.236,0.0212,0.0556,FALSE,FALSE,FALSE,0,"Nucleoporin p54"
"Q7Z3D6","DGLUCY",0.0476,0.692,0.776,FALSE,FALSE,FALSE,0,"D-glutamate cyclase, mitochondrial"
"Q7Z3K3","POGZ",0.0683,0.498,0.611,FALSE,FALSE,FALSE,0,"Pogo transposable element with ZNF domain"
"Q7Z3U7","MON2",-0.201,0.0308,0.0741,FALSE,FALSE,FALSE,0,"Protein MON2 homolog"
"Q7Z404","TMC4",-0.712,0.000583,0.00612,FALSE,FALSE,FALSE,0,"Voltage-gated chloride channel TMC4"
"Q7Z406","MYH14",-0.244,0.0135,0.0403,FALSE,FALSE,FALSE,0,"Myosin-14"
"Q7Z417","NUFIP2",0.129,0.218,0.328,FALSE,FALSE,FALSE,0,"FMR1-interacting protein NUFIP2"
"Q7Z422","SZRD1",-0.038,0.729,0.804,FALSE,FALSE,FALSE,0,"SUZ RNA-binding domain-containing"
"Q7Z460","CLASP1",0.0702,0.482,0.596,FALSE,FALSE,FALSE,0,"CLIP-associating protein 1"
"Q7Z478","DHX29",-0.129,0.172,0.274,FALSE,FALSE,FALSE,0,"ATP-dependent RNA helicase DHX29"
"Q7Z4H8","POGLUT3",0.56,0.00366,0.0168,FALSE,FALSE,FALSE,0,"Protein O-glucosyltransferase 3"
"Q7Z4V5","HDGFL2",-0.311,0.00603,0.0227,FALSE,FALSE,FALSE,0,"Hepatoma-derived growth factor-related protein 2"
"Q7Z4W1","DCXR",0.504,0.00485,0.0199,FALSE,FALSE,FALSE,0,"L-xylulose reductase"
"Q7Z5L9","IRF2BP2",-0.126,0.185,0.288,FALSE,FALSE,FALSE,0,"Interferon regulatory factor 2-binding protein 2"
"Q7Z6E9","RBBP6",-0.0383,0.76,0.83,FALSE,FALSE,FALSE,0,"E3 ubiquitin-protein ligase RBBP6"
"Q7Z6K5","ARPIN",-0.474,0.0205,0.054,FALSE,FALSE,FALSE,0,"Arpin"
"Q7Z6Z7","HUWE1",-0.264,0.00477,0.0197,FALSE,FALSE,FALSE,0,"E3 ubiquitin-protein ligase HUWE1"
"Q7Z7F7","MRPL55",0.647,0.000114,0.00286,FALSE,FALSE,FALSE,0,"Large ribosomal subunit protein mL55"
"Q7Z7H5","TMED4",0.17,0.116,0.202,FALSE,FALSE,FALSE,0,"Transmembrane emp24 domain-containing protein 4"
"Q7Z7K0","CMC1",0.628,0.00441,0.0187,FALSE,FALSE,FALSE,0,"COX assembly mitochondrial protein homolog"
"Q7Z7K6","CENPV",-0.0836,0.395,0.513,FALSE,FALSE,FALSE,0,"Centromere protein V"
"Q86SF2","GALNT7",0.129,0.21,0.318,FALSE,FALSE,FALSE,0,"N-acetylgalactosaminyltransferase 7"
"Q86SX6","GLRX5",0.575,0.00401,0.0178,FALSE,FALSE,FALSE,0,"Glutaredoxin-related protein 5, mitochondrial"
"Q86TB9","PATL1",0.0223,0.835,0.885,FALSE,FALSE,FALSE,0,"Protein PAT1 homolog 1"
"Q86TG7","PEG10",0.115,0.267,0.38,FALSE,FALSE,FALSE,0,"Retrotransposon-derived protein PEG10"
"Q86TI2","DPP9",0.163,0.143,0.238,FALSE,FALSE,FALSE,0,"Dipeptidyl peptidase 9"
"Q86TM6","SYVN1",0.131,0.415,0.532,FALSE,FALSE,FALSE,0,"E3 ubiquitin-protein ligase synoviolin"
"Q86TU7","SETD3",-0.128,0.175,0.277,FALSE,FALSE,FALSE,0,"Actin-histidine N-methyltransferase"
"Q86U28","ISCA2",-0.271,0.0113,0.0352,FALSE,FALSE,FALSE,0,"Iron-sulfur cluster assembly 2 homolog, mitochondrial"
"Q86U38","NOP9",0.378,0.0589,0.121,FALSE,FALSE,FALSE,0,"Nucleolar protein 9"
"Q86U42","PABPN1",0.058,0.53,0.639,FALSE,FALSE,FALSE,0,"Polyadenylate-binding protein 2"
"Q86U44","METTL3",-0.0261,0.867,0.908,FALSE,FALSE,FALSE,0,"N(6)-adenosine-methyltransferase catalytic subunit METTL3"
"Q86UE4","MTDH",-0.0751,0.435,0.552,FALSE,FALSE,FALSE,0,"Protein LYRIC"
"Q86UP2","KTN1",-0.0726,0.348,0.466,FALSE,FALSE,FALSE,0,"Kinectin"
"Q86V21","AACS",-0.541,0.000201,0.0037,FALSE,FALSE,FALSE,0,"Acetoacetyl-CoA synthetase"
"Q86V81","ALYREF",0.0455,0.579,0.684,FALSE,FALSE,FALSE,0,"THO complex subunit 4"
"Q86V88","MDP1",-0.459,0.00652,0.024,FALSE,FALSE,FALSE,0,"Magnesium-dependent phosphatase 1"
"Q86VM9","ZC3H18",-0.105,0.397,0.516,FALSE,FALSE,FALSE,0,"Zinc finger CCCH domain-containing protein 18"
"Q86VN1","VPS36",-0.317,0.0411,0.093,FALSE,FALSE,FALSE,0,"Vacuolar protein-sorting-associated protein 36"
"Q86VP6","CAND1",-0.199,0.0189,0.051,FALSE,FALSE,FALSE,0,"Cullin-associated NEDD8-dissociated protein 1"
"Q86VR2","RETREG3",0.333,0.0199,0.0531,FALSE,FALSE,FALSE,0,"Reticulophagy regulator 3"
"Q86VU5","COMTD1",0.22,0.261,0.375,FALSE,FALSE,FALSE,0,"Catechol O-methyltransferase domain-containing protein 1"
"Q86W42","THOC6",-0.118,0.29,0.406,FALSE,FALSE,FALSE,0,"THO complex subunit 6"
"Q86WA6","BPHL",-0.195,0.593,0.695,FALSE,FALSE,FALSE,0,"Serine hydrolase BPHL"
"Q86WR0","CCDC25",-0.289,0.0135,0.0403,FALSE,FALSE,FALSE,0,"Coiled-coil domain-containing protein 25"
"Q86WX3","RPS19BP1",0.208,0.0818,0.155,FALSE,FALSE,FALSE,0,"Active regulator of SIRT1"
"Q86X29","LSR",0.44,0.00282,0.0143,FALSE,FALSE,FALSE,0,"Lipolysis-stimulated lipoprotein receptor"
"Q86X55","CARM1",0.0595,0.709,0.788,FALSE,FALSE,FALSE,0,"Histone-arginine methyltransferase CARM1"
"Q86X76","NIT1",-0.346,0.00341,0.0161,FALSE,FALSE,FALSE,0,"Deaminated glutathione amidase"
"Q86X83","COMMD2",-0.244,0.125,0.214,FALSE,FALSE,FALSE,0,"COMM domain-containing protein 2"
"Q86XL3","ANKLE2",0.23,0.0223,0.0578,FALSE,FALSE,FALSE,0,"Ankyrin repeat and LEM domain-containing protein 2"
"Q86XP3","DDX42",-0.147,0.0683,0.135,FALSE,FALSE,FALSE,0,"ATP-dependent RNA helicase DDX42"
"Q86Y56","DNAAF5",-0.0869,0.31,0.427,FALSE,FALSE,FALSE,0,"Dynein axonemal assembly factor 5"
"Q86Y79","PTRH1",0.509,0.00426,0.0183,FALSE,FALSE,FALSE,0,"Peptidyl-tRNA hydrolase"
"Q86Y82","STX12",0.136,0.473,0.588,FALSE,FALSE,FALSE,0,"Syntaxin-12"
"Q86YP4","GATAD2A",-0.0798,0.401,0.518,FALSE,FALSE,FALSE,0,"Transcriptional repressor p66-alpha"
"Q8IU81","IRF2BP1",-0.0425,0.684,0.77,FALSE,FALSE,FALSE,0,"Interferon regulatory factor 2-binding protein 1"
"Q8IUC4","RHPN2",0.152,0.166,0.266,FALSE,FALSE,FALSE,0,"Rhophilin-2"
"Q8IUH4","ZDHHC13",-0.195,0.0452,0.0995,FALSE,FALSE,FALSE,0,"Palmitoyltransferase ZDHHC13"
"Q8IUR7","ARMC8",0.0954,0.524,0.633,FALSE,FALSE,FALSE,0,"Armadillo repeat-containing protein 8"
"Q8IV08","PLD3",-0.147,0.373,0.491,FALSE,FALSE,FALSE,0,"5'-3' exonuclease PLD3"
"Q8IV36","HID1",-0.494,9.17e-05,0.00258,FALSE,FALSE,FALSE,0,"Protein HID1"
"Q8IV48","ERI1",-0.00588,0.977,0.985,FALSE,FALSE,FALSE,0,"3'-5' exoribonuclease 1"
"Q8IVD9","NUDCD3",-0.2,0.117,0.203,FALSE,FALSE,FALSE,0,"NudC domain-containing protein 3"
"Q8IVF2","AHNAK2",-0.0578,0.61,0.71,FALSE,FALSE,FALSE,0,"Protein AHNAK2"
"Q8IVM0","CCDC50",-0.161,0.0792,0.151,FALSE,FALSE,FALSE,0,"Coiled-coil domain-containing protein 50"
"Q8IVS2","MCAT",0.442,0.00681,0.0245,FALSE,FALSE,FALSE,0,"Malonyl-CoA-acyl carrier protein transacylase, mitochondrial"
"Q8IVT2","MISP",0.723,1.83e-05,0.00117,FALSE,FALSE,FALSE,0,"Mitotic interactor and substrate of PLK1"
"Q8IWA0","WDR75",0.802,0.00028,0.00427,FALSE,FALSE,FALSE,0,"WD repeat-containing protein 75"
"Q8IWA5","SLC44A2",0.391,0.0212,0.0555,FALSE,FALSE,FALSE,0,"Choline transporter-like protein 2"
"Q8IWB7","WDFY1",0.213,0.122,0.209,FALSE,FALSE,FALSE,0,"WD repeat and FYVE domain-containing protein 1"
"Q8IWS0","PHF6",0.0172,0.883,0.92,FALSE,FALSE,FALSE,0,"PHD finger protein 6"
"Q8IWW6","ARHGAP12",0.152,0.236,0.348,FALSE,FALSE,FALSE,0,"Rho GTPase-activating protein 12"
"Q8IWX8","CHERP",-0.151,0.101,0.181,FALSE,FALSE,FALSE,0,"Calcium homeostasis endoplasmic reticulum protein"
"Q8IWZ3","ANKHD1",0.0383,0.598,0.699,FALSE,FALSE,FALSE,0,"Ankyrin repeat and KH domain-containing protein 1"
"Q8IX12","CCAR1",-0.0552,0.431,0.549,FALSE,FALSE,FALSE,0,"Cell division cycle and apoptosis regulator protein 1"
"Q8IXB1","DNAJC10",0.372,0.0132,0.0395,FALSE,FALSE,FALSE,0,"Endoplasmic reticulum disulfide reductase DNAJC10"
"Q8IXH7","NELFCD",-0.203,0.0444,0.0982,FALSE,FALSE,FALSE,0,"Negative elongation factor C/D"
"Q8IXI1","RHOT2",0.465,0.000673,0.00652,FALSE,FALSE,FALSE,0,"Mitochondrial Rho GTPase 2"
"Q8IXJ6","SIRT2",-0.311,0.0263,0.0653,FALSE,FALSE,FALSE,0,"NAD-dependent protein deacetylase sirtuin-2"
"Q8IXM2","BACC1",-0.168,0.132,0.223,FALSE,FALSE,FALSE,0,"BPTF-associated chromatin complex component 1"
"Q8IXM3","MRPL41",0.582,0.00354,0.0165,FALSE,FALSE,FALSE,0,"Large ribosomal subunit protein mL41"
"Q8IXT5","RBM12B",0.1,0.449,0.566,FALSE,FALSE,FALSE,0,"RNA-binding protein 12B"
"Q8IY33","MICALL2",-0.684,3.27e-05,0.0016,FALSE,FALSE,FALSE,0,"MICAL-like protein 2"
"Q8IY67","RAVER1",-0.17,0.077,0.148,FALSE,FALSE,FALSE,0,"Ribonucleoprotein PTB-binding 1"
"Q8IY81","FTSJ3",0.281,0.0107,0.0339,FALSE,FALSE,FALSE,0,"pre-rRNA 2'-O-ribose RNA methyltransferase FTSJ3"
"Q8IYB3","SRRM1",-0.204,0.0169,0.0473,FALSE,FALSE,FALSE,0,"Serine/arginine repetitive matrix protein 1"
"Q8IYB5","SMAP1",-0.25,0.0648,0.13,FALSE,FALSE,FALSE,0,"Stromal membrane-associated protein 1"
"Q8IYB7","DIS3L2",0.0354,0.777,0.841,FALSE,FALSE,FALSE,0,"DIS3-like exonuclease 2"
"Q8IYB8","SUPV3L1",0.351,0.0485,0.105,FALSE,FALSE,FALSE,0,"ATP-dependent RNA helicase SUPV3L1, mitochondrial"
"Q8IYD1","GSPT2",0.294,0.0303,0.0732,FALSE,FALSE,FALSE,0,"Eukaryotic peptide chain release factor GTP-binding subunit ERF3B"
"Q8IYI6","EXOC8",-0.33,0.128,0.219,FALSE,FALSE,FALSE,0,"Exocyst complex component 8"
"Q8IYJ3","SYTL1",-0.221,0.0904,0.167,FALSE,FALSE,FALSE,0,"Synaptotagmin-like protein 1"
"Q8IYS1","PM20D2",0.292,0.149,0.245,FALSE,FALSE,FALSE,0,"Xaa-Arg dipeptidase"
"Q8IYS2","KIAA2013",-0.265,0.0201,0.0534,FALSE,FALSE,FALSE,0,"Uncharacterized protein KIAA2013"
"Q8IYU8","MICU2",0.481,0.0056,0.0216,FALSE,FALSE,FALSE,0,"Calcium uptake protein 2, mitochondrial"
"Q8IZ81","ELMOD2",0.175,0.126,0.215,FALSE,FALSE,FALSE,0,"ELMO domain-containing protein 2"
"Q8IZ83","ALDH16A1",-0.131,0.149,0.246,FALSE,FALSE,FALSE,0,"Aldehyde dehydrogenase family 16 member A1"
"Q8IZA0","KIAA0319L",-0.0181,0.92,0.947,FALSE,FALSE,FALSE,0,"Dyslexia-associated protein KIAA0319-like protein"
"Q8IZL8","PELP1",0.106,0.311,0.427,FALSE,FALSE,FALSE,0,"Proline-, glutamic acid- and leucine-rich protein 1"
"Q8IZP0","ABI1",0.0137,0.836,0.886,FALSE,FALSE,FALSE,0,"Abl interactor 1"
"Q8IZV5","RDH10",0.438,0.00169,0.0106,FALSE,FALSE,FALSE,0,"Retinol dehydrogenase 10"
"Q8N0W3","FCSK",-0.471,0.00122,0.00895,FALSE,FALSE,FALSE,0,"L-fucose kinase"
"Q8N138","ORMDL3",-0.356,0.012,0.0366,FALSE,FALSE,FALSE,0,"ORM1-like protein 3"
"Q8N163","CCAR2",-0.194,0.0565,0.117,FALSE,FALSE,FALSE,0,"Cell cycle and apoptosis regulator protein 2"
"Q8N183","NDUFAF2",0.666,0.000915,0.00758,FALSE,FALSE,FALSE,0,"NADH dehydrogenase [ubiquinone] 1 alpha subcomplex assembly factor 2"
"Q8N1B4","VPS52",-0.485,0.00032,0.00445,FALSE,FALSE,FALSE,0,"Vacuolar protein sorting-associated protein 52 homolog"
"Q8N1F7","NUP93",0.147,0.0609,0.124,FALSE,FALSE,FALSE,0,"Nuclear pore complex protein Nup93"
"Q8N1G2","CMTR1",-0.378,0.0101,0.0324,FALSE,FALSE,FALSE,0,"Cap-specific mRNA (nucleoside-2'-O-)-methyltransferase 1"
"Q8N1G4","LRRC47",-0.127,0.144,0.24,FALSE,FALSE,FALSE,0,"Leucine-rich repeat-containing protein 47"
"Q8N2G8","GHDC",-0.156,0.433,0.55,FALSE,FALSE,FALSE,0,"GH3 domain-containing protein"
"Q8N335","GPD1L",0.242,0.266,0.38,FALSE,FALSE,FALSE,0,"Glycerol-3-phosphate dehydrogenase 1-like protein"
"Q8N392","ARHGAP18",0.298,0.00348,0.0163,FALSE,FALSE,FALSE,0,"Rho GTPase-activating protein 18"
"Q8N3C0","ASCC3",-0.179,0.255,0.369,FALSE,FALSE,FALSE,0,"Activating signal cointegrator 1 complex subunit 3"
"Q8N3D4","EHBP1L1",-0.0278,0.755,0.826,FALSE,FALSE,FALSE,0,"EH domain-binding protein 1-like protein 1"
"Q8N3F8","MICALL1",-0.313,0.00541,0.0212,FALSE,FALSE,FALSE,0,"MICAL-like protein 1"
"Q8N3U4","STAG2",-0.11,0.191,0.297,FALSE,FALSE,FALSE,0,"Cohesin subunit SA-2"
"Q8N4A0","GALNT4",-0.222,0.0495,0.106,FALSE,FALSE,FALSE,0,"Polypeptide N-acetylgalactosaminyltransferase 4"
"Q8N4P3","HDDC3",-0.965,0.000144,0.00317,FALSE,FALSE,FALSE,0,"Guanosine-3',5'-bis(diphosphate) 3'-pyrophosphohydrolase MESH1"
"Q8N4Q0","PTGR3",0.0783,0.69,0.774,FALSE,FALSE,FALSE,0,"Prostaglandin reductase 3"
"Q8N4T8","CBR4",0.46,0.00932,0.0307,FALSE,FALSE,FALSE,0,"3-oxoacyl-[acyl-carrier-protein] reductase"
"Q8N4V1","MMGT1",0.514,0.00104,0.00808,FALSE,FALSE,FALSE,0,"ER membrane protein complex subunit 5"
"Q8N5K1","CISD2",-0.65,0.000288,0.00431,FALSE,FALSE,FALSE,0,"CDGSH iron-sulfur domain-containing protein 2"
"Q8N5M4","TTC9C",-0.0155,0.892,0.926,FALSE,FALSE,FALSE,0,"Tetratricopeptide repeat protein 9C"
"Q8N5N7","MRPL50",0.535,0.00797,0.0274,FALSE,FALSE,FALSE,0,"Large ribosomal subunit protein mL50"
"Q8N684","CPSF7",-0.142,0.101,0.182,FALSE,FALSE,FALSE,0,"Cleavage and polyadenylation specificity factor subunit 7"
"Q8N6H7","ARFGAP2",-0.3,0.00747,0.0262,FALSE,FALSE,FALSE,0,"ADP-ribosylation factor GTPase-activating protein 2"
"Q8N6M0","OTUD6B",0.161,0.26,0.374,FALSE,FALSE,FALSE,0,"Deubiquitinase OTUD6B"
"Q8N6R0","METTL13",-0.169,0.0883,0.164,FALSE,FALSE,FALSE,0,"eEF1A lysine and N-terminal methyltransferase"
"Q8N6T3","ARFGAP1",-0.185,0.0331,0.0781,FALSE,FALSE,FALSE,0,"ADP-ribosylation factor GTPase-activating protein 1"
"Q8N726","CDKN2A",0.886,0.00296,0.0148,FALSE,FALSE,FALSE,0,"Tumor suppressor ARF"
"Q8N766","EMC1",0.489,0.0018,0.0109,FALSE,FALSE,FALSE,0,"ER membrane protein complex subunit 1"
"Q8N7H5","PAF1",-0.0636,0.368,0.487,FALSE,FALSE,FALSE,0,"RNA polymerase II-associated factor 1 homolog"
"Q8N8A6","DDX51",0.635,0.00929,0.0307,FALSE,FALSE,FALSE,0,"ATP-dependent RNA helicase DDX51"
"Q8N8S7","ENAH",-0.114,0.215,0.325,FALSE,FALSE,FALSE,0,"Protein enabled homolog"
"Q8N983","MRPL43",0.75,0.000725,0.00671,FALSE,FALSE,FALSE,0,"Large ribosomal subunit protein mL43"
"Q8N9N2","ASCC1",0.0579,0.456,0.573,FALSE,FALSE,FALSE,0,"Activating signal cointegrator 1 complex subunit 1"
"Q8N9N8","EIF1AD",0.575,0.129,0.219,FALSE,FALSE,FALSE,0,"Probable RNA-binding protein EIF1AD"
"Q8NAV1","PRPF38A",0.135,0.119,0.207,FALSE,FALSE,FALSE,0,"Pre-mRNA-splicing factor 38A"
"Q8NB16","MLKL",-0.0732,0.304,0.421,FALSE,FALSE,FALSE,0,"Mixed lineage kinase domain-like protein"
"Q8NBF2","NHLRC2",-0.3,0.0209,0.0549,FALSE,FALSE,FALSE,0,"NHL repeat-containing protein 2"
"Q8NBF6","AVL9",-0.0793,0.338,0.455,FALSE,FALSE,FALSE,0,"Late secretory pathway protein AVL9 homolog"
"Q8NBJ4","GOLM1",-0.347,0.00806,0.0276,FALSE,FALSE,FALSE,0,"Golgi membrane protein 1"
"Q8NBJ5","COLGALT1",0.458,0.00187,0.011,FALSE,FALSE,FALSE,0,"Procollagen galactosyltransferase 1"
"Q8NBJ7","SUMF2",0.175,0.188,0.293,FALSE,FALSE,FALSE,0,"Inactive C-alpha-formylglycine-generating enzyme 2"
"Q8NBK3","SUMF1",0.389,0.00461,0.0192,FALSE,FALSE,FALSE,0,"Formylglycine-generating enzyme"
"Q8NBL1","POGLUT1",0.484,0.00118,0.00876,FALSE,FALSE,FALSE,0,"Protein O-glucosyltransferase 1"
"Q8NBM4","UBAC2",0.63,2.73e-05,0.00149,FALSE,FALSE,FALSE,0,"Ubiquitin-associated domain-containing protein 2"
"Q8NBM8","PCYOX1L",0.263,0.0168,0.0472,FALSE,FALSE,FALSE,0,"Prenylcysteine oxidase 1-like"
"Q8NBN7","RDH13",0.78,0.000798,0.00702,FALSE,FALSE,FALSE,0,"Retinol dehydrogenase 13"
"Q8NBQ5","HSD17B11",-0.0794,0.5,0.611,FALSE,FALSE,FALSE,0,"Estradiol 17-beta-dehydrogenase 11"
"Q8NBS9","TXNDC5",0.571,0.000774,0.00694,FALSE,FALSE,FALSE,0,"Thioredoxin domain-containing protein 5"
"Q8NBT2","SPC24",0.218,0.0589,0.121,FALSE,FALSE,FALSE,0,"Kinetochore protein Spc24"
"Q8NBU5","ATAD1",0.345,0.0238,0.0606,FALSE,FALSE,FALSE,0,"Outer mitochondrial transmembrane helix translocase"
"Q8NBX0","SCCPDH",0.423,0.00513,0.0204,FALSE,FALSE,FALSE,0,"Saccharopine dehydrogenase-like oxidoreductase"
"Q8NC51","SERBP1",-0.0433,0.62,0.717,FALSE,FALSE,FALSE,0,"SERPINE1 mRNA-binding protein 1"
"Q8NC56","LEMD2",0.414,0.0129,0.0389,FALSE,FALSE,FALSE,0,"LEM domain-containing protein 2"
"Q8NCA5","FAM98A",0.0381,0.848,0.895,FALSE,FALSE,FALSE,0,"Protein FAM98A"
"Q8NCG5","CHST4",0.174,0.148,0.244,FALSE,FALSE,FALSE,0,"Carbohydrate sulfotransferase 4"
"Q8NCW5","NAXE",-0.0901,0.303,0.42,FALSE,FALSE,FALSE,0,"NAD(P)H-hydrate epimerase"
"Q8ND56","LSM14A",-0.101,0.378,0.497,FALSE,FALSE,FALSE,0,"Protein LSM14 homolog A"
"Q8NDI1","EHBP1",0.0291,0.774,0.839,FALSE,FALSE,FALSE,0,"EH domain-binding protein 1"
"Q8NDZ4","DIPK2A",0.892,7.01e-06,0.000715,FALSE,FALSE,FALSE,0,"Divergent protein kinase domain 2A"
"Q8NE62","CHDH",0.191,0.247,0.361,FALSE,FALSE,FALSE,0,"Choline dehydrogenase, mitochondrial"
"Q8NE71","ABCF1",-0.163,0.0589,0.121,FALSE,FALSE,FALSE,0,"ATP-binding cassette sub-family F member 1"
"Q8NEB9","PIK3C3",-0.397,0.0434,0.0966,FALSE,FALSE,FALSE,0,"Phosphatidylinositol 3-kinase catalytic subunit type 3"
"Q8NEJ9","NGDN",0.404,0.00242,0.013,FALSE,FALSE,FALSE,0,"Neuroguidin"
"Q8NEU8","APPL2",-0.0125,0.91,0.94,FALSE,FALSE,FALSE,0,"DCC-interacting protein 13-beta"
"Q8NEW0","SLC30A7",0.0604,0.607,0.707,FALSE,FALSE,FALSE,0,"Zinc transporter 7"
"Q8NEY8","PPHLN1",-0.0889,0.302,0.418,FALSE,FALSE,FALSE,0,"Periphilin-1"
"Q8NEZ5","FBXO22",0.159,0.24,0.353,FALSE,FALSE,FALSE,0,"F-box only protein 22"
"Q8NF37","LPCAT1",0.544,0.00506,0.0203,FALSE,FALSE,FALSE,0,"Lysophosphatidylcholine acyltransferase 1"
"Q8NFC6","BOD1L1",-0.358,0.108,0.191,FALSE,FALSE,FALSE,0,"Biorientation of chromosomes in cell division protein 1-like 1"
"Q8NFH3","NUP43",0.254,0.0408,0.0924,FALSE,FALSE,FALSE,0,"Nucleoporin Nup43"
"Q8NFH4","NUP37",0.16,0.195,0.302,FALSE,FALSE,FALSE,0,"Nucleoporin Nup37"
"Q8NFH5","NUP35",0.174,0.102,0.182,FALSE,FALSE,FALSE,0,"Nucleoporin NUP35"
"Q8NFJ5","GPRC5A",0.41,0.00117,0.00873,FALSE,FALSE,FALSE,0,"Retinoic acid-induced protein 3"
"Q8NFQ8","TOR1AIP2",0.167,0.122,0.209,FALSE,FALSE,FALSE,0,"Torsin-1A-interacting protein 2"
"Q8NFU3","TSTD1",-0.62,0.000669,0.0065,FALSE,FALSE,FALSE,0,"Thiosulfate:glutathione sulfurtransferase"
"Q8NFV4","ABHD11",0.546,0.02,0.0533,FALSE,FALSE,FALSE,0,"sn-1-specific diacylglycerol lipase ABHD11"
"Q8NFW8","CMAS",-0.22,0.0341,0.0798,FALSE,FALSE,FALSE,0,"N-acylneuraminate cytidylyltransferase"
"Q8NHH9","ATL2",0.38,0.00138,0.00955,FALSE,FALSE,FALSE,0,"Atlastin-2"
"Q8NHP8","PLBD2",0.207,0.0313,0.0751,FALSE,FALSE,FALSE,0,"Putative aminopeptidase PLBD2"
"Q8NI27","THOC2",-0.135,0.157,0.255,FALSE,FALSE,FALSE,0,"THO complex subunit 2"
"Q8NI35","PATJ",0.763,0.00122,0.00895,FALSE,FALSE,FALSE,0,"InaD-like protein"
"Q8NI36","WDR36",0.77,0.0028,0.0143,FALSE,FALSE,FALSE,0,"WD repeat-containing protein 36"
"Q8TAA9","VANGL1",0.339,0.00773,0.0268,FALSE,FALSE,FALSE,0,"Vang-like protein 1"
"Q8TAD7","OCC1",-0.424,0.052,0.111,FALSE,FALSE,FALSE,0,"Overexpressed in colon carcinoma 1 protein"
"Q8TAE8","GADD45GIP1",0.741,0.000243,0.00397,FALSE,FALSE,FALSE,0,"Large ribosomal subunit protein mL64"
"Q8TAG9","EXOC6",0.129,0.35,0.469,FALSE,FALSE,FALSE,0,"Exocyst complex component 6"
"Q8TAP9","MPLKIP",-0.424,0.011,0.0347,FALSE,FALSE,FALSE,0,"M-phase-specific PLK1-interacting protein"
"Q8TAQ2","SMARCC2",-0.0185,0.822,0.875,FALSE,FALSE,FALSE,0,"SWI/SNF complex subunit SMARCC2"
"Q8TAT6","NPLOC4",-0.113,0.155,0.253,FALSE,FALSE,FALSE,0,"Nuclear protein localization protein 4 homolog"
"Q8TB61","SLC35B2",0.21,0.0943,0.172,FALSE,FALSE,FALSE,0,"Adenosine 3'-phospho 5'-phosphosulfate transporter 1"
"Q8TB96","ITFG1",-0.113,0.333,0.45,FALSE,FALSE,FALSE,0,"T-cell immunomodulatory protein"
"Q8TBA6","GOLGA5",-0.38,0.0153,0.044,FALSE,FALSE,FALSE,0,"Golgin subfamily A member 5"
"Q8TBC4","UBA3",0.0621,0.506,0.617,FALSE,FALSE,FALSE,0,"NEDD8-activating enzyme E1 catalytic subunit"
"Q8TBF2","PRXL2B",-0.197,0.106,0.187,FALSE,FALSE,FALSE,0,"Prostamide/prostaglandin F synthase"
"Q8TBQ9","TMEM167A",0.608,0.0622,0.126,FALSE,FALSE,FALSE,0,"Protein kish-A"
"Q8TBX8","PIP4K2C",-0.118,0.13,0.22,FALSE,FALSE,FALSE,0,"Phosphatidylinositol 5-phosphate 4-kinase type-2 gamma"
"Q8TC07","TBC1D15",-0.511,0.000498,0.00568,FALSE,FALSE,FALSE,0,"TBC1 domain family member 15"
"Q8TC12","RDH11",0.802,0.000656,0.00645,FALSE,FALSE,FALSE,0,"Retinol dehydrogenase 11"
"Q8TCA0","LRRC20",-0.0624,0.695,0.778,FALSE,FALSE,FALSE,0,"Leucine-rich repeat-containing protein 20"
"Q8TCC3","MRPL30",0.617,0.00118,0.00878,FALSE,FALSE,FALSE,0,"Large ribosomal subunit protein uL30m"
"Q8TCD5","NT5C",-0.525,0.00552,0.0215,FALSE,FALSE,FALSE,0,"5'(3')-deoxyribonucleotidase, cytosolic type"
"Q8TCJ2","STT3B",0.489,0.00585,0.0223,FALSE,FALSE,FALSE,0,"Dolichyl-diphosphooligosaccharide--protein glycosyltransferase subunit STT3B"
"Q8TCS8","PNPT1",0.913,5.45e-05,0.0019,FALSE,FALSE,FALSE,0,"Polyribonucleotide nucleotidyltransferase 1, mitochondrial"
"Q8TCT9","HM13",0.183,0.218,0.328,FALSE,FALSE,FALSE,0,"Signal peptide peptidase"
"Q8TD16","BICD2",0.584,0.0705,0.139,FALSE,FALSE,FALSE,0,"Protein bicaudal D homolog 2"
"Q8TD19","NEK9",-0.392,0.00134,0.00938,FALSE,FALSE,FALSE,0,"Serine/threonine-protein kinase Nek9"
"Q8TDB6","DTX3L",-0.275,0.0126,0.0381,FALSE,FALSE,FALSE,0,"E3 ubiquitin-protein ligase DTX3L"
"Q8TDD1","DDX54",0.364,0.0107,0.0339,FALSE,FALSE,FALSE,0,"ATP-dependent RNA helicase DDX54"
"Q8TDN6","BRIX1",0.351,0.0105,0.0333,FALSE,FALSE,FALSE,0,"Ribosome biogenesis protein BRX1 homolog"
"Q8TDX7","NEK7",0.334,0.0016,0.0103,FALSE,FALSE,FALSE,0,"Serine/threonine-protein kinase Nek7"
"Q8TE68","EPS8L1",0.528,0.00137,0.0095,FALSE,FALSE,FALSE,0,"Epidermal growth factor receptor kinase substrate 8-like protein 1"
"Q8TE77","SSH3",-0.624,3e-04,0.00433,FALSE,FALSE,FALSE,0,"Protein phosphatase Slingshot homolog 3"
"Q8TED0","UTP15",0.809,0.000593,0.00617,FALSE,FALSE,FALSE,0,"U3 small nucleolar RNA-associated protein 15 homolog"
"Q8TEM1","NUP210",0.819,0.00161,0.0103,FALSE,FALSE,FALSE,0,"Nuclear pore membrane glycoprotein 210"
"Q8TEQ6","GEMIN5",0.0818,0.4,0.518,FALSE,FALSE,FALSE,0,"Gem-associated protein 5"
"Q8TEW0","PARD3",-0.127,0.373,0.491,FALSE,FALSE,FALSE,0,"Partitioning defective 3 homolog"
"Q8TEX9","IPO4",-0.073,0.301,0.417,FALSE,FALSE,FALSE,0,"Importin-4"
"Q8TF05","PPP4R1",0.109,0.208,0.316,FALSE,FALSE,FALSE,0,"Serine/threonine-protein phosphatase 4 regulatory subunit 1"
"Q8TF42","UBASH3B",-0.032,0.788,0.848,FALSE,FALSE,FALSE,0,"Ubiquitin-associated and SH3 domain-containing protein B"
"Q8TF72","SHROOM3",-0.455,0.00153,0.01,FALSE,FALSE,FALSE,0,"Protein Shroom3"
"Q8TF74","WIPF2",-0.0612,0.652,0.744,FALSE,FALSE,FALSE,0,"WAS/WASL-interacting protein family member 2"
"Q8WTT2","NOC3L",-0.421,0.0253,0.0634,FALSE,FALSE,FALSE,0,"Nucleolar complex protein 3 homolog"
"Q8WTW3","COG1",-0.184,0.086,0.16,FALSE,FALSE,FALSE,0,"Conserved oligomeric Golgi complex subunit 1"
"Q8WU90","ZC3H15",-0.159,0.0611,0.124,FALSE,FALSE,FALSE,0,"Zinc finger CCCH domain-containing protein 15"
"Q8WUA4","GTF3C2",0.0572,0.729,0.805,FALSE,FALSE,FALSE,0,"General transcription factor 3C polypeptide 2"
"Q8WUA7","TBC1D22A",-0.443,0.0296,0.0719,FALSE,FALSE,FALSE,0,"TBC1 domain family member 22A"
"Q8WUD4","CCDC12",0.17,0.542,0.65,FALSE,FALSE,FALSE,0,"Coiled-coil domain-containing protein 12"
"Q8WUF5","PPP1R13L",-0.022,0.833,0.884,FALSE,FALSE,FALSE,0,"RelA-associated inhibitor"
"Q8WUH1","CHURC1",0.0188,0.848,0.895,FALSE,FALSE,FALSE,0,"Protein Churchill"
"Q8WUH6","TMEM263",-0.429,0.0303,0.0732,FALSE,FALSE,FALSE,0,"Transmembrane protein 263"
"Q8WUM0","NUP133",0.0424,0.579,0.684,FALSE,FALSE,FALSE,0,"Nuclear pore complex protein Nup133"
"Q8WUM4","PDCD6IP",0.0599,0.397,0.515,FALSE,FALSE,FALSE,0,"Programmed cell death 6-interacting protein"
"Q8WUR7","C15orf40",-0.367,0.00268,0.0139,FALSE,FALSE,FALSE,0,"UPF0235 protein C15orf40"
"Q8WUW1","BRK1",-0.184,0.111,0.195,FALSE,FALSE,FALSE,0,"Protein BRICK1"
"Q8WUX9","CHMP7",-0.000549,0.999,0.999,FALSE,FALSE,FALSE,0,"Charged multivesicular body protein 7"
"Q8WUY1","THEM6",0.743,0.000256,0.00405,FALSE,FALSE,FALSE,0,"Protein THEM6"
"Q8WUY8","NAT14",0.182,0.179,0.282,FALSE,FALSE,FALSE,0,"Probable N-acetyltransferase 14"
"Q8WV24","PHLDA1",0.194,0.107,0.189,FALSE,FALSE,FALSE,0,"Pleckstrin homology-like domain family A member 1"
"Q8WVB6","CHTF18",-0.201,0.243,0.356,FALSE,FALSE,FALSE,0,"Chromosome transmission fidelity protein 18 homolog"
"Q8WVC0","LEO1",-0.167,0.335,0.452,FALSE,FALSE,FALSE,0,"RNA polymerase-associated protein LEO1"
"Q8WVJ2","NUDCD2",-0.334,0.0158,0.0449,FALSE,FALSE,FALSE,0,"NudC domain-containing protein 2"
"Q8WVM8","SCFD1",-0.289,0.0069,0.0248,FALSE,FALSE,FALSE,0,"Sec1 family domain-containing protein 1"
"Q8WVQ1","CANT1",0.0236,0.841,0.89,FALSE,FALSE,FALSE,0,"Soluble calcium-activated nucleotidase 1"
"Q8WVV4","POF1B",-0.566,0.000618,0.00633,FALSE,FALSE,FALSE,0,"Protein POF1B"
"Q8WVV9","HNRNPLL",0.0164,0.875,0.914,FALSE,FALSE,FALSE,0,"Heterogeneous nuclear ribonucleoprotein L-like"
"Q8WVX9","FAR1",0.78,0.000122,0.00301,FALSE,FALSE,FALSE,0,"Fatty acyl-CoA reductase 1"
"Q8WVY7","UBLCP1",-0.358,0.00189,0.0111,FALSE,FALSE,FALSE,0,"Ubiquitin-like domain-containing CTD phosphatase 1"
"Q8WW01","TSEN15",-0.0818,0.473,0.588,FALSE,FALSE,FALSE,0,"tRNA-splicing endonuclease subunit Sen15"
"Q8WW12","PCNP",-0.219,0.0601,0.123,FALSE,FALSE,FALSE,0,"PEST proteolytic signal-containing nuclear protein"
"Q8WW33","GTSF1",-0.246,0.15,0.247,FALSE,FALSE,FALSE,0,"Gametocyte-specific factor 1"
"Q8WW59","SPRYD4",0.242,0.108,0.191,FALSE,FALSE,FALSE,0,"SPRY domain-containing protein 4"
"Q8WWC4","MAIP1",0.506,0.003,0.0149,FALSE,FALSE,FALSE,0,"m-AAA protease-interacting protein 1, mitochondrial"
"Q8WWI1","LMO7",0.245,0.0135,0.0402,FALSE,FALSE,FALSE,0,"LIM domain only protein 7"
"Q8WWI5","SLC44A1",0.718,0.00223,0.0123,FALSE,FALSE,FALSE,0,"Choline transporter-like protein 1"
"Q8WWM7","ATXN2L",-0.0329,0.811,0.867,FALSE,FALSE,FALSE,0,"Ataxin-2-like protein"
"Q8WWQ0","PHIP",0.294,0.0397,0.0907,FALSE,FALSE,FALSE,0,"PH-interacting protein"
"Q8WWV3","RTN4IP1",0.171,0.402,0.519,FALSE,FALSE,FALSE,0,"NAD(P)H oxidoreductase RTN4IP1, mitochondrial"
"Q8WWY3","PRPF31",-0.0993,0.199,0.307,FALSE,FALSE,FALSE,0,"U4/U6 small nuclear ribonucleoprotein Prp31"
"Q8WX92","NELFB",-0.249,0.017,0.0474,FALSE,FALSE,FALSE,0,"Negative elongation factor B"
"Q8WXD5","GEMIN6",0.0822,0.473,0.588,FALSE,FALSE,FALSE,0,"Gem-associated protein 6"
"Q8WXF1","PSPC1",-0.085,0.296,0.412,FALSE,FALSE,FALSE,0,"Paraspeckle component 1"
"Q8WXH0","SYNE2",-0.687,5.71e-05,0.00198,FALSE,FALSE,FALSE,0,"Nesprin-2"
"Q8WXI9","GATAD2B",-0.15,0.103,0.183,FALSE,FALSE,FALSE,0,"Transcriptional repressor p66-beta"
"Q8WXX5","DNAJC9",-0.0694,0.414,0.532,FALSE,FALSE,FALSE,0,"DnaJ homolog subfamily C member 9"
"Q8WY22","BRI3BP",0.683,0.00264,0.0139,FALSE,FALSE,FALSE,0,"BRI3-binding protein"
"Q8WYA6","CTNNBL1",-0.143,0.218,0.328,FALSE,FALSE,FALSE,0,"Beta-catenin-like protein 1"
"Q8WYP5","AHCTF1",0.168,0.167,0.267,FALSE,FALSE,FALSE,0,"Protein ELYS"
"Q8WZ82","OVCA2",0.108,0.416,0.533,FALSE,FALSE,FALSE,0,"Esterase OVCA2"
"Q8WZA0","LZIC",-0.0959,0.354,0.472,FALSE,FALSE,FALSE,0,"Protein LZIC"
"Q8WZA9","IRGQ",-0.0813,0.391,0.509,FALSE,FALSE,FALSE,0,"Immunity-related GTPase family Q protein"
"Q92466","DDB2",0.131,0.275,0.389,FALSE,FALSE,FALSE,0,"DNA damage-binding protein 2"
"Q92499","DDX1",-0.129,0.0915,0.169,FALSE,FALSE,FALSE,0,"ATP-dependent RNA helicase DDX1"
"Q92506","HSD17B8",0.228,0.0787,0.15,FALSE,FALSE,FALSE,0,"(3R)-3-hydroxyacyl-CoA dehydrogenase"
"Q92520","FAM3C",0.282,0.042,0.0944,FALSE,FALSE,FALSE,0,"Protein FAM3C"
"Q92522","H1-10",0.266,0.0695,0.137,FALSE,FALSE,FALSE,0,"Histone H1.10"
"Q92530","PSMF1",-0.328,0.0294,0.0714,FALSE,FALSE,FALSE,0,"Proteasome inhibitor PI31 subunit"
"Q92538","GBF1",-0.11,0.238,0.35,FALSE,FALSE,FALSE,0,"Golgi-specific brefeldin A-resistance guanine nucleotide exchange factor 1"
"Q92542","NCSTN",0.366,0.00712,0.0253,FALSE,FALSE,FALSE,0,"Nicastrin"
"Q92544","TM9SF4",0.0526,0.592,0.694,FALSE,FALSE,FALSE,0,"Transmembrane 9 superfamily member 4"
"Q92552","MRPS27",0.462,0.000341,0.00454,FALSE,FALSE,FALSE,0,"Small ribosomal subunit protein mS27"
"Q92563","SPOCK2",0.602,0.000292,0.00432,FALSE,FALSE,FALSE,0,"Testican-2"
"Q92572","AP3S1",-0.336,0.0067,0.0243,FALSE,FALSE,FALSE,0,"AP-3 complex subunit sigma-1"
"Q92575","UBXN4",-0.0528,0.525,0.634,FALSE,FALSE,FALSE,0,"UBX domain-containing protein 4"
"Q92598","HSPH1",0.0436,0.582,0.686,FALSE,FALSE,FALSE,0,"Heat shock protein 105 kDa"
"Q92599","SEPTIN8",-0.247,0.00637,0.0236,FALSE,FALSE,FALSE,0,"Septin-8"
"Q92600","CNOT9",-0.157,0.366,0.484,FALSE,FALSE,FALSE,0,"CCR4-NOT transcription complex subunit 9"
"Q92609","TBC1D5",-0.313,0.00912,0.0302,FALSE,FALSE,FALSE,0,"TBC1 domain family member 5"
"Q92614","MYO18A",-0.0382,0.605,0.705,FALSE,FALSE,FALSE,0,"Unconventional myosin-XVIIIa"
"Q92615","LARP4B",0.0579,0.554,0.661,FALSE,FALSE,FALSE,0,"La-related protein 4B"
"Q92616","GCN1",-0.335,0.00195,0.0113,FALSE,FALSE,FALSE,0,"Stalled ribosome sensor GCN1"
"Q92620","DHX38",0.165,0.25,0.364,FALSE,FALSE,FALSE,0,"Pre-mRNA-splicing factor ATP-dependent RNA helicase PRP16"
"Q92621","NUP205",0.0521,0.454,0.571,FALSE,FALSE,FALSE,0,"Nuclear pore complex protein Nup205"
"Q92625","ANKS1A",-0.166,0.0717,0.14,FALSE,FALSE,FALSE,0,"Ankyrin repeat and SAM domain-containing protein 1A"
"Q92643","PIGK",0.394,0.0504,0.108,FALSE,FALSE,FALSE,0,"GPI-anchor transamidase"
"Q92665","MRPS31",0.462,0.00808,0.0276,FALSE,FALSE,FALSE,0,"Small ribosomal subunit protein mS31"
"Q92667","AKAP1",0.00846,0.925,0.95,FALSE,FALSE,FALSE,0,"A-kinase anchor protein 1, mitochondrial"
"Q92688","ANP32B",-0.216,0.148,0.245,FALSE,FALSE,FALSE,0,"Acidic leucine-rich nuclear phosphoprotein 32 family member B"
"Q92692","NECTIN2",0.719,9.05e-05,0.00258,FALSE,FALSE,FALSE,0,"Nectin-2"
"Q92696","RABGGTA",0.258,0.0148,0.0429,FALSE,FALSE,FALSE,0,"Geranylgeranyl transferase type-2 subunit alpha"
"Q92734","TFG",-0.376,0.00318,0.0154,FALSE,FALSE,FALSE,0,"Protein TFG"
"Q92747","ARPC1A",0.00583,0.941,0.962,FALSE,FALSE,FALSE,0,"Actin-related protein 2/3 complex subunit 1A"
"Q92769","HDAC2",0.353,0.0446,0.0985,FALSE,FALSE,FALSE,0,"Histone deacetylase 2"
"Q92783","STAM",0.0349,0.764,0.832,FALSE,FALSE,FALSE,0,"Signal transducing adapter molecule 1"
"Q92785","DPF2",-0.0433,0.558,0.665,FALSE,FALSE,FALSE,0,"Zinc finger protein ubi-d4"
"Q92796","DLG3",0.14,0.283,0.398,FALSE,FALSE,FALSE,0,"Disks large homolog 3"
"Q92797","SYMPK",-0.0669,0.4,0.518,FALSE,FALSE,FALSE,0,"Symplekin"
"Q92804","TAF15",-0.177,0.0732,0.143,FALSE,FALSE,FALSE,0,"TATA-binding protein-associated factor 2N"
"Q92817","EVPL",0.385,0.000799,0.00702,FALSE,FALSE,FALSE,0,"Envoplakin"
"Q92820","GGH",0.521,0.000981,0.00791,FALSE,FALSE,FALSE,0,"Gamma-glutamyl hydrolase"
"Q92841","DDX17",0.0358,0.594,0.696,FALSE,FALSE,FALSE,0,"Probable ATP-dependent RNA helicase DDX17"
"Q92878","RAD50",-0.315,0.0028,0.0142,FALSE,FALSE,FALSE,0,"DNA repair protein RAD50"
"Q92879","CELF1",0.246,0.00672,0.0243,FALSE,FALSE,FALSE,0,"CUGBP Elav-like family member 1"
"Q92882","OSTF1",0.0958,0.277,0.39,FALSE,FALSE,FALSE,0,"Osteoclast-stimulating factor 1"
"Q92888","ARHGEF1",-0.422,0.00103,0.00808,FALSE,FALSE,FALSE,0,"Rho guanine nucleotide exchange factor 1"
"Q92890","UFD1",-0.162,0.0925,0.17,FALSE,FALSE,FALSE,0,"Ubiquitin recognition factor in ER-associated degradation protein 1"
"Q92896","GLG1",-0.274,0.0405,0.0921,FALSE,FALSE,FALSE,0,"Golgi apparatus protein 1"
"Q92900","UPF1",0.154,0.0757,0.146,FALSE,FALSE,FALSE,0,"Regulator of nonsense transcripts 1"
"Q92905","COPS5",0.018,0.82,0.873,FALSE,FALSE,FALSE,0,"COP9 signalosome complex subunit 5"
"Q92917","GPKOW",-0.0297,0.783,0.845,FALSE,FALSE,FALSE,0,"G-patch domain and KOW motifs-containing protein"
"Q92922","SMARCC1",0.371,0.00904,0.03,FALSE,FALSE,FALSE,0,"SWI/SNF complex subunit SMARCC1"
"Q92925","SMARCD2",0.0644,0.557,0.664,FALSE,FALSE,FALSE,0,"SWI/SNF-related matrix-associated actin-dependent regulator of chromatin subfamily D member 2"
"Q92945","KHSRP",0.00341,0.965,0.976,FALSE,FALSE,FALSE,0,"Far upstream element-binding protein 2"
"Q92947","GCDH",0.599,0.0014,0.00963,FALSE,FALSE,FALSE,0,"Glutaryl-CoA dehydrogenase, mitochondrial"
"Q92973","TNPO1",0.0822,0.389,0.508,FALSE,FALSE,FALSE,0,"Transportin-1"
"Q92974","ARHGEF2",0.399,0.0118,0.0362,FALSE,FALSE,FALSE,0,"Rho guanine nucleotide exchange factor 2"
"Q92979","EMG1",0.53,0.00381,0.0172,FALSE,FALSE,FALSE,0,"Ribosomal RNA small subunit methyltransferase NEP1"
"Q92989","CLP1",0.264,0.0671,0.133,FALSE,FALSE,FALSE,0,"Polyribonucleotide 5'-hydroxyl-kinase Clp1"
"Q92990","GLMN",0.154,0.59,0.693,FALSE,FALSE,FALSE,0,"Glomulin"
"Q93008","USP9X",-0.232,0.0112,0.035,FALSE,FALSE,FALSE,0,"Ubiquitin carboxyl-terminal hydrolase 9X"
"Q93009","USP7",-0.182,0.0241,0.0612,FALSE,FALSE,FALSE,0,"Ubiquitin C-terminal hydrolase 7"
"Q93050","ATP6V0A1",0.258,0.0385,0.0885,FALSE,FALSE,FALSE,0,"V-type proton ATPase 116 kDa subunit a 1"
"Q93052","LPP",-0.256,0.014,0.0413,FALSE,FALSE,FALSE,0,"Lipoma-preferred partner"
"Q93062","RBPMS",-0.266,0.0496,0.106,FALSE,FALSE,FALSE,0,"RNA-binding protein with multiple splicing"
"Q93100","PHKB",-0.729,0.000218,0.00381,FALSE,FALSE,FALSE,0,"Phosphorylase b kinase regulatory subunit beta"
"Q969G3","SMARCE1",0.114,0.255,0.369,FALSE,FALSE,FALSE,0,"SWI/SNF-related matrix-associated actin-dependent regulator of chromatin subfamily E member 1"
"Q969G5","CAVIN3",0.879,0.000164,0.00331,FALSE,FALSE,FALSE,0,"Caveolae-associated protein 3"
"Q969H8","MYDGF",0.516,0.000344,0.00454,FALSE,FALSE,FALSE,0,"Myeloid-derived growth factor"
"Q969L2","MAL2",1.86,0.0221,0.0573,FALSE,FALSE,FALSE,0,"Protein MAL2"
"Q969N2","PIGT",0.641,0.0034,0.0161,FALSE,FALSE,FALSE,0,"GPI-anchor transamidase component PIGT"
"Q969S3","ZNF622",-0.353,0.0115,0.0356,FALSE,FALSE,FALSE,0,"Cytoplasmic 60S subunit biogenesis factor ZNF622"
"Q969U7","PSMG2",-0.0036,0.969,0.979,FALSE,FALSE,FALSE,0,"Proteasome assembly chaperone 2"
"Q969V3","NCLN",0.676,0.000197,0.00367,FALSE,FALSE,FALSE,0,"BOS complex subunit NCLN"
"Q969X5","ERGIC1",0.153,0.238,0.35,FALSE,FALSE,FALSE,0,"Endoplasmic reticulum-Golgi intermediate compartment protein 1"
"Q969X6","UTP4",0.858,0.00171,0.0107,FALSE,FALSE,FALSE,0,"U3 small nucleolar RNA-associated protein 4 homolog"
"Q969Z0","TBRG4",0.686,0.000732,0.00676,FALSE,FALSE,FALSE,0,"FAST kinase domain-containing protein 4"
"Q96A26","FAM162A",0.247,0.322,0.439,FALSE,FALSE,FALSE,0,"Protein FAM162A"
"Q96A33","CCDC47",0.549,0.00183,0.0109,FALSE,FALSE,FALSE,0,"PAT complex subunit CCDC47"
"Q96A35","MRPL24",0.634,0.000336,0.00454,FALSE,FALSE,FALSE,0,"Large ribosomal subunit protein uL24m"
"Q96A49","SYAP1",-0.0415,0.601,0.702,FALSE,FALSE,FALSE,0,"Synapse-associated protein 1"
"Q96A65","EXOC4",-0.326,0.0204,0.054,FALSE,FALSE,FALSE,0,"Exocyst complex component 4"
"Q96A72","MAGOHB",-0.0131,0.865,0.907,FALSE,FALSE,FALSE,0,"Protein mago nashi homolog 2"
"Q96AB3","ISOC2",0.273,0.0537,0.113,FALSE,FALSE,FALSE,0,"Isochorismatase domain-containing protein 2"
"Q96AC1","FERMT2",0.251,0.0769,0.148,FALSE,FALSE,FALSE,0,"Fermitin family homolog 2"
"Q96AE4","FUBP1",-0.0818,0.341,0.458,FALSE,FALSE,FALSE,0,"Far upstream element-binding protein 1"
"Q96AG4","LRRC59",0.358,0.00144,0.00981,FALSE,FALSE,FALSE,0,"Leucine-rich repeat-containing protein 59"
"Q96AQ6","PBXIP1",-0.142,0.423,0.541,FALSE,FALSE,FALSE,0,"Pre-B-cell leukemia transcription factor-interacting protein 1"
"Q96AT9","RPE",-0.283,0.0175,0.0485,FALSE,FALSE,FALSE,0,"Ribulose-phosphate 3-epimerase"
"Q96AX1","VPS33A",-0.343,0.0136,0.0406,FALSE,FALSE,FALSE,0,"Vacuolar protein sorting-associated protein 33A"
"Q96AZ6","ISG20",-0.733,0.000503,0.0057,FALSE,FALSE,FALSE,0,"Interferon-stimulated gene 20 kDa protein"
"Q96B26","EXOSC8",0.318,0.01,0.0323,FALSE,FALSE,FALSE,0,"Exosome complex component RRP43"
"Q96B49","TOMM6",0.679,0.00186,0.011,FALSE,FALSE,FALSE,0,"Mitochondrial import receptor subunit TOM6 homolog"
"Q96B54","ZNF428",-0.567,0.000423,0.00512,FALSE,FALSE,FALSE,0,"Zinc finger protein 428"
"Q96B97","SH3KBP1",-0.149,0.0889,0.165,FALSE,FALSE,FALSE,0,"SH3 domain-containing kinase-binding protein 1"
"Q96BI1","SLC67A1",0.575,0.00393,0.0176,FALSE,FALSE,FALSE,0,"Solute carrier family 67 member A1"
"Q96BJ8","ELMO3",-0.291,0.0438,0.0973,FALSE,FALSE,FALSE,0,"Engulfment and cell motility protein 3"
"Q96BN8","OTULIN",-0.172,0.221,0.331,FALSE,FALSE,FALSE,0,"Ubiquitin thioesterase otulin"
"Q96BP3","PPWD1",-0.181,0.0905,0.167,FALSE,FALSE,FALSE,0,"Peptidylprolyl isomerase domain and WD repeat-containing protein 1"
"Q96BR5","COA7",0.66,0.000114,0.00286,FALSE,FALSE,FALSE,0,"Cytochrome c oxidase assembly factor 7"
"Q96BW5","PTER",-0.158,0.26,0.375,FALSE,FALSE,FALSE,0,"N-acetyltaurine hydrolase"
"Q96BW9","TAMM41",0.782,0.00143,0.00977,FALSE,FALSE,FALSE,0,"Phosphatidate cytidylyltransferase, mitochondrial"
"Q96C01","TIMCC",0.484,0.00112,0.00852,FALSE,FALSE,FALSE,0,"TIM double twin CX3C motif protein"
"Q96C19","EFHD2",0.353,0.00258,0.0136,FALSE,FALSE,FALSE,0,"EF-hand domain-containing protein D2"
"Q96C23","GALM",-0.271,0.00359,0.0166,FALSE,FALSE,FALSE,0,"Galactose mutarotase"
"Q96C36","PYCR2",0.611,0.0024,0.0129,FALSE,FALSE,FALSE,0,"Pyrroline-5-carboxylate reductase 2"
"Q96C57","CUSTOS",-0.268,0.375,0.494,FALSE,FALSE,FALSE,0,"Protein CUSTOS"
"Q96C86","DCPS",-0.324,0.0062,0.0231,FALSE,FALSE,FALSE,0,"m7GpppX diphosphatase"
"Q96C90","PPP1R14B",0.248,0.35,0.468,FALSE,FALSE,FALSE,0,"Protein phosphatase 1 regulatory subunit 14B"
"Q96CM8","ACSF2",0.452,0.0167,0.0468,FALSE,FALSE,FALSE,0,"Medium-chain acyl-CoA ligase ACSF2, mitochondrial"
"Q96CN7","ISOC1",0.0899,0.196,0.303,FALSE,FALSE,FALSE,0,"Isochorismatase domain-containing protein 1"
"Q96CS3","FAF2",0.204,0.0197,0.0528,FALSE,FALSE,FALSE,0,"FAS-associated factor 2"
"Q96CT7","CCDC124",-0.129,0.251,0.365,FALSE,FALSE,FALSE,0,"Coiled-coil domain-containing protein 124"
"Q96CU9","FOXRED1",0.448,0.0138,0.0408,FALSE,FALSE,FALSE,0,"FAD-dependent oxidoreductase domain-containing protein 1"
"Q96CW1","AP2M1",-0.0911,0.317,0.434,FALSE,FALSE,FALSE,0,"AP-2 complex subunit mu"
"Q96D46","NMD3",-0.0953,0.243,0.357,FALSE,FALSE,FALSE,0,"60S ribosomal export protein NMD3"
"Q96DA6","DNAJC19",0.459,0.0163,0.0463,FALSE,FALSE,FALSE,0,"Mitochondrial import inner membrane translocase subunit TIM14"
"Q96DB5","RMDN1",0.347,0.043,0.096,FALSE,FALSE,FALSE,0,"Regulator of microtubule dynamics protein 1"
"Q96DE0","NUDT16",-0.0384,0.765,0.833,FALSE,FALSE,FALSE,0,"U8 snoRNA-decapping enzyme"
"Q96DG6","CMBL",-0.73,0.000319,0.00445,FALSE,FALSE,FALSE,0,"Carboxymethylenebutenolidase homolog"
"Q96DI7","SNRNP40",0.0197,0.79,0.849,FALSE,FALSE,FALSE,0,"U5 small nuclear ribonucleoprotein 40 kDa protein"
"Q96DV4","MRPL38",0.526,0.0032,0.0154,FALSE,FALSE,FALSE,0,"Large ribosomal subunit protein mL38"
"Q96DZ1","ERLEC1",0.377,0.0307,0.0739,FALSE,FALSE,FALSE,0,"Endoplasmic reticulum lectin 1"
"Q96E11","MRRF",0.823,0.000295,0.00432,FALSE,FALSE,FALSE,0,"Ribosome-recycling factor, mitochondrial"
"Q96E39","RBMXL1",-0.565,0.00109,0.00837,FALSE,FALSE,FALSE,0,"RNA binding motif protein, X-linked-like-1"
"Q96EE3","SEH1L",0.0422,0.625,0.721,FALSE,FALSE,FALSE,0,"Nucleoporin SEH1"
"Q96EI5","TCEAL4",-0.479,0.00559,0.0216,FALSE,FALSE,FALSE,0,"Transcription elongation factor A protein-like 4"
"Q96EK5","KIFBP",-0.106,0.197,0.305,FALSE,FALSE,FALSE,0,"KIF-binding protein"
"Q96EK6","GNPNAT1",-0.154,0.0686,0.136,FALSE,FALSE,FALSE,0,"Glucosamine 6-phosphate N-acetyltransferase"
"Q96EL3","MRPL53",0.667,0.000835,0.00718,FALSE,FALSE,FALSE,0,"Large ribosomal subunit protein mL53"
"Q96EP5","DAZAP1",-0.118,0.16,0.259,FALSE,FALSE,FALSE,0,"DAZ-associated protein 1"
"Q96ER3","SAAL1",0.188,0.0442,0.0981,FALSE,FALSE,FALSE,0,"Protein SAAL1"
"Q96ER9","CCDC51",0.627,0.000136,0.00312,FALSE,FALSE,FALSE,0,"Mitochondrial potassium channel"
"Q96EU7","C1GALT1C1",0.62,0.013,0.039,FALSE,FALSE,FALSE,0,"C1GALT1-specific chaperone 1"
"Q96EV2","RBM33",-0.143,0.605,0.705,FALSE,FALSE,FALSE,0,"RNA-binding protein 33"
"Q96EY1","DNAJA3",0.815,0.000706,0.00669,FALSE,FALSE,FALSE,0,"DnaJ homolog subfamily A member 3, mitochondrial"
"Q96EY4","TMA16",0.0948,0.353,0.471,FALSE,FALSE,FALSE,0,"Translation machinery-associated protein 16"
"Q96EY5","MVB12A",-0.125,0.218,0.328,FALSE,FALSE,FALSE,0,"Multivesicular body subunit 12A"
"Q96EY7","PTCD3",0.402,0.00278,0.0142,FALSE,FALSE,FALSE,0,"Small ribosomal subunit protein mS39"
"Q96EY8","MMAB",0.673,0.00154,0.0101,FALSE,FALSE,FALSE,0,"Corrinoid adenosyltransferase MMAB"
"Q96F07","CYFIP2",-0.279,0.0624,0.126,FALSE,FALSE,FALSE,0,"Cytoplasmic FMR1-interacting protein 2"
"Q96F86","EDC3",-0.0823,0.493,0.606,FALSE,FALSE,FALSE,0,"Enhancer of mRNA-decapping protein 3"
"Q96FJ2","DYNLL2",-0.353,0.00333,0.0158,FALSE,FALSE,FALSE,0,"Dynein light chain 2, cytoplasmic"
"Q96FL9","GALNT14",0.572,0.000199,0.00369,FALSE,FALSE,FALSE,0,"Polypeptide N-acetylgalactosaminyltransferase 14"
"Q96FQ6","S100A16",0.508,0.00807,0.0276,FALSE,FALSE,FALSE,0,"Protein S100-A16"
"Q96FV9","THOC1",-0.0493,0.527,0.636,FALSE,FALSE,FALSE,0,"THO complex subunit 1"
"Q96FW1","OTUB1",-0.315,0.00465,0.0193,FALSE,FALSE,FALSE,0,"Ubiquitin thioesterase OTUB1"
"Q96FX7","TRMT61A",0.368,0.00754,0.0264,FALSE,FALSE,FALSE,0,"tRNA (adenine(58)-N(1))-methyltransferase catalytic subunit TRMT61A"
"Q96FZ2","HMCES",-0.209,0.0223,0.0577,FALSE,FALSE,FALSE,0,"Abasic site processing protein HMCES"
"Q96FZ7","CHMP6",0.357,0.00478,0.0197,FALSE,FALSE,FALSE,0,"Charged multivesicular body protein 6"
"Q96G03","PGM2",-0.202,0.015,0.0434,FALSE,FALSE,FALSE,0,"Phosphopentomutase"
"Q96G23","CERS2",0.69,0.000789,0.00701,FALSE,FALSE,FALSE,0,"Ceramide synthase 2"
"Q96GA7","SDSL",-0.423,0.000656,0.00645,FALSE,FALSE,FALSE,0,"Serine dehydratase-like"
"Q96GC5","MRPL48",0.509,0.000296,0.00432,FALSE,FALSE,FALSE,0,"Large ribosomal subunit protein mL48"
"Q96GC9","VMP1",0.484,0.00309,0.0151,FALSE,FALSE,FALSE,0,"Vacuole membrane protein 1"
"Q96GG9","DCUN1D1",-0.252,0.0181,0.0497,FALSE,FALSE,FALSE,0,"DCN1-like protein 1"
"Q96GK7","FAHD2A",0.133,0.166,0.266,FALSE,FALSE,FALSE,0,"Oxaloacetate tautomerase FAHD2A, mitochondrial"
"Q96GQ5","RUSF1",0.335,0.0735,0.143,FALSE,FALSE,FALSE,0,"RUS family member 1"
"Q96GQ7","DDX27",0.389,0.00128,0.00915,FALSE,FALSE,FALSE,0,"Probable ATP-dependent RNA helicase DDX27"
"Q96GX9","APIP",-0.186,0.0212,0.0556,FALSE,FALSE,FALSE,0,"Methylthioribulose-1-phosphate dehydratase"
"Q96HC4","PDLIM5",-0.00101,0.991,0.994,FALSE,FALSE,FALSE,0,"PDZ and LIM domain protein 5"
"Q96HE7","ERO1A",0.378,0.0612,0.124,FALSE,FALSE,FALSE,0,"ERO1-like protein alpha"
"Q96HN2","AHCYL2",-0.348,0.00502,0.0203,FALSE,FALSE,FALSE,0,"S-adenosylhomocysteine hydrolase-like protein 2"
"Q96HS1","PGAM5",0.755,0.000129,0.00305,FALSE,FALSE,FALSE,0,"Serine/threonine-protein phosphatase PGAM5, mitochondrial"
"Q96HY6","DDRGK1",-0.0549,0.768,0.835,FALSE,FALSE,FALSE,0,"DDRGK domain-containing protein 1"
"Q96HY7","DHTKD1",0.355,0.0633,0.127,FALSE,FALSE,FALSE,0,"2-oxoadipate dehydrogenase complex component E1"
"Q96I15","SCLY",-0.739,0.000495,0.00568,FALSE,FALSE,FALSE,0,"Selenocysteine lyase"
"Q96I24","FUBP3",0.174,0.109,0.192,FALSE,FALSE,FALSE,0,"Far upstream element-binding protein 3"
"Q96I25","RBM17",-0.0583,0.553,0.661,FALSE,FALSE,FALSE,0,"Splicing factor 45"
"Q96I59","NARS2",0.541,0.0479,0.104,FALSE,FALSE,FALSE,0,"Asparaginyl-tRNA synthetase"
"Q96I99","SUCLG2",0.532,0.00314,0.0153,FALSE,FALSE,FALSE,0,"Succinate--CoA ligase [GDP-forming] subunit beta, mitochondrial"
"Q96IJ6","GMPPA",-0.271,0.0183,0.0498,FALSE,FALSE,FALSE,0,"Mannose-1-phosphate guanylyltransferase regulatory subunit alpha"
"Q96IR7","HPDL",0.381,0.00548,0.0214,FALSE,FALSE,FALSE,0,"4-hydroxyphenylpyruvate dioxygenase-like protein"
"Q96IU4","ABHD14B",-0.607,8.39e-05,0.00252,FALSE,FALSE,FALSE,0,"Putative protein-lysine deacylase ABHD14B"
"Q96IX5","ATP5MK",0.407,0.0246,0.062,FALSE,FALSE,FALSE,0,"ATP synthase F(0) complex subunit k, mitochondrial"
"Q96IZ0","PAWR",-0.0271,0.744,0.818,FALSE,FALSE,FALSE,0,"PRKC apoptosis WT1 regulator protein"
"Q96J01","THOC3",0.0228,0.789,0.849,FALSE,FALSE,FALSE,0,"THO complex subunit 3"
"Q96J02","ITCH",0.503,0.000843,0.00721,FALSE,FALSE,FALSE,0,"E3 ubiquitin-protein ligase Itchy homolog"
"Q96JB5","CDK5RAP3",-0.244,0.0259,0.0646,FALSE,FALSE,FALSE,0,"CDK5 regulatory subunit-associated protein 3"
"Q96JJ7","TMX3",0.673,0.000433,0.0052,FALSE,FALSE,FALSE,0,"Protein disulfide-isomerase TMX3"
"Q96JM3","CHAMP1",0.00991,0.941,0.962,FALSE,FALSE,FALSE,0,"Chromosome alignment-maintaining phosphoprotein 1"
"Q96JP5","ZFP91",0.145,0.17,0.272,FALSE,FALSE,FALSE,0,"E3 ubiquitin-protein ligase ZFP91"
"Q96JQ2","CLMN",0.0847,0.339,0.456,FALSE,FALSE,FALSE,0,"Calmin"
"Q96K17","BTF3L4",-0.297,0.0077,0.0268,FALSE,FALSE,FALSE,0,"Transcription factor BTF3 homolog 4"
"Q96KB5","PBK",0.251,0.0489,0.105,FALSE,FALSE,FALSE,0,"Lymphokine-activated killer T-cell-originated protein kinase"
"Q96KG9","SCYL1",-0.231,0.0177,0.0489,FALSE,FALSE,FALSE,0,"N-terminal kinase-like protein"
"Q96KM6","ZNF512B",0.0986,0.58,0.685,FALSE,FALSE,FALSE,0,"Zinc finger protein 512B"
"Q96KN1","LRATD2",0.201,0.0412,0.0931,FALSE,FALSE,FALSE,0,"Protein LRATD2"
"Q96KP4","CNDP2",-0.363,0.000763,0.0069,FALSE,FALSE,FALSE,0,"Cytosolic non-specific dipeptidase"
"Q96KR1","ZFR",-0.135,0.101,0.182,FALSE,FALSE,FALSE,0,"Zinc finger RNA-binding protein"
"Q96L92","SNX27",-0.0683,0.416,0.534,FALSE,FALSE,FALSE,0,"Sorting nexin-27"
"Q96LD4","TRIM47",-0.204,0.0258,0.0644,FALSE,FALSE,FALSE,0,"E3 ubiquitin-protein ligase TRIM47"
"Q96LW7","CARD19",0.423,0.00591,0.0225,FALSE,FALSE,FALSE,0,"Caspase recruitment domain-containing protein 19"
"Q96M27","PRRC1",-0.312,0.00268,0.0139,FALSE,FALSE,FALSE,0,"Protein PRRC1"
"Q96ME1","FBXL18",-0.234,0.00787,0.0271,FALSE,FALSE,FALSE,0,"F-box/LRR-repeat protein 18"
"Q96ME7","ZNF512",-0.378,0.0622,0.126,FALSE,FALSE,FALSE,0,"Zinc finger protein 512"
"Q96MU7","YTHDC1",-0.224,0.0562,0.117,FALSE,FALSE,FALSE,0,"YTH domain-containing protein 1"
"Q96MW1","CCDC43",-0.394,0.0125,0.0378,FALSE,FALSE,FALSE,0,"Coiled-coil domain-containing protein 43"
"Q96MX6","DNAAF10",-0.147,0.434,0.551,FALSE,FALSE,FALSE,0,"Dynein axonemal assembly factor 10"
"Q96N66","MBOAT7",0.4,0.061,0.124,FALSE,FALSE,FALSE,0,"Membrane-bound acylglycerophosphatidylinositol O-acyltransferase MBOAT7"
"Q96N67","DOCK7",-0.406,0.0977,0.177,FALSE,FALSE,FALSE,0,"Dedicator of cytokinesis protein 7"
"Q96NB2","SFXN2",0.71,0.00173,0.0108,FALSE,FALSE,FALSE,0,"Sideroflexin-2"
"Q96P16","RPRD1A",-0.0866,0.275,0.388,FALSE,FALSE,FALSE,0,"Regulation of nuclear pre-mRNA domain-containing protein 1A"
"Q96P70","IPO9",-0.0751,0.318,0.435,FALSE,FALSE,FALSE,0,"Importin-9"
"Q96PC3","AP1S3",0.309,0.0113,0.0352,FALSE,FALSE,FALSE,0,"AP-1 complex subunit sigma-3"
"Q96PC5","MIA2",-0.00973,0.889,0.925,FALSE,FALSE,FALSE,0,"Melanoma inhibitory activity protein 2"
"Q96PK6","RBM14",-0.124,0.264,0.378,FALSE,FALSE,FALSE,0,"RNA-binding protein 14"
"Q96PU5","NEDD4L",0.0977,0.282,0.397,FALSE,FALSE,FALSE,0,"E3 ubiquitin-protein ligase NEDD4-like"
"Q96PU8","QKI",0.224,0.201,0.308,FALSE,FALSE,FALSE,0,"KH domain-containing RNA-binding protein QKI"
"Q96PZ0","PUS7",0.0832,0.544,0.652,FALSE,FALSE,FALSE,0,"Pseudouridylate synthase 7 homolog"
"Q96PZ2","FAM111A",0.086,0.293,0.409,FALSE,FALSE,FALSE,0,"Serine protease FAM111A"
"Q96Q11","TRNT1",0.256,0.0628,0.126,FALSE,FALSE,FALSE,0,"CCA tRNA nucleotidyltransferase 1, mitochondrial"
"Q96QK1","VPS35",-0.163,0.0623,0.126,FALSE,FALSE,FALSE,0,"Vacuolar protein sorting-associated protein 35"
"Q96QR8","PURB",-0.198,0.0224,0.0579,FALSE,FALSE,FALSE,0,"Transcriptional regulator protein Pur-beta"
"Q96QZ7","MAGI1",-0.345,0.251,0.365,FALSE,FALSE,FALSE,0,"Membrane-associated guanylate kinase, WW and PDZ domain-containing protein 1"
"Q96RE7","NACC1",-0.269,0.0467,0.102,FALSE,FALSE,FALSE,0,"Nucleus accumbens-associated protein 1"
"Q96RP9","GFM1",0.941,0.000114,0.00286,FALSE,FALSE,FALSE,0,"Elongation factor G, mitochondrial"
"Q96RQ1","ERGIC2",0.247,0.0867,0.162,FALSE,FALSE,FALSE,0,"Endoplasmic reticulum-Golgi intermediate compartment protein 2"
"Q96RQ3","MCCC1",0.344,0.0303,0.0732,FALSE,FALSE,FALSE,0,"Methylcrotonoyl-CoA carboxylase subunit alpha, mitochondrial"
"Q96RS6","NUDCD1",0.106,0.162,0.262,FALSE,FALSE,FALSE,0,"NudC domain-containing protein 1"
"Q96RT1","ERBIN",0.219,0.016,0.0455,FALSE,FALSE,FALSE,0,"Erbin"
"Q96S19","METTL26",-0.253,0.128,0.219,FALSE,FALSE,FALSE,0,"Methyltransferase-like 26"
"Q96S44","TP53RK",-0.25,0.0168,0.0472,FALSE,FALSE,FALSE,0,"EKC/KEOPS complex subunit TP53RK"
"Q96S52","PIGS",0.464,0.00677,0.0244,FALSE,FALSE,FALSE,0,"GPI-anchor transamidase component PIGS"
"Q96S55","WRNIP1",0.0118,0.869,0.909,FALSE,FALSE,FALSE,0,"ATPase WRNIP1"
"Q96S66","CLCC1",0.239,0.0567,0.118,FALSE,FALSE,FALSE,0,"Chloride channel CLIC-like protein 1"
"Q96S97","MYADM",0.815,9.8e-05,0.00264,FALSE,FALSE,FALSE,0,"Myeloid-associated differentiation marker"
"Q96SB4","SRPK1",0.0524,0.677,0.765,FALSE,FALSE,FALSE,0,"SRSF protein kinase 1"
"Q96SI9","STRBP",0.0837,0.405,0.522,FALSE,FALSE,FALSE,0,"Spermatid perinuclear RNA-binding protein"
"Q96SK2","TMEM209",0.387,0.00672,0.0243,FALSE,FALSE,FALSE,0,"Transmembrane protein 209"
"Q96ST2","IWS1",-0.0589,0.466,0.582,FALSE,FALSE,FALSE,0,"Protein IWS1 homolog"
"Q96ST3","SIN3A",-0.227,0.0178,0.0491,FALSE,FALSE,FALSE,0,"Paired amphipathic helix protein Sin3a"
"Q96SU4","OSBPL9",-0.0174,0.861,0.905,FALSE,FALSE,FALSE,0,"Oxysterol-binding protein-related protein 9"
"Q96SZ5","ADO",-0.252,0.0753,0.145,FALSE,FALSE,FALSE,0,"2-aminoethanethiol dioxygenase"
"Q96T23","RSF1",-0.191,0.039,0.0895,FALSE,FALSE,FALSE,0,"Remodeling and spacing factor 1"
"Q96T37","RBM15",-0.383,0.0408,0.0925,FALSE,FALSE,FALSE,0,"RNA-binding protein 15"
"Q96T51","RUFY1",-0.0654,0.625,0.721,FALSE,FALSE,FALSE,0,"RUN and FYVE domain-containing protein 1"
"Q96T60","PNKP",-0.0534,0.539,0.647,FALSE,FALSE,FALSE,0,"Bifunctional polynucleotide phosphatase/kinase"
"Q96T76","MMS19",-0.0754,0.375,0.494,FALSE,FALSE,FALSE,0,"MMS19 nucleotide excision repair protein homolog"
"Q96T83","SLC9A7",-0.0133,0.946,0.965,FALSE,FALSE,FALSE,0,"Sodium/hydrogen exchanger 7"
"Q96T88","UHRF1",0.5,0.00228,0.0125,FALSE,FALSE,FALSE,0,"E3 ubiquitin-protein ligase UHRF1"
"Q96TA1","NIBAN2",-0.522,7.76e-05,0.00243,FALSE,FALSE,FALSE,0,"Protein Niban 2"
"Q96TA2","YME1L1",0.624,0.000647,0.00641,FALSE,FALSE,FALSE,0,"ATP-dependent zinc metalloprotease YME1L1"
"Q99417","MYCBP",0.197,0.103,0.184,FALSE,FALSE,FALSE,0,"c-Myc-binding protein"
"Q99426","TBCB",-0.0772,0.293,0.408,FALSE,FALSE,FALSE,0,"Tubulin-folding cofactor B"
"Q99436","PSMB7",-0.0268,0.74,0.814,FALSE,FALSE,FALSE,0,"Proteasome subunit beta type-7"
"Q99439","CNN2",0.118,0.161,0.261,FALSE,FALSE,FALSE,0,"Calponin-2"
"Q99442","SEC62",0.64,0.00409,0.0179,FALSE,FALSE,FALSE,0,"Translocation protein SEC62"
"Q99447","PCYT2",0.14,0.121,0.208,FALSE,FALSE,FALSE,0,"Ethanolamine-phosphate cytidylyltransferase"
"Q99459","CDC5L",0.0448,0.591,0.694,FALSE,FALSE,FALSE,0,"Cell division cycle 5-like protein"
"Q99460","PSMD1",-0.076,0.265,0.379,FALSE,FALSE,FALSE,0,"26S proteasome non-ATPase regulatory subunit 1"
"Q99470","SDF2",0.361,0.0109,0.0343,FALSE,FALSE,FALSE,0,"Stromal cell-derived factor 2"
"Q99471","PFDN5",-0.123,0.106,0.188,FALSE,FALSE,FALSE,0,"Prefoldin subunit 5"
"Q99496","RNF2",-0.0485,0.855,0.901,FALSE,FALSE,FALSE,0,"E3 ubiquitin-protein ligase RING2"
"Q99497","PARK7",-0.154,0.0563,0.117,FALSE,FALSE,FALSE,0,"Parkinson disease protein 7"
"Q99519","NEU1",0.622,0.000667,0.0065,FALSE,FALSE,FALSE,0,"Sialidase-1"
"Q99523","SORT1",0.502,0.00115,0.00865,FALSE,FALSE,FALSE,0,"Sortilin"
"Q99536","VAT1",-0.174,0.0516,0.11,FALSE,FALSE,FALSE,0,"NADPH-dependent quinone oxidoreductase VAT1"
"Q99538","LGMN",-0.0855,0.419,0.537,FALSE,FALSE,FALSE,0,"Legumain"
"Q99543","DNAJC2",0.00458,0.961,0.975,FALSE,FALSE,FALSE,0,"DnaJ homolog subfamily C member 2"
"Q99549","MPHOSPH8",-0.0717,0.588,0.692,FALSE,FALSE,FALSE,0,"M-phase phosphoprotein 8"
"Q99567","NUP88",-0.145,0.0754,0.146,FALSE,FALSE,FALSE,0,"Nuclear pore complex protein Nup88"
"Q99569","PKP4",-0.0765,0.772,0.838,FALSE,FALSE,FALSE,0,"Plakophilin-4"
"Q99570","PIK3R4",-0.193,0.147,0.243,FALSE,FALSE,FALSE,0,"Phosphoinositide 3-kinase regulatory subunit 4"
"Q99575","POP1",-0.24,0.0791,0.151,FALSE,FALSE,FALSE,0,"Ribonucleases P/MRP protein subunit POP1"
"Q99584","S100A13",-0.0325,0.713,0.791,FALSE,FALSE,FALSE,0,"Protein S100-A13"
"Q99598","TSNAX",-0.0944,0.266,0.379,FALSE,FALSE,FALSE,0,"Translin-associated protein X"
"Q99611","SEPHS2",-0.878,0.000897,0.00749,FALSE,FALSE,FALSE,0,"Selenide, water dikinase 2"
"Q99613","EIF3C",-0.1,0.16,0.259,FALSE,FALSE,FALSE,0,"Eukaryotic translation initiation factor 3 subunit C"
"Q99614","TTC1",-0.185,0.0332,0.0782,FALSE,FALSE,FALSE,0,"Tetratricopeptide repeat protein 1"
"Q99615","DNAJC7",0.0314,0.723,0.799,FALSE,FALSE,FALSE,0,"DnaJ homolog subfamily C member 7"
"Q99622","C12orf57",-0.0261,0.774,0.839,FALSE,FALSE,FALSE,0,"Protein C10"
"Q99623","PHB2",0.442,0.0151,0.0436,FALSE,FALSE,FALSE,0,"Prohibitin-2"
"Q99627","COPS8",0.105,0.364,0.482,FALSE,FALSE,FALSE,0,"COP9 signalosome complex subunit 8"
"Q99653","CHP1",0.412,0.0244,0.0619,FALSE,FALSE,FALSE,0,"Calcineurin B homologous protein 1"
"Q99661","KIF2C",0.353,0.00133,0.00937,FALSE,FALSE,FALSE,0,"Kinesin-like protein KIF2C"
"Q99674","CGREF1",-0.00739,0.937,0.959,FALSE,FALSE,FALSE,0,"Cell growth regulator with EF hand domain protein 1"
"Q99685","MGLL",-0.0132,0.894,0.928,FALSE,FALSE,FALSE,0,"Monoglyceride lipase"
"Q99700","ATXN2",0.116,0.143,0.238,FALSE,FALSE,FALSE,0,"Ataxin-2"
"Q99714","HSD17B10",0.522,0.0045,0.0189,FALSE,FALSE,FALSE,0,"3-hydroxyacyl-CoA dehydrogenase type-2"
"Q99720","SIGMAR1",0.515,0.00217,0.0121,FALSE,FALSE,FALSE,0,"Sigma non-opioid intracellular receptor 1"
"Q99729","HNRNPAB",0.387,0.00229,0.0125,FALSE,FALSE,FALSE,0,"Heterogeneous nuclear ribonucleoprotein A/B"
"Q99733","NAP1L4",-0.0458,0.545,0.652,FALSE,FALSE,FALSE,0,"Nucleosome assembly protein 1-like 4"
"Q99747","NAPG",0.187,0.0256,0.0641,FALSE,FALSE,FALSE,0,"Gamma-soluble NSF attachment protein"
"Q99757","TXN2",0.519,0.00826,0.0279,FALSE,FALSE,FALSE,0,"Thioredoxin, mitochondrial"
"Q99797","MIPEP",0.413,0.0232,0.0597,FALSE,FALSE,FALSE,0,"Mitochondrial intermediate peptidase"
"Q99798","ACO2",0.0328,0.748,0.821,FALSE,FALSE,FALSE,0,"Aconitate hydratase, mitochondrial"
"Q99805","TM9SF2",0.22,0.112,0.196,FALSE,FALSE,FALSE,0,"Transmembrane 9 superfamily member 2"
"Q99808","SLC29A1",0.0581,0.741,0.816,FALSE,FALSE,FALSE,0,"Equilibrative nucleoside transporter 1"
"Q99816","TSG101",-0.168,0.102,0.183,FALSE,FALSE,FALSE,0,"Tumor susceptibility gene 101 protein"
"Q99828","CIB1",-0.275,0.701,0.783,FALSE,FALSE,FALSE,0,"Calcium and integrin-binding protein 1"
"Q99829","CPNE1",0.0329,0.669,0.758,FALSE,FALSE,FALSE,0,"Copine-1"
"Q99832","CCT7",-0.0109,0.88,0.918,FALSE,FALSE,FALSE,0,"T-complex protein 1 subunit eta"
"Q99836","MYD88",0.0304,0.718,0.795,FALSE,FALSE,FALSE,0,"Myeloid differentiation primary response protein MyD88"
"Q99848","EBNA1BP2",0.458,0.000505,0.0057,FALSE,FALSE,FALSE,0,"Probable rRNA-processing protein EBP2"
"Q99873","PRMT1",-0.054,0.616,0.714,FALSE,FALSE,FALSE,0,"Protein arginine N-methyltransferase 1"
"Q99879","H2BC14",0.929,0.000173,0.00339,FALSE,FALSE,FALSE,0,"Histone H2B type 1-M"
"Q99959","PKP2",0.312,0.00184,0.0109,FALSE,FALSE,FALSE,0,"Plakophilin-2"
"Q99961","SH3GL1",-0.132,0.157,0.255,FALSE,FALSE,FALSE,0,"Endophilin-A2"
"Q99986","VRK1",0.274,0.0227,0.0586,FALSE,FALSE,FALSE,0,"Serine/threonine-protein kinase VRK1"
"Q9BPW8","NIPSNAP1",0.568,0.0061,0.0229,FALSE,FALSE,FALSE,0,"Protein NipSnap homolog 1"
"Q9BPX3","NCAPG",0.365,0.00315,0.0153,FALSE,FALSE,FALSE,0,"Condensin complex subunit 3"
"Q9BPX5","ARPC5L",0.211,0.238,0.351,FALSE,FALSE,FALSE,0,"Actin-related protein 2/3 complex subunit 5-like protein"
"Q9BPX6","MICU1",0.701,0.00247,0.0132,FALSE,FALSE,FALSE,0,"Calcium uptake protein 1, mitochondrial"
"Q9BQ13","KCTD14",-0.171,0.255,0.369,FALSE,FALSE,FALSE,0,"BTB/POZ domain-containing protein KCTD14"
"Q9BQ39","DDX50",0.395,0.0046,0.0192,FALSE,FALSE,FALSE,0,"ATP-dependent RNA helicase DDX50"
"Q9BQ61","TRIR",-0.143,0.357,0.476,FALSE,FALSE,FALSE,0,"Telomerase RNA component-interacting RNase"
"Q9BQ67","GRWD1",0.269,0.00657,0.0241,FALSE,FALSE,FALSE,0,"Glutamate-rich WD repeat-containing protein 1"
"Q9BQ69","MACROD1",0.258,0.0761,0.146,FALSE,FALSE,FALSE,0,"ADP-ribose glycohydrolase MACROD1"
"Q9BQ75","CMSS1",0.292,0.00314,0.0153,FALSE,FALSE,FALSE,0,"Protein CMSS1"
"Q9BQA1","WDR77",0.126,0.426,0.543,FALSE,FALSE,FALSE,0,"Methylosome protein WDR77"
"Q9BQC6","MRPL57",0.674,0.00175,0.0108,FALSE,FALSE,FALSE,0,"Large ribosomal subunit protein mL63"
"Q9BQE3","TUBA1C",-0.0893,0.223,0.333,FALSE,FALSE,FALSE,0,"Tubulin alpha-1C chain"
"Q9BQE5","APOL2",-0.527,0.00029,0.00432,FALSE,FALSE,FALSE,0,"Apolipoprotein L2"
"Q9BQG0","MYBBP1A",0.39,0.0775,0.149,FALSE,FALSE,FALSE,0,"Myb-binding protein 1A"
"Q9BQG2","NUDT12",-0.408,0.0821,0.155,FALSE,FALSE,FALSE,0,"NAD-capped RNA hydrolase NUDT12"
"Q9BR76","CORO1B",-0.137,0.0601,0.123,FALSE,FALSE,FALSE,0,"Coronin-1B"
"Q9BRA2","TXNDC17",0.0811,0.539,0.647,FALSE,FALSE,FALSE,0,"Thioredoxin domain-containing protein 17"
"Q9BRG1","VPS25",-0.269,0.0254,0.0636,FALSE,FALSE,FALSE,0,"Vacuolar protein-sorting-associated protein 25"
"Q9BRJ2","MRPL45",0.641,0.00043,0.00519,FALSE,FALSE,FALSE,0,"Large ribosomal subunit protein mL45"
"Q9BRJ6","CHLSN",0.291,0.0235,0.0602,FALSE,FALSE,FALSE,0,"Protein cholesin"
"Q9BRK5","SDF4",-0.0856,0.229,0.34,FALSE,FALSE,FALSE,0,"45 kDa calcium-binding protein"
"Q9BRP1","PDCD2L",0.425,0.000539,0.00588,FALSE,FALSE,FALSE,0,"uS5 assembly chaperone PDCD2L"
"Q9BRP4","PAAF1",0.295,0.017,0.0475,FALSE,FALSE,FALSE,0,"Proteasomal ATPase-associated factor 1"
"Q9BRP8","PYM1",-0.319,0.0143,0.042,FALSE,FALSE,FALSE,0,"Partner of Y14 and mago"
"Q9BRQ6","CHCHD6",0.44,0.00644,0.0238,FALSE,FALSE,FALSE,0,"MICOS complex subunit MIC25"
"Q9BRR6","ADPGK",0.691,0.000247,0.00397,FALSE,FALSE,FALSE,0,"ADP-dependent glucokinase"
"Q9BRT2","UQCC2",0.143,0.274,0.387,FALSE,FALSE,FALSE,0,"Ubiquinol-cytochrome c reductase complex assembly factor 2"
"Q9BRT3","MIEN1",-0.201,0.163,0.263,FALSE,FALSE,FALSE,0,"Migration and invasion enhancer 1"
"Q9BRT6","LLPH",-0.129,0.768,0.835,FALSE,FALSE,FALSE,0,"Protein LLP homolog"
"Q9BRT8","ZNG1A",0.243,0.0977,0.177,FALSE,FALSE,FALSE,0,"Zinc-regulated GTPase metalloprotein activator 1A"
"Q9BRT9","GINS4",0.138,0.094,0.172,FALSE,FALSE,FALSE,0,"DNA replication complex GINS protein SLD5"
"Q9BRX2","PELO",0.262,0.18,0.284,FALSE,FALSE,FALSE,0,"Protein pelota homolog"
"Q9BRX5","GINS3",0.13,0.363,0.481,FALSE,FALSE,FALSE,0,"DNA replication complex GINS protein PSF3"
"Q9BRX8","PRXL2A",0.765,0.00126,0.0091,FALSE,FALSE,FALSE,0,"Peroxiredoxin-like 2A"
"Q9BS26","ERP44",0.426,0.000245,0.00397,FALSE,FALSE,FALSE,0,"Endoplasmic reticulum resident protein 44"
"Q9BS40","LXN",-0.485,0.0246,0.062,FALSE,FALSE,FALSE,0,"Latexin"
"Q9BSC4","NOL10",0.43,0.00177,0.0108,FALSE,FALSE,FALSE,0,"Nucleolar protein 10"
"Q9BSD7","NTPCR",-0.1,0.163,0.263,FALSE,FALSE,FALSE,0,"Cancer-related nucleoside-triphosphatase"
"Q9BSE5","AGMAT",0.552,0.00245,0.0131,FALSE,FALSE,FALSE,0,"Guanidino acid hydrolase, mitochondrial"
"Q9BSF4","TIMM29",0.588,0.00147,0.0099,FALSE,FALSE,FALSE,0,"Mitochondrial import inner membrane translocase subunit Tim29"
"Q9BSH4","TACO1",0.448,0.033,0.0779,FALSE,FALSE,FALSE,0,"Translational activator of cytochrome c oxidase 1"
"Q9BSH5","HDHD3",0.307,0.0193,0.0519,FALSE,FALSE,FALSE,0,"Haloacid dehalogenase-like hydrolase domain-containing protein 3"
"Q9BSJ2","TUBGCP2",-0.138,0.267,0.38,FALSE,FALSE,FALSE,0,"Gamma-tubulin complex component 2"
"Q9BSJ8","ESYT1",0.13,0.0916,0.169,FALSE,FALSE,FALSE,0,"Extended synaptotagmin-1"
"Q9BST9","RTKN",-0.218,0.0637,0.128,FALSE,FALSE,FALSE,0,"Rhotekin"
"Q9BSV6","TSEN34",-0.0543,0.502,0.613,FALSE,FALSE,FALSE,0,"tRNA-splicing endonuclease subunit Sen34"
"Q9BT09","CNPY3",0.49,0.00101,0.008,FALSE,FALSE,FALSE,0,"Protein canopy homolog 3"
"Q9BT17","MTG1",0.599,0.0114,0.0354,FALSE,FALSE,FALSE,0,"Mitochondrial ribosome-associated GTPase 1"
"Q9BT22","ALG1",0.563,0.00423,0.0182,FALSE,FALSE,FALSE,0,"Chitobiosyldiphosphodolichol beta-mannosyltransferase"
"Q9BT78","COPS4",-0.0791,0.283,0.398,FALSE,FALSE,FALSE,0,"COP9 signalosome complex subunit 4"
"Q9BTA9","WAC",-0.29,0.0541,0.114,FALSE,FALSE,FALSE,0,"WW domain-containing adapter protein with coiled-coil"
"Q9BTC0","DIDO1",-0.404,0.00118,0.00876,FALSE,FALSE,FALSE,0,"Death-inducer obliterator 1"
"Q9BTC8","MTA3",-0.0111,0.929,0.953,FALSE,FALSE,FALSE,0,"Metastasis-associated protein MTA3"
"Q9BTD8","RBM42",0.0592,0.798,0.856,FALSE,FALSE,FALSE,0,"RNA-binding protein 42"
"Q9BTE3","MCMBP",-0.0464,0.793,0.851,FALSE,FALSE,FALSE,0,"Mini-chromosome maintenance complex-binding protein"
"Q9BTE6","AARSD1",-0.326,0.00328,0.0157,FALSE,FALSE,FALSE,0,"Alanyl-tRNA editing protein Aarsd1"
"Q9BTE7","DCUN1D5",0.245,0.0544,0.114,FALSE,FALSE,FALSE,0,"DCN1-like protein 5"
"Q9BTL3","RAMAC",-0.106,0.445,0.562,FALSE,FALSE,FALSE,0,"RNA guanine-N7 methyltransferase activating subunit"
"Q9BTT0","ANP32E",-0.206,0.143,0.238,FALSE,FALSE,FALSE,0,"Acidic leucine-rich nuclear phosphoprotein 32 family member E"
"Q9BTT6","LRRC1",0.487,0.00293,0.0147,FALSE,FALSE,FALSE,0,"Leucine-rich repeat-containing protein 1"
"Q9BTV4","TMEM43",0.701,0.00512,0.0204,FALSE,FALSE,FALSE,0,"Transmembrane protein 43"
"Q9BTW9","TBCD",-0.121,0.149,0.245,FALSE,FALSE,FALSE,0,"Tubulin-specific chaperone D"
"Q9BTX1","NDC1",0.825,0.000125,0.00305,FALSE,FALSE,FALSE,0,"Nucleoporin NDC1"
"Q9BTX7","TTPAL",0.162,0.664,0.755,FALSE,FALSE,FALSE,0,"Alpha-tocopherol transfer protein-like"
"Q9BTY7","HGH1",0.245,0.0454,0.0998,FALSE,FALSE,FALSE,0,"Co-chaperone protein HGH1 homolog"
"Q9BTZ2","DHRS4",0.363,0.042,0.0944,FALSE,FALSE,FALSE,0,"Dehydrogenase/reductase SDR family member 4"
"Q9BU23","LMF2",0.17,0.262,0.376,FALSE,FALSE,FALSE,0,"Lipase maturation factor 2"
"Q9BU61","NDUFAF3",0.54,0.00224,0.0123,FALSE,FALSE,FALSE,0,"NADH dehydrogenase [ubiquinone] 1 alpha subcomplex assembly factor 3"
"Q9BU76","MMTAG2",-0.0809,0.497,0.61,FALSE,FALSE,FALSE,0,"Multiple myeloma tumor-associated protein 2"
"Q9BU89","DOHH",0.275,0.00704,0.0252,FALSE,FALSE,FALSE,0,"Deoxyhypusine hydroxylase"
"Q9BUF5","TUBB6",0.0755,0.399,0.517,FALSE,FALSE,FALSE,0,"Tubulin beta-6 chain"
"Q9BUJ2","HNRNPUL1",-0.0815,0.354,0.472,FALSE,FALSE,FALSE,0,"Heterogeneous nuclear ribonucleoprotein U-like protein 1"
"Q9BUK6","MSTO1",-0.0531,0.575,0.681,FALSE,FALSE,FALSE,0,"Protein misato homolog 1"
"Q9BUL8","PDCD10",-0.0617,0.513,0.624,FALSE,FALSE,FALSE,0,"Programmed cell death protein 10"
"Q9BUN8","DERL1",0.457,0.00465,0.0193,FALSE,FALSE,FALSE,0,"Derlin-1"
"Q9BUP3","HTATIP2",-0.0144,0.891,0.926,FALSE,FALSE,FALSE,0,"Protein HTATIP2"
"Q9BUQ8","DDX23",-0.171,0.07,0.138,FALSE,FALSE,FALSE,0,"Probable ATP-dependent RNA helicase DDX23"
"Q9BUV8","RAB5IF",0.157,0.0744,0.144,FALSE,FALSE,FALSE,0,"GEL complex subunit OPTI"
"Q9BV10","ALG12",0.367,0.0737,0.143,FALSE,FALSE,FALSE,0,"Dol-P-Man:Man(7)GlcNAc(2)-PP-Dol alpha-1,6-mannosyltransferase"
"Q9BV20","MRI1",-0.177,0.111,0.195,FALSE,FALSE,FALSE,0,"Methylthioribose-1-phosphate isomerase"
"Q9BV38","WDR18",0.0586,0.539,0.647,FALSE,FALSE,FALSE,0,"WD repeat-containing protein 18"
"Q9BV40","VAMP8",-0.0208,0.865,0.907,FALSE,FALSE,FALSE,0,"Vesicle-associated membrane protein 8"
"Q9BV44","THUMPD3",-0.267,0.0164,0.0464,FALSE,FALSE,FALSE,0,"tRNA (guanine(6)-N(2))-methyltransferase THUMP3"
"Q9BV57","ADI1",-0.829,2.8e-05,0.0015,FALSE,FALSE,FALSE,0,"Acireductone dioxygenase"
"Q9BV68","RNF126",0.0885,0.458,0.575,FALSE,FALSE,FALSE,0,"E3 ubiquitin-protein ligase RNF126"
"Q9BV81","EMC6",0.678,0.00489,0.02,FALSE,FALSE,FALSE,0,"ER membrane protein complex subunit 6"
"Q9BV86","NTMT1",0.123,0.187,0.292,FALSE,FALSE,FALSE,0,"N-terminal Xaa-Pro-Lys N-methyltransferase 1"
"Q9BVC4","MLST8",-0.0583,0.456,0.574,FALSE,FALSE,FALSE,0,"Target of rapamycin complex subunit LST8"
"Q9BVC5","C2orf49",0.126,0.651,0.744,FALSE,FALSE,FALSE,0,"tRNA-splicing ligase complex subunit ASW"
"Q9BVG4","PBDC1",-0.0944,0.248,0.362,FALSE,FALSE,FALSE,0,"Protein PBDC1"
"Q9BVI4","NOC4L",0.554,0.00444,0.0187,FALSE,FALSE,FALSE,0,"Nucleolar complex protein 4 homolog"
"Q9BVJ6","UTP14A",0.273,0.0101,0.0325,FALSE,FALSE,FALSE,0,"U3 small nucleolar RNA-associated protein 14 homolog A"
"Q9BVK6","TMED9",0.171,0.0686,0.136,FALSE,FALSE,FALSE,0,"Transmembrane emp24 domain-containing protein 9"
"Q9BVL4","SELENOO",-0.396,0.00357,0.0166,FALSE,FALSE,FALSE,0,"Protein adenylyltransferase SelO, mitochondrial"
"Q9BVP2","GNL3",0.544,0.000154,0.00327,FALSE,FALSE,FALSE,0,"Guanine nucleotide-binding protein-like 3"
"Q9BVV7","TIMM21",0.423,0.00401,0.0178,FALSE,FALSE,FALSE,0,"Mitochondrial import inner membrane translocase subunit Tim21"
"Q9BW04","SARG",-0.319,0.00673,0.0243,FALSE,FALSE,FALSE,0,"Specifically androgen-regulated gene protein"
"Q9BW19","KIFC1",0.105,0.287,0.403,FALSE,FALSE,FALSE,0,"Kinesin-like protein KIFC1"
"Q9BW27","NUP85",0.0299,0.837,0.886,FALSE,FALSE,FALSE,0,"Nuclear pore complex protein Nup85"
"Q9BW71","HIRIP3",0.137,0.368,0.487,FALSE,FALSE,FALSE,0,"HIRA-interacting protein 3"
"Q9BW83","IFT27",-0.306,0.0255,0.0637,FALSE,FALSE,FALSE,0,"Intraflagellar transport protein 27 homolog"
"Q9BW91","NUDT9",0.235,0.0113,0.0352,FALSE,FALSE,FALSE,0,"ADP-ribose pyrophosphatase"
"Q9BW92","TARS2",0.604,0.0215,0.0562,FALSE,FALSE,FALSE,0,"Threonine--tRNA ligase, mitochondrial"
"Q9BWD1","ACAT2",0.22,0.0326,0.0772,FALSE,FALSE,FALSE,0,"Acetyl-CoA acetyltransferase, cytosolic"
"Q9BWE0","REPIN1",0.0731,0.749,0.821,FALSE,FALSE,FALSE,0,"DNA-binding protein REPIN1"
"Q9BWF3","RBM4",0.0606,0.374,0.493,FALSE,FALSE,FALSE,0,"RNA-binding protein 4"
"Q9BWJ5","SF3B5",0.111,0.2,0.307,FALSE,FALSE,FALSE,0,"Splicing factor 3B subunit 5"
"Q9BWM7","SFXN3",0.444,0.0154,0.0443,FALSE,FALSE,FALSE,0,"Sideroflexin-3"
"Q9BWS9","CHID1",0.471,0.000298,0.00432,FALSE,FALSE,FALSE,0,"Chitinase domain-containing protein 1"
"Q9BWU0","SLC4A1AP",0.149,0.21,0.318,FALSE,FALSE,FALSE,0,"Kanadaptin"
"Q9BX40","LSM14B",-0.211,0.0884,0.164,FALSE,FALSE,FALSE,0,"Protein LSM14 homolog B"
"Q9BX68","HINT2",0.39,0.0179,0.0493,FALSE,FALSE,FALSE,0,"Adenosine 5'-monophosphoramidase HINT2"
"Q9BXJ9","NAA15",-0.0149,0.843,0.891,FALSE,FALSE,FALSE,0,"N-alpha-acetyltransferase 15, NatA auxiliary subunit"
"Q9BXK5","BCL2L13",-0.137,0.191,0.297,FALSE,FALSE,FALSE,0,"Bcl-2-like protein 13"
"Q9BXP5","SRRT",-0.113,0.208,0.316,FALSE,FALSE,FALSE,0,"Serrate RNA effector molecule homolog"
"Q9BXR0","QTRT1",0.0432,0.652,0.744,FALSE,FALSE,FALSE,0,"Queuine tRNA-ribosyltransferase catalytic subunit 1"
"Q9BXS5","AP1M1",-0.177,0.394,0.513,FALSE,FALSE,FALSE,0,"AP-1 complex subunit mu-1"
"Q9BXV9","GON7",-0.432,0.000976,0.00791,FALSE,FALSE,FALSE,0,"EKC/KEOPS complex subunit GON7"
"Q9BXW7","HDHD5",0.504,0.00581,0.0222,FALSE,FALSE,FALSE,0,"Haloacid dehalogenase-like hydrolase domain-containing 5"
"Q9BXW9","FANCD2",0.325,0.331,0.448,FALSE,FALSE,FALSE,0,"Fanconi anemia group D2 protein"
"Q9BXY0","MAK16",-0.671,0.00161,0.0103,FALSE,FALSE,FALSE,0,"Protein MAK16 homolog"
"Q9BY43","CHMP4A",-0.0832,0.362,0.48,FALSE,FALSE,FALSE,0,"Charged multivesicular body protein 4a"
"Q9BY44","EIF2A",-0.00938,0.905,0.937,FALSE,FALSE,FALSE,0,"Eukaryotic translation initiation factor 2A"
"Q9BY49","PECR",0.842,0.00301,0.0149,FALSE,FALSE,FALSE,0,"Peroxisomal trans-2-enoyl-CoA reductase"
"Q9BY77","POLDIP3",-0.0452,0.509,0.62,FALSE,FALSE,FALSE,0,"Polymerase delta-interacting protein 3"
"Q9BY89","KIAA1671",-0.137,0.47,0.586,FALSE,FALSE,FALSE,0,"Uncharacterized protein KIAA1671"
"Q9BYC8","MRPL32",0.539,0.00377,0.0171,FALSE,FALSE,FALSE,0,"Large ribosomal subunit protein bL32m"
"Q9BYC9","MRPL20",0.772,0.000277,0.00427,FALSE,FALSE,FALSE,0,"Large ribosomal subunit protein bL20m"
"Q9BYD1","MRPL13",0.546,0.00404,0.0179,FALSE,FALSE,FALSE,0,"Large ribosomal subunit protein uL13m"
"Q9BYD2","MRPL9",0.72,0.000423,0.00512,FALSE,FALSE,FALSE,0,"Large ribosomal subunit protein bL9m"
"Q9BYD3","MRPL4",0.624,0.0051,0.0203,FALSE,FALSE,FALSE,0,"Large ribosomal subunit protein uL4m"
"Q9BYD6","MRPL1",0.571,0.0138,0.041,FALSE,FALSE,FALSE,0,"Large ribosomal subunit protein uL1m"
"Q9BYG3","NIFK",0.879,0.000476,0.00556,FALSE,FALSE,FALSE,0,"MKI67 FHA domain-interacting nucleolar phosphoprotein"
"Q9BYG5","PARD6B",0.54,0.000246,0.00397,FALSE,FALSE,FALSE,0,"Partitioning defective 6 homolog beta"
"Q9BYJ9","YTHDF1",0.185,0.0747,0.144,FALSE,FALSE,FALSE,0,"YTH domain-containing family protein 1"
"Q9BYN8","MRPS26",0.409,0.00508,0.0203,FALSE,FALSE,FALSE,0,"Small ribosomal subunit protein mS26"
"Q9BYT8","NLN",0.145,0.166,0.266,FALSE,FALSE,FALSE,0,"Neurolysin, mitochondrial"
"Q9BZ95","NSD3",0.0391,0.734,0.809,FALSE,FALSE,FALSE,0,"Histone-lysine N-methyltransferase NSD3"
"Q9BZE1","MRPL37",0.443,0.0223,0.0577,FALSE,FALSE,FALSE,0,"Large ribosomal subunit protein mL37"
"Q9BZE4","GTPBP4",0.837,0.00153,0.01,FALSE,FALSE,FALSE,0,"GTP-binding protein 4"
"Q9BZE9","ASPSCR1",-0.0551,0.589,0.692,FALSE,FALSE,FALSE,0,"Tether containing UBX domain for GLUT4"
"Q9BZF1","OSBPL8",0.257,0.0213,0.0557,FALSE,FALSE,FALSE,0,"Oxysterol-binding protein-related protein 8"
"Q9BZF9","UACA",-0.101,0.256,0.37,FALSE,FALSE,FALSE,0,"Uveal autoantigen with coiled-coil domains and ankyrin repeats"
"Q9BZK7","TBL1XR1",0.156,0.0758,0.146,FALSE,FALSE,FALSE,0,"F-box-like/WD repeat-containing protein TBL1XR1"
"Q9BZL1","UBL5",-0.833,0.348,0.466,FALSE,FALSE,FALSE,0,"Ubiquitin-like protein 5"
"Q9BZX2","UCK2",0.618,9.02e-05,0.00258,FALSE,FALSE,FALSE,0,"Uridine-cytidine kinase 2"
"Q9BZZ5","API5",-0.0268,0.752,0.823,FALSE,FALSE,FALSE,0,"Apoptosis inhibitor 5"
"Q9C002","COXFA4L3",0.574,0.00556,0.0216,FALSE,FALSE,FALSE,0,"Cytochrome c oxidase associated subunit FA4L3"
"Q9C005","DPY30",-0.14,0.137,0.23,FALSE,FALSE,FALSE,0,"Protein dpy-30 homolog"
"Q9C0B1","FTO",-0.587,0.0033,0.0157,FALSE,FALSE,FALSE,0,"Alpha-ketoglutarate-dependent dioxygenase FTO"
"Q9C0B5","ZDHHC5",0.196,0.0525,0.111,FALSE,FALSE,FALSE,0,"Palmitoyltransferase ZDHHC5"
"Q9C0C2","TNKS1BP1",-0.23,0.0196,0.0526,FALSE,FALSE,FALSE,0,"182 kDa tankyrase-1-binding protein"
"Q9C0C9","UBE2O",-0.102,0.334,0.451,FALSE,FALSE,FALSE,0,"(E3-independent) E2 ubiquitin-conjugating enzyme"
"Q9C0D9","SELENOI",0.874,9.37e-05,0.00258,FALSE,FALSE,FALSE,0,"Ethanolaminephosphotransferase 1"
"Q9C0E8","LNPK",-0.196,0.124,0.213,FALSE,FALSE,FALSE,0,"Endoplasmic reticulum junction formation protein lunapark"
"Q9C0J8","WDR33",-0.0628,0.424,0.542,FALSE,FALSE,FALSE,0,"pre-mRNA 3' end processing protein WDR33"
"Q9GZL7","WDR12",0.507,0.001,0.00798,FALSE,FALSE,FALSE,0,"Ribosome biogenesis protein WDR12"
"Q9GZM5","YIPF3",-0.0422,0.77,0.837,FALSE,FALSE,FALSE,0,"Protein YIPF3"
"Q9GZM7","TINAGL1",-0.712,0.0112,0.0351,FALSE,FALSE,FALSE,0,"Tubulointerstitial nephritis antigen-like"
"Q9GZP4","PITHD1",-0.218,0.0172,0.0479,FALSE,FALSE,FALSE,0,"PITH domain-containing protein 1"
"Q9GZR2","REXO4",0.154,0.182,0.285,FALSE,FALSE,FALSE,0,"RNA exonuclease 4"
"Q9GZR7","DDX24",0.244,0.12,0.207,FALSE,FALSE,FALSE,0,"ATP-dependent RNA helicase DDX24"
"Q9GZS1","POLR1E",0.18,0.0802,0.152,FALSE,FALSE,FALSE,0,"DNA-directed RNA polymerase I subunit RPA49"
"Q9GZS3","SKIC8",-0.156,0.0785,0.15,FALSE,FALSE,FALSE,0,"Superkiller complex protein 8"
"Q9GZT3","SLIRP",0.883,0.000137,0.00312,FALSE,FALSE,FALSE,0,"SRA stem-loop-interacting RNA-binding protein, mitochondrial"
"Q9GZT8","NIF3L1",-0.0338,0.678,0.765,FALSE,FALSE,FALSE,0,"NIF3-like protein 1"
"Q9GZT9","EGLN1",-0.746,1.51e-05,0.00108,FALSE,FALSE,FALSE,0,"Egl nine homolog 1"
"Q9GZU8","PSME3IP1",-0.00939,0.913,0.942,FALSE,FALSE,FALSE,0,"PSME3-interacting protein"
"Q9GZV5","WWTR1",-0.636,0.0122,0.0372,FALSE,FALSE,FALSE,0,"WW domain-containing transcription regulator protein 1"
"Q9GZY8","MFF",0.0784,0.333,0.45,FALSE,FALSE,FALSE,0,"Mitochondrial fission factor"
"Q9GZZ1","NAA50",0.0606,0.509,0.62,FALSE,FALSE,FALSE,0,"N-alpha-acetyltransferase 50"
"Q9GZZ9","UBA5",-0.111,0.196,0.303,FALSE,FALSE,FALSE,0,"Ubiquitin-like modifier-activating enzyme 5"
"Q9H061","TMEM126A",0.688,0.00916,0.0303,FALSE,FALSE,FALSE,0,"Transmembrane protein 126A"
"Q9H074","PAIP1",-0.125,0.174,0.276,FALSE,FALSE,FALSE,0,"Polyadenylate-binding protein-interacting protein 1"
"Q9H078","CLPB",0.738,0.000496,0.00568,FALSE,FALSE,FALSE,0,"Mitochondrial disaggregase"
"Q9H089","LSG1",0.171,0.071,0.139,FALSE,FALSE,FALSE,0,"Large subunit GTPase 1 homolog"
"Q9H098","FAM107B",-0.314,0.135,0.228,FALSE,FALSE,FALSE,0,"Protein FAM107B"
"Q9H0A0","NAT10",0.207,0.0815,0.154,FALSE,FALSE,FALSE,0,"RNA cytidine acetyltransferase"
"Q9H0B6","KLC2",0.207,0.191,0.297,FALSE,FALSE,FALSE,0,"Kinesin light chain 2"
"Q9H0C8","ILKAP",0.0274,0.802,0.859,FALSE,FALSE,FALSE,0,"Integrin-linked kinase-associated serine/threonine phosphatase 2C"
"Q9H0D6","XRN2",-0.272,0.00663,0.0242,FALSE,FALSE,FALSE,0,"5'-3' exoribonuclease 2"
"Q9H0E2","TOLLIP",-0.0958,0.485,0.599,FALSE,FALSE,FALSE,0,"Toll-interacting protein"
"Q9H0H5","RACGAP1",-0.062,0.598,0.699,FALSE,FALSE,FALSE,0,"Rac GTPase-activating protein 1"
"Q9H0P0","NT5C3A",-0.168,0.1,0.181,FALSE,FALSE,FALSE,0,"Cytosolic 5'-nucleotidase 3A"
"Q9H0R4","HDHD2",-0.525,0.001,0.00798,FALSE,FALSE,FALSE,0,"Haloacid dehalogenase-like hydrolase domain-containing protein 2"
"Q9H0S4","DDX47",0.465,0.00239,0.0129,FALSE,FALSE,FALSE,0,"Probable ATP-dependent RNA helicase DDX47"
"Q9H0U3","MAGT1",0.575,0.000624,0.00634,FALSE,FALSE,FALSE,0,"Dolichyl-diphosphooligosaccharide--protein glycosyltransferase subunit MAGT1"
"Q9H0U4","RAB1B",0.0241,0.766,0.834,FALSE,FALSE,FALSE,0,"Ras-related protein Rab-1B"
"Q9H0U6","MRPL18",0.677,0.00161,0.0103,FALSE,FALSE,FALSE,0,"Large ribosomal subunit protein uL18m"
"Q9H0V9","LMAN2L",0.322,0.0166,0.0467,FALSE,FALSE,FALSE,0,"VIP36-like protein"
"Q9H0W9","BKGD",-0.688,0.000768,0.0069,FALSE,FALSE,FALSE,0,"Beta-keto L-gulonate decarboxylase"
"Q9H1C4","UNC93B1",0.353,0.00148,0.00991,FALSE,FALSE,FALSE,0,"Protein unc-93 homolog B1"
"Q9H1E3","NUCKS1",-0.668,0.0141,0.0415,FALSE,FALSE,FALSE,0,"Nuclear ubiquitous casein and cyclin-dependent kinase substrate 1"
"Q9H1P3","OSBPL2",-0.137,0.211,0.319,FALSE,FALSE,FALSE,0,"Oxysterol-binding protein-related protein 2"
"Q9H1Z4","WDR13",-0.359,0.0577,0.119,FALSE,FALSE,FALSE,0,"WD repeat-containing protein 13"
"Q9H223","EHD4",0.158,0.155,0.253,FALSE,FALSE,FALSE,0,"EH domain-containing protein 4"
"Q9H267","VPS33B",-0.171,0.0845,0.158,FALSE,FALSE,FALSE,0,"Vacuolar protein sorting-associated protein 33B"
"Q9H299","SH3BGRL3",0.0703,0.421,0.539,FALSE,FALSE,FALSE,0,"SH3 domain-binding glutamic acid-rich-like protein 3"
"Q9H2D6","TRIOBP",-0.00122,0.99,0.993,FALSE,FALSE,FALSE,0,"TRIO and F-actin-binding protein"
"Q9H2G2","SLK",0.173,0.0369,0.0852,FALSE,FALSE,FALSE,0,"STE20-like serine/threonine-protein kinase"
"Q9H2M9","RAB3GAP2",-0.0369,0.666,0.756,FALSE,FALSE,FALSE,0,"Rab3 GTPase-activating protein non-catalytic subunit"
"Q9H2P0","ADNP",-0.339,0.00268,0.0139,FALSE,FALSE,FALSE,0,"Activity-dependent neuroprotector homeobox protein"
"Q9H2P9","DPH5",0.331,0.0725,0.142,FALSE,FALSE,FALSE,0,"Diphthine methyl ester synthase"
"Q9H2U1","DHX36",-0.0629,0.388,0.507,FALSE,FALSE,FALSE,0,"ATP-dependent DNA/RNA helicase DHX36"
"Q9H2U2","PPA2",0.52,0.00226,0.0124,FALSE,FALSE,FALSE,0,"Inorganic pyrophosphatase 2, mitochondrial"
"Q9H2W6","MRPL46",0.655,0.00161,0.0103,FALSE,FALSE,FALSE,0,"Large ribosomal subunit protein mL46"
"Q9H307","PNN",0.11,0.162,0.262,FALSE,FALSE,FALSE,0,"Pinin"
"Q9H3G5","CPVL",-0.846,4.13e-05,0.00174,FALSE,FALSE,FALSE,0,"Probable serine carboxypeptidase CPVL"
"Q9H3H3","C11orf68",-0.509,0.00179,0.0108,FALSE,FALSE,FALSE,0,"UPF0696 protein C11orf68"
"Q9H3K6","BOLA2",0.0995,0.267,0.38,FALSE,FALSE,FALSE,0,"BolA-like protein 2"
"Q9H3N1","TMX1",0.459,0.00593,0.0225,FALSE,FALSE,FALSE,0,"Thioredoxin-related transmembrane protein 1"
"Q9H3P2","NELFA",-0.166,0.0979,0.177,FALSE,FALSE,FALSE,0,"Negative elongation factor A"
"Q9H3P7","ACBD3",-0.22,0.0303,0.0732,FALSE,FALSE,FALSE,0,"Golgi resident protein GCP60"
"Q9H3Q1","CDC42EP4",-0.253,0.0432,0.0964,FALSE,FALSE,FALSE,0,"Cdc42 effector protein 4"
"Q9H3S7","PTPN23",-0.209,0.0164,0.0463,FALSE,FALSE,FALSE,0,"Tyrosine-protein phosphatase non-receptor type 23"
"Q9H3U1","UNC45A",-0.168,0.036,0.0833,FALSE,FALSE,FALSE,0,"Protein unc-45 homolog A"
"Q9H3Z4","DNAJC5",0.245,0.265,0.379,FALSE,FALSE,FALSE,0,"DnaJ homolog subfamily C member 5"
"Q9H444","CHMP4B",-0.0928,0.41,0.528,FALSE,FALSE,FALSE,0,"Charged multivesicular body protein 4b"
"Q9H488","POFUT1",0.564,0.000115,0.00288,FALSE,FALSE,FALSE,0,"GDP-fucose protein O-fucosyltransferase 1"
"Q9H490","PIGU",0.562,0.0118,0.0362,FALSE,FALSE,FALSE,0,"GPI-anchor transamidase component PIGU"
"Q9H4A4","RNPEP",-0.15,0.0969,0.176,FALSE,FALSE,FALSE,0,"Aminopeptidase B"
"Q9H4A5","GOLPH3L",-0.228,0.457,0.574,FALSE,FALSE,FALSE,0,"Golgi phosphoprotein 3-like"
"Q9H4A6","GOLPH3",-0.288,0.0137,0.0408,FALSE,FALSE,FALSE,0,"Golgi phosphoprotein 3"
"Q9H4G0","EPB41L1",0.618,0.000218,0.00381,FALSE,FALSE,FALSE,0,"Band 4.1-like protein 1"
"Q9H4L5","OSBPL3",0.447,0.000176,0.00339,FALSE,FALSE,FALSE,0,"Oxysterol-binding protein-related protein 3"
"Q9H4M9","EHD1",0.383,0.000621,0.00633,FALSE,FALSE,FALSE,0,"EH domain-containing protein 1"
"Q9H553","ALG2",0.761,0.0073,0.0257,FALSE,FALSE,FALSE,0,"Alpha-1,3/1,6-mannosyltransferase ALG2"
"Q9H583","HEATR1",0.688,0.00267,0.0139,FALSE,FALSE,FALSE,0,"HEAT repeat-containing protein 1"
"Q9H5Q4","TFB2M",0.919,2.82e-05,0.0015,FALSE,FALSE,FALSE,0,"Dimethyladenosine transferase 2, mitochondrial"
"Q9H5V8","CDCP1",0.674,0.000392,0.00486,FALSE,FALSE,FALSE,0,"CUB domain-containing protein 1"
"Q9H5X1","CIAO2A",-0.164,0.13,0.221,FALSE,FALSE,FALSE,0,"Cytosolic iron-sulfur assembly component 2A"
"Q9H694","BICC1",0.346,0.00455,0.0191,FALSE,FALSE,FALSE,0,"Protein bicaudal C homolog 1"
"Q9H6E4","CCDC134",0.42,0.0273,0.0674,FALSE,FALSE,FALSE,0,"Coiled-coil domain-containing protein 134"
"Q9H6F5","CCDC86",0.571,6.7e-05,0.00224,FALSE,FALSE,FALSE,0,"Coiled-coil domain-containing protein 86"
"Q9H6R4","NOL6",0.313,0.0182,0.0498,FALSE,FALSE,FALSE,0,"Nucleolar protein 6"
"Q9H6S3","EPS8L2",0.326,0.00136,0.00943,FALSE,FALSE,FALSE,0,"Epidermal growth factor receptor kinase substrate 8-like protein 2"
"Q9H6U8","ALG9",0.62,8.71e-05,0.00258,FALSE,FALSE,FALSE,0,"Alpha-1,2-mannosyltransferase ALG9"
"Q9H6W3","RIOX1",0.441,0.00191,0.0112,FALSE,FALSE,FALSE,0,"Ribosomal oxygenase 1"
"Q9H6Y2","WDR55",-0.0661,0.459,0.576,FALSE,FALSE,FALSE,0,"WD repeat-containing protein 55"
"Q9H6Z4","RANBP3",-0.103,0.221,0.331,FALSE,FALSE,FALSE,0,"Ran-binding protein 3"
"Q9H773","DCTPP1",-0.0794,0.363,0.482,FALSE,FALSE,FALSE,0,"dCTP pyrophosphatase 1"
"Q9H788","SH2D4A",0.0394,0.733,0.809,FALSE,FALSE,FALSE,0,"SH2 domain-containing protein 4A"
"Q9H7B2","RPF2",0.353,0.0592,0.121,FALSE,FALSE,FALSE,0,"Ribosome production factor 2 homolog"
"Q9H7B4","SMYD3",-0.347,0.00222,0.0123,FALSE,FALSE,FALSE,0,"Histone-lysine N-methyltransferase SMYD3"
"Q9H7D7","WDR26",-0.271,0.0132,0.0395,FALSE,FALSE,FALSE,0,"WD repeat-containing protein 26"
"Q9H7F0","ATP13A3",0.478,0.00274,0.0141,FALSE,FALSE,FALSE,0,"Polyamine-transporting ATPase 13A3"
"Q9H7N4","SCAF1",0.453,0.0182,0.0497,FALSE,FALSE,FALSE,0,"Splicing factor, arginine/serine-rich 19"
"Q9H7Z6","KAT8",-0.046,0.666,0.756,FALSE,FALSE,FALSE,0,"Histone acetyltransferase KAT8"
"Q9H7Z7","PTGES2",0.401,0.0182,0.0498,FALSE,FALSE,FALSE,0,"Prostaglandin E synthase 2"
"Q9H814","PHAX",0.0178,0.866,0.908,FALSE,FALSE,FALSE,0,"Phosphorylated adapter RNA export protein"
"Q9H832","UBE2Z",-0.323,0.00601,0.0227,FALSE,FALSE,FALSE,0,"Ubiquitin-conjugating enzyme E2 Z"
"Q9H840","GEMIN7",-0.146,0.0797,0.151,FALSE,FALSE,FALSE,0,"Gem-associated protein 7"
"Q9H845","ACAD9",0.558,0.0047,0.0194,FALSE,FALSE,FALSE,0,"Complex I assembly factor ACAD9, mitochondrial"
"Q9H857","NT5DC2",0.25,0.0229,0.0589,FALSE,FALSE,FALSE,0,"5'-nucleotidase domain-containing protein 2"
"Q9H8H0","NOL11",0.801,0.000166,0.00333,FALSE,FALSE,FALSE,0,"Nucleolar protein 11"
"Q9H8V3","ECT2",0.371,0.00959,0.0313,FALSE,FALSE,FALSE,0,"Protein ECT2"
"Q9H8Y8","GORASP2",-0.0159,0.831,0.882,FALSE,FALSE,FALSE,0,"Golgi reassembly-stacking protein 2"
"Q9H910","JPT2",-0.166,0.2,0.307,FALSE,FALSE,FALSE,0,"Jupiter microtubule associated homolog 2"
"Q9H936","SLC25A22",0.658,0.000526,0.00582,FALSE,FALSE,FALSE,0,"Mitochondrial glutamate carrier 1"
"Q9H974","QTRT2",-0.025,0.815,0.87,FALSE,FALSE,FALSE,0,"Queuine tRNA-ribosyltransferase accessory subunit 2"
"Q9H9A5","CNOT10",-0.208,0.0604,0.123,FALSE,FALSE,FALSE,0,"CCR4-NOT transcription complex subunit 10"
"Q9H9A6","LRRC40",-0.253,0.0125,0.0378,FALSE,FALSE,FALSE,0,"Leucine-rich repeat-containing protein 40"
"Q9H9B4","SFXN1",0.724,0.00166,0.0105,FALSE,FALSE,FALSE,0,"Sideroflexin-1"
"Q9H9H4","VPS37B",0.157,0.179,0.282,FALSE,FALSE,FALSE,0,"Vacuolar protein sorting-associated protein 37B"
"Q9H9J2","MRPL44",0.558,0.006,0.0227,FALSE,FALSE,FALSE,0,"Large ribosomal subunit protein mL44"
"Q9H9P8","L2HGDH",0.719,0.00175,0.0108,FALSE,FALSE,FALSE,0,"L-2-hydroxyglutarate dehydrogenase, mitochondrial"
"Q9H9Y2","RPF1",0.694,0.0327,0.0774,FALSE,FALSE,FALSE,0,"Ribosome production factor 1"
"Q9H9Y6","POLR1B",0.0185,0.862,0.905,FALSE,FALSE,FALSE,0,"DNA-directed RNA polymerase I subunit RPA2"
"Q9HA64","FN3KRP",-0.34,0.005,0.0202,FALSE,FALSE,FALSE,0,"Ketosamine-3-kinase"
"Q9HAB8","PPCS",0.0674,0.465,0.581,FALSE,FALSE,FALSE,0,"Phosphopantothenate--cysteine ligase"
"Q9HAS0","C17orf75",-0.131,0.312,0.428,FALSE,FALSE,FALSE,0,"Protein Njmu-R1"
"Q9HAU0","PLEKHA5",-0.254,0.0238,0.0606,FALSE,FALSE,FALSE,0,"Pleckstrin homology domain-containing family A member 5"
"Q9HAU5","UPF2",-0.0722,0.449,0.566,FALSE,FALSE,FALSE,0,"Regulator of nonsense transcripts 2"
"Q9HAV0","GNB4",0.564,0.0113,0.0352,FALSE,FALSE,FALSE,0,"Guanine nucleotide-binding protein subunit beta-4"
"Q9HAV4","XPO5",0.135,0.0947,0.173,FALSE,FALSE,FALSE,0,"Exportin-5"
"Q9HAV7","GRPEL1",0.67,0.00152,0.01,FALSE,FALSE,FALSE,0,"GrpE protein homolog 1, mitochondrial"
"Q9HAW8","UGT1A10",-0.483,0.000445,0.00528,FALSE,FALSE,FALSE,0,"UDP-glucuronosyltransferase 1A10"
"Q9HB07","MYG1",-0.13,0.0945,0.172,FALSE,FALSE,FALSE,0,"MYG1 exonuclease"
"Q9HB19","PLEKHA2",-0.258,0.0206,0.0543,FALSE,FALSE,FALSE,0,"Pleckstrin homology domain-containing family A member 2"
"Q9HB71","CACYBP",0.0487,0.558,0.665,FALSE,FALSE,FALSE,0,"Calcyclin-binding protein"
"Q9HBA0","TRPV4",-0.406,0.0409,0.0926,FALSE,FALSE,FALSE,0,"Transient receptor potential cation channel subfamily V member 4"
"Q9HBH5","RDH14",0.337,0.00802,0.0275,FALSE,FALSE,FALSE,0,"Retinol dehydrogenase 14"
"Q9HBL7","PLGRKT",0.263,0.122,0.209,FALSE,FALSE,FALSE,0,"Plasminogen receptor (KT)"
"Q9HBM0","VEZT",0.382,0.00389,0.0175,FALSE,FALSE,FALSE,0,"Vezatin"
"Q9HBM1","SPC25",0.243,0.248,0.363,FALSE,FALSE,FALSE,0,"Kinetochore protein Spc25"
"Q9HC07","TMEM165",0.0227,0.797,0.854,FALSE,FALSE,FALSE,0,"Putative divalent cation/proton antiporter TMEM165"
"Q9HC35","EML4",-0.54,4.98e-05,0.00188,FALSE,FALSE,FALSE,0,"Echinoderm microtubule-associated protein-like 4"
"Q9HC38","GLOD4",-0.375,0.00196,0.0113,FALSE,FALSE,FALSE,0,"Glyoxalase domain-containing protein 4"
"Q9HCC0","MCCC2",0.45,0.00727,0.0257,FALSE,FALSE,FALSE,0,"Methylcrotonoyl-CoA carboxylase beta chain, mitochondrial"
"Q9HCD5","NCOA5",0.0481,0.613,0.712,FALSE,FALSE,FALSE,0,"Nuclear receptor coactivator 5"
"Q9HCE1","MOV10",-0.0106,0.923,0.949,FALSE,FALSE,FALSE,0,"RNA helicase MOV-10"
"Q9HCG8","CWC22",0.00724,0.965,0.976,FALSE,FALSE,FALSE,0,"Pre-mRNA-splicing factor CWC22 homolog"
"Q9HCM4","EPB41L5",0.45,0.0123,0.0375,FALSE,FALSE,FALSE,0,"Band 4.1-like protein 5"
"Q9HCN8","SDF2L1",0.545,0.000662,0.00649,FALSE,FALSE,FALSE,0,"Stromal cell-derived factor 2-like protein 1"
"Q9HCS7","XAB2",0.155,0.163,0.263,FALSE,FALSE,FALSE,0,"Pre-mRNA-splicing factor SYF1"
"Q9HCU5","PREB",0.631,0.000778,0.00696,FALSE,FALSE,FALSE,0,"Guanine nucleotide-exchange factor SEC12"
"Q9HD20","ATP13A1",0.421,0.00417,0.0181,FALSE,FALSE,FALSE,0,"Endoplasmic reticulum transmembrane helix translocase"
"Q9HD26","GOPC",-0.034,0.783,0.845,FALSE,FALSE,FALSE,0,"Golgi-associated PDZ and coiled-coil motif-containing protein"
"Q9HD33","MRPL47",0.621,0.00208,0.0118,FALSE,FALSE,FALSE,0,"Large ribosomal subunit protein uL29m"
"Q9HD42","CHMP1A",-0.255,0.118,0.205,FALSE,FALSE,FALSE,0,"Charged multivesicular body protein 1a"
"Q9HD45","TM9SF3",-0.143,0.301,0.418,FALSE,FALSE,FALSE,0,"Transmembrane 9 superfamily member 3"
"Q9HDC9","APMAP",0.303,0.0485,0.105,FALSE,FALSE,FALSE,0,"Adipocyte plasma membrane-associated protein"
"Q9NNW7","TXNRD2",0.506,0.0338,0.0794,FALSE,FALSE,FALSE,0,"Thioredoxin reductase 2, mitochondrial"
"Q9NP61","ARFGAP3",-0.271,0.0424,0.0951,FALSE,FALSE,FALSE,0,"ADP-ribosylation factor GTPase-activating protein 3"
"Q9NP66","HMG20A",0.226,0.0172,0.0479,FALSE,FALSE,FALSE,0,"High mobility group protein 20A"
"Q9NP72","RAB18",0.426,0.00381,0.0172,FALSE,FALSE,FALSE,0,"Ras-related protein Rab-18"
"Q9NP77","SSU72",-0.0413,0.632,0.727,FALSE,FALSE,FALSE,0,"RNA polymerase II subunit A C-terminal domain phosphatase SSU72"
"Q9NP79","VTA1",0.181,0.0655,0.131,FALSE,FALSE,FALSE,0,"Vacuolar protein sorting-associated protein VTA1 homolog"
"Q9NP81","SARS2",0.64,0.00168,0.0106,FALSE,FALSE,FALSE,0,"Serine--tRNA ligase, mitochondrial"
"Q9NP92","MRPS30",0.672,0.000916,0.00758,FALSE,FALSE,FALSE,0,"Large ribosomal subunit protein mL65"
"Q9NP97","DYNLRB1",-0.0893,0.257,0.371,FALSE,FALSE,FALSE,0,"Dynein light chain roadblock-type 1"
"Q9NPA0","EMC7",0.74,0.000514,0.00571,FALSE,FALSE,FALSE,0,"Endoplasmic reticulum membrane protein complex subunit 7"
"Q9NPA8","ENY2",0.0774,0.501,0.612,FALSE,FALSE,FALSE,0,"Transcription and mRNA export factor ENY2"
"Q9NPD3","EXOSC4",-0.22,0.25,0.364,FALSE,FALSE,FALSE,0,"Exosome complex component RRP41"
"Q9NPE3","NOP10",0.279,0.0405,0.0921,FALSE,FALSE,FALSE,0,"H/ACA ribonucleoprotein complex subunit 3"
"Q9NPF4","OSGEP",-0.176,0.116,0.202,FALSE,FALSE,FALSE,0,"tRNA N6-adenosine threonylcarbamoyltransferase"
"Q9NPH0","ACP6",0.375,0.029,0.0708,FALSE,FALSE,FALSE,0,"Lysophosphatidic acid phosphatase type 6"
"Q9NPH2","ISYNA1",0.0502,0.555,0.662,FALSE,FALSE,FALSE,0,"Inositol-3-phosphate synthase 1"
"Q9NPH3","IL1RAP",0.691,0.00155,0.0101,FALSE,FALSE,FALSE,0,"Interleukin-1 receptor accessory protein"
"Q9NPI6","DCP1A",0.0977,0.301,0.417,FALSE,FALSE,FALSE,0,"mRNA-decapping enzyme 1A"
"Q9NPJ3","ACOT13",0.617,0.0055,0.0215,FALSE,FALSE,FALSE,0,"Acyl-coenzyme A thioesterase 13"
"Q9NPQ8","RIC8A",-0.237,0.0257,0.0641,FALSE,FALSE,FALSE,0,"Chaperone Ric-8A"
"Q9NQ29","LUC7L",-0.18,0.0555,0.116,FALSE,FALSE,FALSE,0,"Putative RNA-binding protein Luc7-like 1"
"Q9NQ50","MRPL40",0.634,0.00221,0.0122,FALSE,FALSE,FALSE,0,"Large ribosomal subunit protein mL40"
"Q9NQ55","PPAN",0.904,0.000235,0.00391,FALSE,FALSE,FALSE,0,"Suppressor of SWI4 1 homolog"
"Q9NQ88","TIGAR",-0.00158,0.982,0.988,FALSE,FALSE,FALSE,0,"Fructose-2,6-bisphosphatase TIGAR"
"Q9NQC3","RTN4",0.267,0.0155,0.0444,FALSE,FALSE,FALSE,0,"Reticulon-4"
"Q9NQG5","RPRD1B",-0.122,0.161,0.26,FALSE,FALSE,FALSE,0,"Regulation of nuclear pre-mRNA domain-containing protein 1B"
"Q9NQH7","XPNPEP3",0.603,0.000709,0.00669,FALSE,FALSE,FALSE,0,"Xaa-Pro aminopeptidase 3"
"Q9NQP4","PFDN4",0.0604,0.491,0.605,FALSE,FALSE,FALSE,0,"Prefoldin subunit 4"
"Q9NQR4","NIT2",-0.0981,0.183,0.287,FALSE,FALSE,FALSE,0,"Omega-amidase NIT2"
"Q9NQT4","EXOSC5",-0.0484,0.647,0.74,FALSE,FALSE,FALSE,0,"Exosome complex component RRP46"
"Q9NQT5","EXOSC3",-0.0872,0.624,0.72,FALSE,FALSE,FALSE,0,"Exosome complex component RRP40"
"Q9NQT8","KIF13B",0.00934,0.891,0.926,FALSE,FALSE,FALSE,0,"Kinesin-like protein KIF13B"
"Q9NQW6","ANLN",0.698,0.000762,0.0069,FALSE,FALSE,FALSE,0,"Anillin"
"Q9NQW7","XPNPEP1",-0.0668,0.386,0.505,FALSE,FALSE,FALSE,0,"Xaa-Pro aminopeptidase 1"
"Q9NQX3","GPHN",0.156,0.106,0.188,FALSE,FALSE,FALSE,0,"Gephyrin"
"Q9NR12","PDLIM7",0.268,0.0143,0.042,FALSE,FALSE,FALSE,0,"PDZ and LIM domain protein 7"
"Q9NR19","ACSS2",0.939,0.000791,0.00701,FALSE,FALSE,FALSE,0,"Acetyl-coenzyme A synthetase, cytoplasmic"
"Q9NR28","DIABLO",0.381,0.0315,0.0752,FALSE,FALSE,FALSE,0,"Diablo IAP-binding mitochondrial protein"
"Q9NR30","DDX21",0.564,0.000168,0.00334,FALSE,FALSE,FALSE,0,"Nucleolar RNA helicase 2"
"Q9NR31","SAR1A",-0.235,0.0122,0.0371,FALSE,FALSE,FALSE,0,"Small COPII coat GTPase SAR1A"
"Q9NR45","NANS",-0.317,0.00728,0.0257,FALSE,FALSE,FALSE,0,"N-acetylneuraminate-9-phosphate synthase"
"Q9NR46","SH3GLB2",-0.196,0.0309,0.0743,FALSE,FALSE,FALSE,0,"Endophilin-B2"
"Q9NR50","EIF2B3",-0.109,0.253,0.367,FALSE,FALSE,FALSE,0,"Translation initiation factor eIF2B subunit gamma"
"Q9NR56","MBNL1",-0.202,0.0945,0.172,FALSE,FALSE,FALSE,0,"Muscleblind-like protein 1"
"Q9NR77","PXMP2",0.256,0.073,0.142,FALSE,FALSE,FALSE,0,"Peroxisomal membrane protein 2"
"Q9NRF8","CTPS2",-0.119,0.199,0.306,FALSE,FALSE,FALSE,0,"CTP synthase 2"
"Q9NRF9","POLE3",0.172,0.163,0.263,FALSE,FALSE,FALSE,0,"DNA polymerase epsilon subunit 3"
"Q9NRG0","CHRAC1",-0.0487,0.521,0.631,FALSE,FALSE,FALSE,0,"Chromatin accessibility complex protein 1"
"Q9NRG1","PRTFDC1",-0.325,0.00344,0.0162,FALSE,FALSE,FALSE,0,"Phosphoribosyltransferase domain-containing protein 1"
"Q9NRG9","AAAS",0.776,0.00037,0.00472,FALSE,FALSE,FALSE,0,"Aladin"
"Q9NRL3","STRN4",0.341,0.0834,0.157,FALSE,FALSE,FALSE,0,"Striatin-4"
"Q9NRN7","AASDHPPT",-0.0928,0.386,0.505,FALSE,FALSE,FALSE,0,"L-aminoadipate-semialdehyde dehydrogenase-phosphopantetheinyl transferase"
"Q9NRP2","CMC2",0.676,0.000284,0.0043,FALSE,FALSE,FALSE,0,"COX assembly mitochondrial protein 2 homolog"
"Q9NRR5","UBQLN4",-0.068,0.386,0.505,FALSE,FALSE,FALSE,0,"Ubiquilin-4"
"Q9NRW3","APOBEC3C",-0.551,0.0573,0.118,FALSE,FALSE,FALSE,0,"DNA dC->dU-editing enzyme APOBEC-3C"
"Q9NRW7","VPS45",-0.281,0.00889,0.0296,FALSE,FALSE,FALSE,0,"Vacuolar protein sorting-associated protein 45"
"Q9NRX1","PNO1",0.19,0.0785,0.15,FALSE,FALSE,FALSE,0,"RNA-binding protein PNO1"
"Q9NRX2","MRPL17",0.575,0.0033,0.0157,FALSE,FALSE,FALSE,0,"Large ribosomal subunit protein bL17m"
"Q9NRX4","PHPT1",-0.312,0.0539,0.114,FALSE,FALSE,FALSE,0,"14 kDa phosphohistidine phosphatase"
"Q9NRY4","ARHGAP35",-0.444,0.0679,0.135,FALSE,FALSE,FALSE,0,"Rho GTPase-activating protein 35"
"Q9NRY5","FAM114A2",-0.2,0.0285,0.0697,FALSE,FALSE,FALSE,0,"Protein FAM114A2"
"Q9NS00","C1GALT1",0.279,0.09,0.167,FALSE,FALSE,FALSE,0,"Glycoprotein-N-acetylgalactosamine 3-beta-galactosyltransferase 1"
"Q9NS69","TOMM22",0.549,0.000349,0.00457,FALSE,FALSE,FALSE,0,"Mitochondrial import receptor subunit TOM22 homolog"
"Q9NSB8","HOMER2",0.0733,0.525,0.634,FALSE,FALSE,FALSE,0,"Homer protein homolog 2"
"Q9NSD9","FARSB",-0.000876,0.991,0.994,FALSE,FALSE,FALSE,0,"Phenylalanine--tRNA ligase beta subunit"
"Q9NSE4","IARS2",0.604,0.00126,0.0091,FALSE,FALSE,FALSE,0,"Isoleucine--tRNA ligase, mitochondrial"
"Q9NSK0","KLC4",-0.652,0.00129,0.00915,FALSE,FALSE,FALSE,0,"Kinesin light chain 4"
"Q9NT62","ATG3",-0.0402,0.679,0.767,FALSE,FALSE,FALSE,0,"Ubiquitin-like-conjugating enzyme ATG3"
"Q9NTI5","PDS5B",-0.18,0.0383,0.0881,FALSE,FALSE,FALSE,0,"Sister chromatid cohesion protein PDS5 homolog B"
"Q9NTJ3","SMC4",0.208,0.0394,0.0902,FALSE,FALSE,FALSE,0,"Structural maintenance of chromosomes protein 4"
"Q9NTJ5","SACM1L",0.474,0.00718,0.0255,FALSE,FALSE,FALSE,0,"Phosphatidylinositol-3-phosphatase SAC1"
"Q9NTK5","OLA1",-0.118,0.125,0.214,FALSE,FALSE,FALSE,0,"Obg-like ATPase 1"
"Q9NTZ6","RBM12",-0.0698,0.42,0.538,FALSE,FALSE,FALSE,0,"RNA-binding protein 12"
"Q9NUG6","PDRG1",-0.301,0.059,0.121,FALSE,FALSE,FALSE,0,"p53 and DNA damage-regulated protein 1"
"Q9NUI1","DECR2",0.289,0.0927,0.17,FALSE,FALSE,FALSE,0,"Peroxisomal 2,4-dienoyl-CoA reductase [(3E)-enoyl-CoA-producing]"
"Q9NUJ1","ABHD10",0.694,0.00016,0.00331,FALSE,FALSE,FALSE,0,"Palmitoyl-protein thioesterase ABHD10, mitochondrial"
"Q9NUL3","STAU2",0.00563,0.959,0.974,FALSE,FALSE,FALSE,0,"Double-stranded RNA-binding protein Staufen homolog 2"
"Q9NUP9","LIN7C",0.446,0.00151,0.01,FALSE,FALSE,FALSE,0,"Protein lin-7 homolog C"
"Q9NUQ2","AGPAT5",0.584,0.000158,0.00331,FALSE,FALSE,FALSE,0,"1-acyl-sn-glycerol-3-phosphate acyltransferase epsilon"
"Q9NUQ3","TXLNG",-0.0338,0.788,0.848,FALSE,FALSE,FALSE,0,"Gamma-taxilin"
"Q9NUQ6","SPATS2L",-0.264,0.00581,0.0222,FALSE,FALSE,FALSE,0,"SPATS2-like protein"
"Q9NUQ7","UFSP2",0.00621,0.951,0.969,FALSE,FALSE,FALSE,0,"Ufm1-specific protease 2"
"Q9NUQ8","ABCF3",-0.286,0.00438,0.0186,FALSE,FALSE,FALSE,0,"ATP-binding cassette sub-family F member 3"
"Q9NUQ9","CYRIB",-0.243,0.0157,0.0448,FALSE,FALSE,FALSE,0,"CYFIP-related Rac1 interactor B"
"Q9NUU7","DDX19A",0.0228,0.775,0.84,FALSE,FALSE,FALSE,0,"ATP-dependent RNA helicase DDX19A"
"Q9NV06","DCAF13",0.843,0.00124,0.00902,FALSE,FALSE,FALSE,0,"DDB1- and CUL4-associated factor 13"
"Q9NV31","IMP3",0.824,0.008,0.0275,FALSE,FALSE,FALSE,0,"U3 small nucleolar ribonucleoprotein protein IMP3"
"Q9NV70","EXOC1",-0.26,0.0758,0.146,FALSE,FALSE,FALSE,0,"Exocyst complex component 1"
"Q9NV96","TMEM30A",0.437,0.0048,0.0198,FALSE,FALSE,FALSE,0,"Cell cycle control protein 50A"
"Q9NVA2","SEPTIN11",-0.179,0.0342,0.08,FALSE,FALSE,FALSE,0,"Septin-11"
"Q9NVD7","PARVA",-0.336,0.0475,0.103,FALSE,FALSE,FALSE,0,"Alpha-parvin"
"Q9NVH1","DNAJC11",0.627,0.000561,0.006,FALSE,FALSE,FALSE,0,"DnaJ homolog subfamily C member 11"
"Q9NVI1","FANCI",0.475,0.000319,0.00445,FALSE,FALSE,FALSE,0,"Fanconi anemia group I protein"
"Q9NVI7","ATAD3A",0.694,0.000616,0.00633,FALSE,FALSE,FALSE,0,"ATPase family AAA domain-containing protein 3A"
"Q9NVJ2","ARL8B",0.359,0.0102,0.0325,FALSE,FALSE,FALSE,0,"ADP-ribosylation factor-like protein 8B"
"Q9NVM9","INTS13",-0.245,0.043,0.096,FALSE,FALSE,FALSE,0,"Integrator complex subunit 13"
"Q9NVP1","DDX18",0.521,0.00175,0.0108,FALSE,FALSE,FALSE,0,"ATP-dependent RNA helicase DDX18"
"Q9NVS2","MRPS18A",0.639,0.000638,0.00634,FALSE,FALSE,FALSE,0,"Large ribosomal subunit protein mL66"
"Q9NVS9","PNPO",-0.224,0.0289,0.0706,FALSE,FALSE,FALSE,0,"Pyridoxine-5'-phosphate oxidase"
"Q9NVT9","ARMC1",0.175,0.305,0.421,FALSE,FALSE,FALSE,0,"Armadillo repeat-containing protein 1"
"Q9NVV4","MTPAP",0.564,0.000993,0.00796,FALSE,FALSE,FALSE,0,"Poly(A) RNA polymerase, mitochondrial"
"Q9NVX2","NLE1",0.367,0.00785,0.0271,FALSE,FALSE,FALSE,0,"Notchless protein homolog 1"
"Q9NVZ3","NECAP2",-0.297,0.00702,0.0251,FALSE,FALSE,FALSE,0,"Adaptin ear-binding coat-associated protein 2"
"Q9NW13","RBM28",0.727,0.00434,0.0185,FALSE,FALSE,FALSE,0,"RNA-binding protein 28"
"Q9NW15","ANO10",0.372,0.00537,0.0211,FALSE,FALSE,FALSE,0,"Anoctamin-10"
"Q9NW64","RBM22",0.0567,0.469,0.585,FALSE,FALSE,FALSE,0,"Pre-mRNA-splicing factor RBM22"
"Q9NW81","DMAC2",0.85,0.000209,0.00378,FALSE,FALSE,FALSE,0,"Distal membrane-arm assembly complex protein 2"
"Q9NW82","WDR70",-0.318,0.0652,0.13,FALSE,FALSE,FALSE,0,"WD repeat-containing protein 70"
"Q9NWH9","SLTM",-0.139,0.181,0.284,FALSE,FALSE,FALSE,0,"SAFB-like transcription modulator"
"Q9NWS0","PIH1D1",0.215,0.162,0.262,FALSE,FALSE,FALSE,0,"PIH1 domain-containing protein 1"
"Q9NWU1","OXSM",0.794,0.086,0.16,FALSE,FALSE,FALSE,0,"3-oxoacyl-[acyl-carrier-protein] synthase, mitochondrial"
"Q9NWU2","GID8",0.0186,0.878,0.917,FALSE,FALSE,FALSE,0,"Glucose-induced degradation protein 8 homolog"
"Q9NWU5","MRPL22",0.651,0.0135,0.0403,FALSE,FALSE,FALSE,0,"Large ribosomal subunit protein uL22m"
"Q9NWV4","CZIB",-0.301,0.00345,0.0162,FALSE,FALSE,FALSE,0,"CXXC motif containing zinc binding protein"
"Q9NWW5","CLN6",0.779,0.000398,0.00489,FALSE,FALSE,FALSE,0,"Ceroid-lipofuscinosis neuronal protein 6"
"Q9NX02","NLRP2",-0.115,0.159,0.258,FALSE,FALSE,FALSE,0,"NACHT, LRR and PYD domains-containing protein 2"
"Q9NX08","COMMD8",-0.193,0.292,0.407,FALSE,FALSE,FALSE,0,"COMM domain-containing protein 8"
"Q9NX20","MRPL16",0.527,0.00579,0.0222,FALSE,FALSE,FALSE,0,"Large ribosomal subunit protein uL16m"
"Q9NX24","NHP2",0.279,0.0113,0.0352,FALSE,FALSE,FALSE,0,"H/ACA ribonucleoprotein complex subunit 2"
"Q9NX40","OCIAD1",0.257,0.0489,0.105,FALSE,FALSE,FALSE,0,"OCIA domain-containing protein 1"
"Q9NX46","ADPRS",-0.12,0.216,0.326,FALSE,FALSE,FALSE,0,"ADP-ribosylhydrolase ARH3"
"Q9NX55","HYPK",-0.0663,0.641,0.735,FALSE,FALSE,FALSE,0,"Huntingtin-interacting protein K"
"Q9NX58","LYAR",0.09,0.333,0.45,FALSE,FALSE,FALSE,0,"Cell growth-regulating nucleolar protein"
"Q9NX62","BPNT2",0.223,0.0863,0.161,FALSE,FALSE,FALSE,0,"Golgi-resident adenosine 3',5'-bisphosphate 3'-phosphatase"
"Q9NX63","CHCHD3",0.62,0.00286,0.0144,FALSE,FALSE,FALSE,0,"MICOS complex subunit MIC19"
"Q9NXA8","SIRT5",0.196,0.199,0.307,FALSE,FALSE,FALSE,0,"NAD-dependent protein deacylase sirtuin-5, mitochondrial"
"Q9NXC5","MIOS",-0.155,0.291,0.407,FALSE,FALSE,FALSE,0,"GATOR2 complex protein MIOS"
"Q9NXE4","SMPD4",0.255,0.0521,0.111,FALSE,FALSE,FALSE,0,"Sphingomyelin phosphodiesterase 4"
"Q9NXF1","TEX10",0.27,0.174,0.276,FALSE,FALSE,FALSE,0,"Testis-expressed protein 10"
"Q9NXG2","THUMPD1",-0.419,0.000754,0.00688,FALSE,FALSE,FALSE,0,"THUMP domain-containing protein 1"
"Q9NXH8","TOR4A",0.0553,0.688,0.773,FALSE,FALSE,FALSE,0,"Torsin-4A"
"Q9NXR7","BABAM2",-0.235,0.0141,0.0415,FALSE,FALSE,FALSE,0,"BRISC and BRCA1-A complex member 2"
"Q9NXW2","DNAJB12",0.45,0.000273,0.00424,FALSE,FALSE,FALSE,0,"DnaJ homolog subfamily B member 12"
"Q9NY12","GAR1",0.395,0.0104,0.0331,FALSE,FALSE,FALSE,0,"H/ACA ribonucleoprotein complex subunit 1"
"Q9NY27","PPP4R2",-0.0454,0.703,0.784,FALSE,FALSE,FALSE,0,"Serine/threonine-protein phosphatase 4 regulatory subunit 2"
"Q9NY33","DPP3",-0.235,0.0149,0.0432,FALSE,FALSE,FALSE,0,"Dipeptidyl peptidase 3"
"Q9NY61","AATF",0.45,0.00086,0.00728,FALSE,FALSE,FALSE,0,"Protein AATF"
"Q9NY93","DDX56",0.316,0.0147,0.0428,FALSE,FALSE,FALSE,0,"Probable ATP-dependent RNA helicase DDX56"
"Q9NYB0","TERF2IP",-0.664,0.209,0.317,FALSE,FALSE,FALSE,0,"Telomeric repeat-binding factor 2-interacting protein 1"
"Q9NYB9","ABI2",-0.0134,0.901,0.933,FALSE,FALSE,FALSE,0,"Abl interactor 2"
"Q9NYF8","BCLAF1",-0.109,0.223,0.333,FALSE,FALSE,FALSE,0,"Bcl-2-associated transcription factor 1"
"Q9NYH9","UTP6",0.681,0.00607,0.0229,FALSE,FALSE,FALSE,0,"U3 small nucleolar RNA-associated protein 6 homolog"
"Q9NYJ1","COA4",0.362,0.029,0.0708,FALSE,FALSE,FALSE,0,"Cytochrome c oxidase assembly factor 4 homolog, mitochondrial"
"Q9NYK5","MRPL39",0.92,8.09e-05,0.00251,FALSE,FALSE,FALSE,0,"Large ribosomal subunit protein mL39"
"Q9NYL2","MAP3K20",0.145,0.24,0.354,FALSE,FALSE,FALSE,0,"Mitogen-activated protein kinase kinase kinase 20"
"Q9NYL9","TMOD3",0.0932,0.218,0.328,FALSE,FALSE,FALSE,0,"Tropomodulin-3"
"Q9NYT0","PLEK2",0.083,0.627,0.723,FALSE,FALSE,FALSE,0,"Pleckstrin-2"
"Q9NYU2","UGGT1",0.338,0.00967,0.0315,FALSE,FALSE,FALSE,0,"UDP-glucose:glycoprotein glucosyltransferase 1"
"Q9NYV4","CDK12",0.0121,0.86,0.903,FALSE,FALSE,FALSE,0,"Cyclin-dependent kinase 12"
"Q9NZ01","TECR",0.61,0.004,0.0178,FALSE,FALSE,FALSE,0,"Very-long-chain enoyl-CoA reductase"
"Q9NZ08","ERAP1",-0.0165,0.856,0.901,FALSE,FALSE,FALSE,0,"Endoplasmic reticulum aminopeptidase 1"
"Q9NZB2","FAM120A",-0.0678,0.337,0.454,FALSE,FALSE,FALSE,0,"Constitutive coactivator of PPAR-gamma-like protein 1"
"Q9NZD8","SPG21",-0.0434,0.748,0.821,FALSE,FALSE,FALSE,0,"Maspardin"
"Q9NZE8","MRPL35",0.707,0.00167,0.0105,FALSE,FALSE,FALSE,0,"Large ribosomal subunit protein bL35m"
"Q9NZH0","GPRC5B",0.828,1.11e-05,0.00087,FALSE,FALSE,FALSE,0,"G protein-coupled receptor family C group 5 member B"
"Q9NZI7","UBP1",-0.0675,0.499,0.611,FALSE,FALSE,FALSE,0,"Upstream-binding protein 1"
"Q9NZI8","IGF2BP1",0.113,0.299,0.415,FALSE,FALSE,FALSE,0,"Insulin-like growth factor 2 mRNA-binding protein 1"
"Q9NZJ9","NUDT4",-0.142,0.199,0.307,FALSE,FALSE,FALSE,0,"Diphosphoinositol polyphosphate phosphohydrolase 2"
"Q9NZL4","HSPBP1",-0.104,0.274,0.388,FALSE,FALSE,FALSE,0,"Hsp70-binding protein 1"
"Q9NZL9","MAT2B",-0.0282,0.733,0.809,FALSE,FALSE,FALSE,0,"Methionine adenosyltransferase 2 subunit beta"
"Q9NZM1","MYOF",0.998,2.99e-05,0.00157,FALSE,FALSE,FALSE,0,"Myoferlin"
"Q9NZN4","EHD2",-0.0671,0.523,0.633,FALSE,FALSE,FALSE,0,"EH domain-containing protein 2"
"Q9NZN8","CNOT2",0.12,0.269,0.382,FALSE,FALSE,FALSE,0,"CCR4-NOT transcription complex subunit 2"
"Q9NZT2","OGFR",-0.366,0.0194,0.0521,FALSE,FALSE,FALSE,0,"Opioid growth factor receptor"
"Q9NZU5","LMCD1",-0.557,0.0038,0.0172,FALSE,FALSE,FALSE,0,"LIM and cysteine-rich domains protein 1"
"Q9NZW5","PALS2",0.496,0.00494,0.0201,FALSE,FALSE,FALSE,0,"Protein PALS2"
"Q9NZZ3","CHMP5",0.289,0.05,0.107,FALSE,FALSE,FALSE,0,"Charged multivesicular body protein 5"
"Q9P000","COMMD9",-0.0428,0.662,0.753,FALSE,FALSE,FALSE,0,"COMM domain-containing protein 9"
"Q9P013","CWC15",-0.164,0.0438,0.0974,FALSE,FALSE,FALSE,0,"Spliceosome-associated protein CWC15 homolog"
"Q9P015","MRPL15",0.734,0.000765,0.0069,FALSE,FALSE,FALSE,0,"Large ribosomal subunit protein uL15m"
"Q9P016","THYN1",-0.413,0.00071,0.00669,FALSE,FALSE,FALSE,0,"Thymocyte nuclear protein 1"
"Q9P032","NDUFAF4",0.452,0.0349,0.0812,FALSE,FALSE,FALSE,0,"NADH dehydrogenase [ubiquinone] 1 alpha subcomplex assembly factor 4"
"Q9P035","HACD3",0.476,0.00403,0.0178,FALSE,FALSE,FALSE,0,"Very-long-chain (3R)-3-hydroxyacyl-CoA dehydratase 3"
"Q9P0I2","EMC3",0.469,0.00879,0.0294,FALSE,FALSE,FALSE,0,"ER membrane protein complex subunit 3"
"Q9P0J0","NDUFA13",-0.554,0.000985,0.00791,FALSE,FALSE,FALSE,0,"NADH dehydrogenase [ubiquinone] 1 alpha subcomplex subunit 13"
"Q9P0J7","KCMF1",-0.0326,0.653,0.746,FALSE,FALSE,FALSE,0,"E3 ubiquitin-protein ligase KCMF1"
"Q9P0K7","RAI14",0.419,0.262,0.376,FALSE,FALSE,FALSE,0,"Ankycorbin"
"Q9P0L0","VAPA",0.213,0.013,0.039,FALSE,FALSE,FALSE,0,"Vesicle-associated membrane protein-associated protein A"
"Q9P0M6","MACROH2A2",-0.123,0.337,0.454,FALSE,FALSE,FALSE,0,"Core histone macro-H2A.2"
"Q9P0M9","MRPL27",0.894,0.00204,0.0116,FALSE,FALSE,FALSE,0,"Large ribosomal subunit protein bL27m"
"Q9P0R6","GSKIP",-0.0649,0.828,0.88,FALSE,FALSE,FALSE,0,"GSK3B-interacting protein"
"Q9P0V9","SEPTIN10",-0.254,0.0169,0.0472,FALSE,FALSE,FALSE,0,"Septin-10"
"Q9P1F3","ABRACL",-0.00983,0.966,0.977,FALSE,FALSE,FALSE,0,"Costars family protein ABRACL"
"Q9P206","NHSL3",-0.014,0.862,0.905,FALSE,FALSE,FALSE,0,"NHS-like protein 3"
"Q9P258","RCC2",-0.308,0.00411,0.0179,FALSE,FALSE,FALSE,0,"Protein RCC2"
"Q9P260","RELCH",0.016,0.893,0.927,FALSE,FALSE,FALSE,0,"RAB11-binding protein RELCH"
"Q9P287","BCCIP",-0.0445,0.643,0.737,FALSE,FALSE,FALSE,0,"BRCA2 and CDKN1A-interacting protein"
"Q9P289","STK26",0.156,0.247,0.361,FALSE,FALSE,FALSE,0,"Serine/threonine-protein kinase 26"
"Q9P2B4","CTTNBP2NL",0.57,0.0112,0.0351,FALSE,FALSE,FALSE,0,"CTTNBP2 N-terminal-like protein"
"Q9P2E9","RRBP1",-0.016,0.825,0.877,FALSE,FALSE,FALSE,0,"Ribosome-binding protein 1"
"Q9P2I0","CPSF2",-0.0218,0.857,0.901,FALSE,FALSE,FALSE,0,"Cleavage and polyadenylation specificity factor subunit 2"
"Q9P2J5","LARS1",-0.208,0.0171,0.0476,FALSE,FALSE,FALSE,0,"Leucine--tRNA ligase, cytoplasmic"
"Q9P2M7","CGN",0.377,0.000826,0.00715,FALSE,FALSE,FALSE,0,"Cingulin"
"Q9P2N5","RBM27",-0.131,0.096,0.175,FALSE,FALSE,FALSE,0,"RNA-binding protein 27"
"Q9P2R3","ANKFY1",0.0418,0.567,0.673,FALSE,FALSE,FALSE,0,"Ankyrin repeat and FYVE domain-containing protein 1"
"Q9P2R7","SUCLA2",0.538,0.00673,0.0243,FALSE,FALSE,FALSE,0,"Succinate--CoA ligase [ADP-forming] subunit beta, mitochondrial"
"Q9P2T1","GMPR2",-0.514,0.000228,0.00388,FALSE,FALSE,FALSE,0,"GMP reductase 2"
"Q9P2W9","STX18",-0.37,0.0312,0.0749,FALSE,FALSE,FALSE,0,"Syntaxin-18"
"Q9UBB4","ATXN10",0.208,0.0319,0.0757,FALSE,FALSE,FALSE,0,"Ataxin-10"
"Q9UBB5","MBD2",0.272,0.00663,0.0242,FALSE,FALSE,FALSE,0,"Methyl-CpG-binding domain protein 2"
"Q9UBC2","EPS15L1",0.269,0.0534,0.113,FALSE,FALSE,FALSE,0,"Epidermal growth factor receptor substrate 15-like 1"
"Q9UBE0","SAE1",-0.138,0.152,0.249,FALSE,FALSE,FALSE,0,"SUMO-activating enzyme subunit 1"
"Q9UBF2","COPG2",-0.163,0.0596,0.122,FALSE,FALSE,FALSE,0,"Coatomer subunit gamma-2"
"Q9UBI1","COMMD3",-0.0159,0.84,0.889,FALSE,FALSE,FALSE,0,"COMM domain-containing protein 3"
"Q9UBI6","GNG12",0.219,0.222,0.332,FALSE,FALSE,FALSE,0,"Guanine nucleotide-binding protein G(I)/G(S)/G(O) subunit gamma-12"
"Q9UBL3","ASH2L",-0.111,0.207,0.315,FALSE,FALSE,FALSE,0,"Set1/Ash2 histone methyltransferase complex subunit ASH2"
"Q9UBP6","METTL1",-0.0237,0.808,0.864,FALSE,FALSE,FALSE,0,"tRNA (guanine-N(7)-)-methyltransferase"
"Q9UBP9","GULP1",0.677,0.000212,0.00378,FALSE,FALSE,FALSE,0,"PTB domain-containing engulfment adapter protein 1"
"Q9UBQ0","VPS29",-0.296,0.00733,0.0258,FALSE,FALSE,FALSE,0,"Vacuolar protein sorting-associated protein 29"
"Q9UBQ5","EIF3K",-0.0726,0.438,0.555,FALSE,FALSE,FALSE,0,"Eukaryotic translation initiation factor 3 subunit K"
"Q9UBQ7","GRHPR",-0.237,0.0309,0.0744,FALSE,FALSE,FALSE,0,"Glyoxylate reductase/hydroxypyruvate reductase"
"Q9UBR2","CTSZ",-0.0334,0.655,0.747,FALSE,FALSE,FALSE,0,"Cathepsin Z"
"Q9UBS4","DNAJB11",0.59,0.000566,0.006,FALSE,FALSE,FALSE,0,"DnaJ homolog subfamily B member 11"
"Q9UBT2","UBA2",-0.346,0.00339,0.016,FALSE,FALSE,FALSE,0,"SUMO-activating enzyme subunit 2"
"Q9UBU8","MORF4L1",0.119,0.279,0.393,FALSE,FALSE,FALSE,0,"Mortality factor 4-like protein 1"
"Q9UBU9","NXF1",0.038,0.696,0.778,FALSE,FALSE,FALSE,0,"Nuclear RNA export factor 1"
"Q9UBV2","SEL1L",0.381,0.00873,0.0292,FALSE,FALSE,FALSE,0,"Protein sel-1 homolog 1"
"Q9UBV8","PEF1",-0.0289,0.822,0.875,FALSE,FALSE,FALSE,0,"Peflin"
"Q9UBW8","COPS7A",-0.123,0.124,0.213,FALSE,FALSE,FALSE,0,"COP9 signalosome complex subunit 7a"
"Q9UBX3","SLC25A10",0.472,0.0111,0.0348,FALSE,FALSE,FALSE,0,"Mitochondrial dicarboxylate carrier"
"Q9UDW1","UQCR10",-0.0953,0.48,0.595,FALSE,FALSE,FALSE,0,"Cytochrome b-c1 complex subunit 9"
"Q9UDX5","MTFP1",0.729,0.000861,0.00728,FALSE,FALSE,FALSE,0,"Mitochondrial fission process protein 1"
"Q9UDY2","TJP2",-0.286,0.00228,0.0125,FALSE,FALSE,FALSE,0,"Tight junction protein 2"
"Q9UER7","DAXX",-0.089,0.346,0.464,FALSE,FALSE,FALSE,0,"Death domain-associated protein 6"
"Q9UEW8","STK39",-0.208,0.0771,0.148,FALSE,FALSE,FALSE,0,"STE20/SPS1-related proline-alanine-rich protein kinase"
"Q9UEY8","ADD3",-0.699,0.000214,0.00379,FALSE,FALSE,FALSE,0,"Gamma-adducin"
"Q9UFW8","CGGBP1",-0.00113,0.99,0.993,FALSE,FALSE,FALSE,0,"CGG triplet repeat-binding protein 1"
"Q9UG63","ABCF2",0.116,0.332,0.449,FALSE,FALSE,FALSE,0,"ATP-binding cassette sub-family F member 2"
"Q9UGI8","TES",-0.015,0.862,0.905,FALSE,FALSE,FALSE,0,"Testin"
"Q9UGP8","SEC63",0.483,0.00257,0.0136,FALSE,FALSE,FALSE,0,"Translocation protein SEC63 homolog"
"Q9UGV2","NDRG3",-0.0475,0.683,0.769,FALSE,FALSE,FALSE,0,"Protein NDRG3"
"Q9UH17","APOBEC3B",0.341,0.0186,0.0506,FALSE,FALSE,FALSE,0,"DNA dC->dU-editing enzyme APOBEC-3B"
"Q9UH62","ARMCX3",0.0981,0.304,0.42,FALSE,FALSE,FALSE,0,"Armadillo repeat-containing X-linked protein 3"
"Q9UH65","SWAP70",-0.322,0.00641,0.0237,FALSE,FALSE,FALSE,0,"Switch-associated protein 70"
"Q9UH99","SUN2",0.147,0.33,0.447,FALSE,FALSE,FALSE,0,"SUN domain-containing protein 2"
"Q9UHA4","LAMTOR3",-0.313,0.0318,0.0757,FALSE,FALSE,FALSE,0,"Ragulator complex protein LAMTOR3"
"Q9UHB6","LIMA1",-0.573,0.000998,0.00797,FALSE,FALSE,FALSE,0,"LIM domain and actin-binding protein 1"
"Q9UHB9","SRP68",-0.18,0.024,0.0611,FALSE,FALSE,FALSE,0,"Signal recognition particle subunit SRP68"
"Q9UHD1","CHORDC1",0.0966,0.473,0.588,FALSE,FALSE,FALSE,0,"Cysteine and histidine-rich domain-containing protein 1"
"Q9UHD8","SEPTIN9",-0.182,0.0623,0.126,FALSE,FALSE,FALSE,0,"Septin-9"
"Q9UHD9","UBQLN2",0.684,0.155,0.254,FALSE,FALSE,FALSE,0,"Ubiquilin-2"
"Q9UHG3","PCYOX1",0.283,0.0548,0.115,FALSE,FALSE,FALSE,0,"Prenylcysteine oxidase 1"
"Q9UHI6","DDX20",-0.000221,0.998,0.999,FALSE,FALSE,FALSE,0,"Probable ATP-dependent RNA helicase DDX20"
"Q9UHL4","DPP7",-0.0736,0.68,0.767,FALSE,FALSE,FALSE,0,"Dipeptidyl peptidase 2"
"Q9UHN6","CEMIP2",0.166,0.177,0.28,FALSE,FALSE,FALSE,0,"Cell surface hyaluronidase CEMIP2"
"Q9UHQ9","CYB5R1",0.46,0.00326,0.0156,FALSE,FALSE,FALSE,0,"NADH-cytochrome b5 reductase 1"
"Q9UHR4","BAIAP2L1",0.165,0.209,0.317,FALSE,FALSE,FALSE,0,"BAR/IMD domain-containing adapter protein 2-like 1"
"Q9UHV9","PFDN2",0.0609,0.627,0.723,FALSE,FALSE,FALSE,0,"Prefoldin subunit 2"
"Q9UHX1","PUF60",0.0183,0.778,0.841,FALSE,FALSE,FALSE,0,"Poly(U)-binding-splicing factor PUF60"
"Q9UHY1","NRBP1",0.0943,0.397,0.516,FALSE,FALSE,FALSE,0,"Nuclear receptor-binding protein"
"Q9UHY7","ENOPH1",0.0791,0.25,0.364,FALSE,FALSE,FALSE,0,"Enolase-phosphatase E1"
"Q9UI09","NDUFA12",-0.64,0.00216,0.0121,FALSE,FALSE,FALSE,0,"NADH dehydrogenase [ubiquinone] 1 alpha subcomplex subunit 12"
"Q9UI10","EIF2B4",-0.293,0.00315,0.0153,FALSE,FALSE,FALSE,0,"Translation initiation factor eIF2B subunit delta"
"Q9UI12","ATP6V1H",0.142,0.138,0.231,FALSE,FALSE,FALSE,0,"V-type proton ATPase subunit H"
"Q9UI14","RABAC1",-0.14,0.189,0.295,FALSE,FALSE,FALSE,0,"Prenylated Rab acceptor protein 1"
"Q9UI26","IPO11",0.106,0.34,0.456,FALSE,FALSE,FALSE,0,"Importin-11"
"Q9UI30","TRMT112",0.056,0.539,0.647,FALSE,FALSE,FALSE,0,"Multifunctional methyltransferase subunit TRM112-like protein"
"Q9UIA9","XPO7",-0.161,0.0475,0.103,FALSE,FALSE,FALSE,0,"Exportin-7"
"Q9UIC8","LCMT1",-0.953,0.00191,0.0112,FALSE,FALSE,FALSE,0,"Leucine carboxyl methyltransferase 1"
"Q9UIG0","BAZ1B",0.441,0.0279,0.0686,FALSE,FALSE,FALSE,0,"Tyrosine-protein kinase BAZ1B"
"Q9UII2","ATP5IF1",0.246,0.298,0.414,FALSE,FALSE,FALSE,0,"ATPase inhibitor, mitochondrial"
"Q9UIJ7","AK3",0.362,0.00648,0.0239,FALSE,FALSE,FALSE,0,"GTP:AMP phosphotransferase AK3, mitochondrial"
"Q9UIL1","SCOC",0.149,0.279,0.393,FALSE,FALSE,FALSE,0,"Short coiled-coil protein"
"Q9UIQ6","LNPEP",0.208,0.0254,0.0636,FALSE,FALSE,FALSE,0,"Leucyl-cystinyl aminopeptidase"
"Q9UJ68","MSRA",-0.0837,0.591,0.694,FALSE,FALSE,FALSE,0,"Mitochondrial peptide methionine sulfoxide reductase"
"Q9UJ70","NAGK",-0.378,0.0102,0.0325,FALSE,FALSE,FALSE,0,"N-acetyl-D-glucosamine kinase"
"Q9UJ72","ANXA10",-0.709,0.000466,0.00552,FALSE,FALSE,FALSE,0,"Annexin A10"
"Q9UJ83","HACL1",0.323,0.0268,0.0663,FALSE,FALSE,FALSE,0,"2-hydroxyacyl-CoA lyase 1"
"Q9UJA5","TRMT6",0.0629,0.692,0.776,FALSE,FALSE,FALSE,0,"tRNA (adenine(58)-N(1))-methyltransferase non-catalytic subunit TRM6"
"Q9UJC3","HOOK1",-0.0655,0.49,0.603,FALSE,FALSE,FALSE,0,"Protein Hook homolog 1"
"Q9UJC5","SH3BGRL2",-0.0526,0.601,0.701,FALSE,FALSE,FALSE,0,"SH3 domain-binding glutamic acid-rich-like protein 2"
"Q9UJS0","SLC25A13",0.385,0.0131,0.0392,FALSE,FALSE,FALSE,0,"Electrogenic aspartate/glutamate antiporter SLC25A13, mitochondrial"
"Q9UJU6","DBNL",-0.191,0.0434,0.0966,FALSE,FALSE,FALSE,0,"Drebrin-like protein"
"Q9UJV9","DDX41",0.0706,0.385,0.504,FALSE,FALSE,FALSE,0,"Probable ATP-dependent RNA helicase DDX41"
"Q9UJW0","DCTN4",0.0648,0.713,0.791,FALSE,FALSE,FALSE,0,"Dynactin subunit 4"
"Q9UJX3","ANAPC7",-0.00773,0.936,0.959,FALSE,FALSE,FALSE,0,"Anaphase-promoting complex subunit 7"
"Q9UJY5","GGA1",0.0244,0.814,0.87,FALSE,FALSE,FALSE,0,"ADP-ribosylation factor-binding protein GGA1"
"Q9UJZ1","STOML2",0.662,0.000844,0.00721,FALSE,FALSE,FALSE,0,"Stomatin-like protein 2, mitochondrial"
"Q9UK41","VPS28",-0.14,0.117,0.203,FALSE,FALSE,FALSE,0,"Vacuolar protein sorting-associated protein 28 homolog"
"Q9UK45","LSM7",-0.052,0.618,0.716,FALSE,FALSE,FALSE,0,"U6 snRNA-associated Sm-like protein LSm7"
"Q9UK59","DBR1",-0.128,0.223,0.333,FALSE,FALSE,FALSE,0,"Lariat debranching enzyme"
"Q9UK76","JPT1",0.284,0.0699,0.138,FALSE,FALSE,FALSE,0,"Jupiter microtubule associated homolog 1"
"Q9UKD2","MRTO4",0.54,0.00311,0.0152,FALSE,FALSE,FALSE,0,"mRNA turnover protein 4 homolog"
"Q9UKF6","CPSF3",0.0179,0.853,0.899,FALSE,FALSE,FALSE,0,"Cleavage and polyadenylation specificity factor subunit 3"
"Q9UKG1","APPL1",-0.345,0.00244,0.0131,FALSE,FALSE,FALSE,0,"DCC-interacting protein 13-alpha"
"Q9UKJ3","GPATCH8",-0.304,0.0832,0.157,FALSE,FALSE,FALSE,0,"G patch domain-containing protein 8"
"Q9UKK3","PARP4",-0.542,0.000328,0.00449,FALSE,FALSE,FALSE,0,"Protein mono-ADP-ribosyltransferase PARP4"
"Q9UKK9","NUDT5",0.0725,0.335,0.452,FALSE,FALSE,FALSE,0,"ADP-sugar pyrophosphatase"
"Q9UKL0","RCOR1",-0.1,0.213,0.322,FALSE,FALSE,FALSE,0,"REST corepressor 1"
"Q9UKM7","MAN1B1",-0.108,0.386,0.505,FALSE,FALSE,FALSE,0,"Endoplasmic reticulum mannosyl-oligosaccharide 1,2-alpha-mannosidase"
"Q9UKM9","RALY",0.198,0.109,0.192,FALSE,FALSE,FALSE,0,"RNA-binding protein Raly"
"Q9UKN8","GTF3C4",0.158,0.213,0.321,FALSE,FALSE,FALSE,0,"General transcription factor 3C polypeptide 4"
"Q9UKS6","PACSIN3",0.746,0.078,0.149,FALSE,FALSE,FALSE,0,"Protein kinase C and casein kinase substrate in neurons protein 3"
"Q9UKU7","ACAD8",0.333,0.0348,0.081,FALSE,FALSE,FALSE,0,"Isobutyryl-CoA dehydrogenase, mitochondrial"
"Q9UKV3","ACIN1",-0.126,0.16,0.26,FALSE,FALSE,FALSE,0,"Apoptotic chromatin condensation inducer in the nucleus"
"Q9UKV8","AGO2",-0.164,0.227,0.337,FALSE,FALSE,FALSE,0,"Protein argonaute-2"
"Q9UKX7","NUP50",0.158,0.0798,0.151,FALSE,FALSE,FALSE,0,"Nuclear pore complex protein Nup50"
"Q9UKY7","CDV3",-0.00144,0.984,0.989,FALSE,FALSE,FALSE,0,"Protein CDV3 homolog"
"Q9UL15","BAG5",-0.218,0.0328,0.0775,FALSE,FALSE,FALSE,0,"BAG family molecular chaperone regulator 5"
"Q9UL25","RAB21",0.136,0.102,0.182,FALSE,FALSE,FALSE,0,"Ras-related protein Rab-21"
"Q9UL26","RAB22A",0.287,0.225,0.335,FALSE,FALSE,FALSE,0,"Ras-related protein Rab-22A"
"Q9UL46","PSME2",-0.136,0.273,0.387,FALSE,FALSE,FALSE,0,"Proteasome activator complex subunit 2"
"Q9ULA0","DNPEP",-0.338,0.00631,0.0235,FALSE,FALSE,FALSE,0,"Aspartyl aminopeptidase"
"Q9ULC4","MCTS1",-0.158,0.0933,0.171,FALSE,FALSE,FALSE,0,"Malignant T-cell-amplified sequence 1"
"Q9ULC5","ACSL5",0.417,0.000379,0.00476,FALSE,FALSE,FALSE,0,"Long-chain-fatty-acid--CoA ligase 5"
"Q9ULH7","MRTFB",-0.00226,0.987,0.991,FALSE,FALSE,FALSE,0,"Myocardin-related transcription factor B"
"Q9ULR0","ISY1",0.00246,0.981,0.987,FALSE,FALSE,FALSE,0,"Pre-mRNA-splicing factor ISY1 homolog"
"Q9ULU4","ZMYND8",0.1,0.46,0.576,FALSE,FALSE,FALSE,0,"MYND-type zinc finger-containing chromatin reader ZMYND8"
"Q9ULV0","MYO5B",0.288,0.0136,0.0406,FALSE,FALSE,FALSE,0,"Unconventional myosin-Vb"
"Q9ULV4","CORO1C",0.261,0.00426,0.0183,FALSE,FALSE,FALSE,0,"Coronin-1C"
"Q9ULW0","TPX2",0.455,0.00497,0.0202,FALSE,FALSE,FALSE,0,"Targeting protein for Xklp2"
"Q9ULW3","ABT1",0.689,0.0157,0.0448,FALSE,FALSE,FALSE,0,"Activator of basal transcription 1"
"Q9ULX3","NOB1",0.206,0.18,0.283,FALSE,FALSE,FALSE,0,"RNA-binding protein NOB1"
"Q9ULX6","AKAP8L",0.248,0.171,0.273,FALSE,FALSE,FALSE,0,"A-kinase anchor protein 8-like"
"Q9ULX9","MAFF",0.225,0.142,0.237,FALSE,FALSE,FALSE,0,"Transcription factor MafF"
"Q9ULZ3","PYCARD",-0.694,5.2e-05,0.00189,FALSE,FALSE,FALSE,0,"Apoptosis-associated speck-like protein containing a CARD"
"Q9UM00","TMCO1",0.449,0.0049,0.02,FALSE,FALSE,FALSE,0,"Calcium load-activated calcium channel"
"Q9UM22","EPDR1",0.192,0.154,0.252,FALSE,FALSE,FALSE,0,"Mammalian ependymin-related protein 1"
"Q9UM54","MYO6",-0.019,0.796,0.854,FALSE,FALSE,FALSE,0,"Unconventional myosin-VI"
"Q9UMS0","NFU1",0.46,0.00418,0.0181,FALSE,FALSE,FALSE,0,"NFU1 iron-sulfur cluster scaffold homolog, mitochondrial"
"Q9UMS4","PRPF19",0.0464,0.625,0.721,FALSE,FALSE,FALSE,0,"Pre-mRNA-processing factor 19"
"Q9UMX0","UBQLN1",0.114,0.134,0.227,FALSE,FALSE,FALSE,0,"Ubiquilin-1"
"Q9UMX5","NENF",0.558,0.000301,0.00433,FALSE,FALSE,FALSE,0,"Neudesin"
"Q9UMY1","NOL7",0.689,0.000552,0.00597,FALSE,FALSE,FALSE,0,"U3 small nucleolar RNA-associated protein NOL7"
"Q9UMY4","SNX12",-0.187,0.038,0.0875,FALSE,FALSE,FALSE,0,"Sorting nexin-12"
"Q9UMZ2","SYNRG",-0.298,0.0462,0.101,FALSE,FALSE,FALSE,0,"Synergin gamma"
"Q9UN37","VPS4A",-0.0629,0.617,0.715,FALSE,FALSE,FALSE,0,"Vacuolar protein sorting-associated protein 4A"
"Q9UN76","SLC6A14",0.691,0.0183,0.0499,FALSE,FALSE,FALSE,0,"Sodium- and chloride-dependent neutral and basic amino acid transporter B(0+)"
"Q9UN86","G3BP2",0.0873,0.344,0.461,FALSE,FALSE,FALSE,0,"Ras GTPase-activating protein-binding protein 2"
"Q9UNA1","ARHGAP26",-0.0788,0.763,0.832,FALSE,FALSE,FALSE,0,"Rho GTPase-activating protein 26"
"Q9UNE7","STUB1",-0.203,0.0581,0.12,FALSE,FALSE,FALSE,0,"E3 ubiquitin-protein ligase CHIP"
"Q9UNF0","PACSIN2",-0.253,0.0192,0.0518,FALSE,FALSE,FALSE,0,"Protein kinase C and casein kinase substrate in neurons protein 2"
"Q9UNF1","MAGED2",0.219,0.0393,0.0899,FALSE,FALSE,FALSE,0,"Melanoma-associated antigen D2"
"Q9UNH7","SNX6",-0.167,0.0317,0.0755,FALSE,FALSE,FALSE,0,"Sorting nexin-6"
"Q9UNI6","DUSP12",0.0218,0.83,0.881,FALSE,FALSE,FALSE,0,"Dual specificity protein phosphatase 12"
"Q9UNL2","SSR3",0.362,0.0444,0.0983,FALSE,FALSE,FALSE,0,"Translocon-associated protein subunit gamma"
"Q9UNM6","PSMD13",-0.0286,0.684,0.77,FALSE,FALSE,FALSE,0,"26S proteasome non-ATPase regulatory subunit 13"
"Q9UNN5","FAF1",-0.00409,0.963,0.976,FALSE,FALSE,FALSE,0,"FAS-associated factor 1"
"Q9UNQ2","DIMT1",0.417,0.00893,0.0297,FALSE,FALSE,FALSE,0,"Dimethyladenosine transferase"
"Q9UNS2","COPS3",-0.0558,0.503,0.614,FALSE,FALSE,FALSE,0,"COP9 signalosome complex subunit 3"
"Q9UNX4","WDR3",0.626,0.00405,0.0179,FALSE,FALSE,FALSE,0,"WD repeat-containing protein 3"
"Q9UNZ2","NSFL1C",-0.139,0.111,0.195,FALSE,FALSE,FALSE,0,"NSFL1 cofactor p47"
"Q9UPN9","TRIM33",-0.193,0.0539,0.114,FALSE,FALSE,FALSE,0,"E3 ubiquitin-protein ligase TRIM33"
"Q9UPT5","EXOC7",-0.0195,0.832,0.883,FALSE,FALSE,FALSE,0,"Exocyst complex component 7"
"Q9UPT8","ZC3H4",-0.271,0.0135,0.0402,FALSE,FALSE,FALSE,0,"Zinc finger CCCH domain-containing protein 4"
"Q9UQ35","SRRM2",0.0334,0.729,0.805,FALSE,FALSE,FALSE,0,"Serine/arginine repetitive matrix protein 2"
"Q9UQ80","PA2G4",-0.132,0.0931,0.171,FALSE,FALSE,FALSE,0,"Proliferation-associated protein 2G4"
"Q9UQB8","BAIAP2",0.802,4.77e-06,0.000651,FALSE,FALSE,FALSE,0,"BAR/IMD domain-containing adapter protein 2"
"Q9UQE7","SMC3",-0.0186,0.789,0.849,FALSE,FALSE,FALSE,0,"Structural maintenance of chromosomes protein 3"
"Q9UQN3","CHMP2B",-0.0328,0.865,0.907,FALSE,FALSE,FALSE,0,"Charged multivesicular body protein 2b"
"Q9Y221","NIP7",0.611,0.0169,0.0474,FALSE,FALSE,FALSE,0,"60S ribosome subunit biogenesis protein NIP7 homolog"
"Q9Y223","GNE",0.308,0.076,0.146,FALSE,FALSE,FALSE,0,"Bifunctional UDP-N-acetylglucosamine 2-epimerase/N-acetylmannosamine kinase"
"Q9Y224","RTRAF",-0.0612,0.592,0.694,FALSE,FALSE,FALSE,0,"tRNA-splicing ligase complex subunit RTRAF"
"Q9Y230","RUVBL2",0.101,0.197,0.304,FALSE,FALSE,FALSE,0,"RuvB-like 2"
"Q9Y237","PIN4",-0.486,0.00248,0.0132,FALSE,FALSE,FALSE,0,"Peptidyl-prolyl cis-trans isomerase NIMA-interacting 4"
"Q9Y241","HIGD1A",1.29,0.00568,0.0218,FALSE,FALSE,FALSE,0,"HIG1 domain family member 1A, mitochondrial"
"Q9Y244","POMP",0.551,0.000228,0.00388,FALSE,FALSE,FALSE,0,"Proteasome maturation protein"
"Q9Y248","GINS2",0.198,0.496,0.609,FALSE,FALSE,FALSE,0,"DNA replication complex GINS protein PSF2"
"Q9Y262","EIF3L",-0.0884,0.278,0.392,FALSE,FALSE,FALSE,0,"Eukaryotic translation initiation factor 3 subunit L"
"Q9Y263","PLAA",-0.0351,0.611,0.71,FALSE,FALSE,FALSE,0,"Phospholipase A-2-activating protein"
"Q9Y265","RUVBL1",-0.0398,0.56,0.667,FALSE,FALSE,FALSE,0,"RuvB-like 1"
"Q9Y266","NUDC",0.155,0.0924,0.17,FALSE,FALSE,FALSE,0,"Nuclear migration protein nudC"
"Q9Y276","BCS1L",0.682,0.00551,0.0215,FALSE,FALSE,FALSE,0,"Mitochondrial chaperone BCS1"
"Q9Y277","VDAC3",0.56,0.00114,0.00864,FALSE,FALSE,FALSE,0,"Non-selective voltage-gated ion channel VDAC3"
"Q9Y281","CFL2",0.177,0.147,0.242,FALSE,FALSE,FALSE,0,"Cofilin-2"
"Q9Y282","ERGIC3",0.368,0.0163,0.0462,FALSE,FALSE,FALSE,0,"Endoplasmic reticulum-Golgi intermediate compartment protein 3"
"Q9Y285","FARSA",-0.0447,0.607,0.707,FALSE,FALSE,FALSE,0,"Phenylalanine--tRNA ligase alpha subunit"
"Q9Y287","ITM2B",-0.308,0.0223,0.0578,FALSE,FALSE,FALSE,0,"Integral membrane protein 2B"
"Q9Y295","DRG1",-0.234,0.0292,0.0711,FALSE,FALSE,FALSE,0,"Developmentally-regulated GTP-binding protein 1"
"Q9Y2A7","NCKAP1",-0.0735,0.309,0.426,FALSE,FALSE,FALSE,0,"Nck-associated protein 1"
"Q9Y2B0","CNPY2",0.303,0.0345,0.0806,FALSE,FALSE,FALSE,0,"Protein canopy homolog 2"
"Q9Y2H5","PLEKHA6",-0.0605,0.435,0.551,FALSE,FALSE,FALSE,0,"Pleckstrin homology domain-containing family A member 6"
"Q9Y2K7","KDM2A",0.259,0.115,0.201,FALSE,FALSE,FALSE,0,"Lysine-specific demethylase 2A"
"Q9Y2L1","DIS3",-0.222,0.0591,0.121,FALSE,FALSE,FALSE,0,"Exosome complex exonuclease RRP44"
"Q9Y2P8","RCL1",0.369,0.0235,0.0602,FALSE,FALSE,FALSE,0,"RNA 3'-terminal phosphate cyclase-like protein"
"Q9Y2Q3","GSTK1",0.0865,0.59,0.693,FALSE,FALSE,FALSE,0,"Glutathione S-transferase kappa 1"
"Q9Y2Q5","LAMTOR2",-0.396,0.121,0.208,FALSE,FALSE,FALSE,0,"Ragulator complex protein LAMTOR2"
"Q9Y2Q9","MRPS28",0.573,0.00373,0.0171,FALSE,FALSE,FALSE,0,"Small ribosomal subunit protein bS1m"
"Q9Y2R0","COA3",0.389,0.0373,0.0861,FALSE,FALSE,FALSE,0,"Cytochrome c oxidase assembly factor 3 homolog, mitochondrial"
"Q9Y2R4","DDX52",0.211,0.0655,0.131,FALSE,FALSE,FALSE,0,"Probable ATP-dependent RNA helicase DDX52"
"Q9Y2R5","MRPS17",0.437,0.0416,0.0938,FALSE,FALSE,FALSE,0,"Small ribosomal subunit protein uS17m"
"Q9Y2R9","MRPS7",0.738,0.00021,0.00378,FALSE,FALSE,FALSE,0,"Small ribosomal subunit protein uS7m"
"Q9Y2S7","POLDIP2",0.63,0.00304,0.015,FALSE,FALSE,FALSE,0,"Polymerase delta-interacting protein 2"
"Q9Y2T2","AP3M1",-0.0781,0.374,0.493,FALSE,FALSE,FALSE,0,"AP-3 complex subunit mu-1"
"Q9Y2T3","GDA",-0.185,0.145,0.24,FALSE,FALSE,FALSE,0,"Guanine deaminase"
"Q9Y2U8","LEMD3",0.425,0.000581,0.00612,FALSE,FALSE,FALSE,0,"Inner nuclear membrane protein Man1"
"Q9Y2V2","CARHSP1",-0.594,0.00263,0.0138,FALSE,FALSE,FALSE,0,"Calcium-regulated heat-stable protein 1"
"Q9Y2W1","THRAP3",-0.154,0.0564,0.117,FALSE,FALSE,FALSE,0,"Thyroid hormone receptor-associated protein 3"
"Q9Y2W2","WBP11",-0.056,0.414,0.532,FALSE,FALSE,FALSE,0,"WW domain-binding protein 11"
"Q9Y2W6","TDRKH",0.194,0.127,0.217,FALSE,FALSE,FALSE,0,"Tudor and KH domain-containing protein"
"Q9Y2X3","NOP58",0.453,0.0158,0.0451,FALSE,FALSE,FALSE,0,"Nucleolar protein 58"
"Q9Y2Z0","SUGT1",-0.102,0.211,0.32,FALSE,FALSE,FALSE,0,"Protein SGT1 homolog"
"Q9Y2Z4","YARS2",0.553,0.00821,0.0278,FALSE,FALSE,FALSE,0,"Tyrosine--tRNA ligase, mitochondrial"
"Q9Y2Z9","COQ6",0.759,0.00408,0.0179,FALSE,FALSE,FALSE,0,"Ubiquinone biosynthesis monooxygenase COQ6, mitochondrial"
"Q9Y305","ACOT9",0.561,0.00194,0.0113,FALSE,FALSE,FALSE,0,"Acyl-coenzyme A thioesterase 9, mitochondrial"
"Q9Y312","AAR2",-0.0996,0.559,0.666,FALSE,FALSE,FALSE,0,"Protein AAR2 homolog"
"Q9Y314","NOSIP",-0.0472,0.692,0.776,FALSE,FALSE,FALSE,0,"Nitric oxide synthase-interacting protein"
"Q9Y315","DERA",-0.108,0.316,0.433,FALSE,FALSE,FALSE,0,"Deoxyribose-phosphate aldolase"
"Q9Y316","MEMO1",0.0955,0.262,0.376,FALSE,FALSE,FALSE,0,"Protein MEMO1"
"Q9Y320","TMX2",0.63,0.00184,0.0109,FALSE,FALSE,FALSE,0,"Thioredoxin-related transmembrane protein 2"
"Q9Y333","LSM2",-0.217,0.186,0.29,FALSE,FALSE,FALSE,0,"U6 snRNA-associated Sm-like protein LSm2"
"Q9Y365","STARD10",-0.586,0.000367,0.00471,FALSE,FALSE,FALSE,0,"START domain-containing protein 10"
"Q9Y371","SH3GLB1",-0.107,0.156,0.255,FALSE,FALSE,FALSE,0,"Endophilin-B1"
"Q9Y376","CAB39",0.227,0.0398,0.0907,FALSE,FALSE,FALSE,0,"Calcium-binding protein 39"
"Q9Y383","LUC7L2",-0.24,0.00808,0.0276,FALSE,FALSE,FALSE,0,"Putative RNA-binding protein Luc7-like 2"
"Q9Y394","DHRS7",0.481,0.00432,0.0184,FALSE,FALSE,FALSE,0,"Dehydrogenase/reductase SDR family member 7"
"Q9Y399","MRPS2",0.349,0.0628,0.126,FALSE,FALSE,FALSE,0,"Small ribosomal subunit protein uS2m"
"Q9Y3A2","UTP11",0.965,0.00161,0.0103,FALSE,FALSE,FALSE,0,"Probable U3 small nucleolar RNA-associated protein 11"
"Q9Y3A3","MOB4",0.125,0.505,0.616,FALSE,FALSE,FALSE,0,"MOB-like protein phocein"
"Q9Y3A5","SBDS",-0.0355,0.674,0.763,FALSE,FALSE,FALSE,0,"Ribosome maturation protein SBDS"
"Q9Y3A6","TMED5",0.435,0.0102,0.0327,FALSE,FALSE,FALSE,0,"Transmembrane emp24 domain-containing protein 5"
"Q9Y3B2","EXOSC1",0.217,0.0164,0.0463,FALSE,FALSE,FALSE,0,"Exosome complex component CSL4"
"Q9Y3B3","TMED7",0.0721,0.497,0.61,FALSE,FALSE,FALSE,0,"Transmembrane emp24 domain-containing protein 7"
"Q9Y3B4","SF3B6",0.404,0.00184,0.0109,FALSE,FALSE,FALSE,0,"Splicing factor 3B subunit 6"
"Q9Y3B7","MRPL11",0.537,0.0141,0.0415,FALSE,FALSE,FALSE,0,"Large ribosomal subunit protein uL11m"
"Q9Y3B8","REXO2",0.143,0.0848,0.159,FALSE,FALSE,FALSE,0,"Oligoribonuclease, mitochondrial"
"Q9Y3B9","RRP15",0.413,0.0123,0.0375,FALSE,FALSE,FALSE,0,"RRP15-like protein"
"Q9Y3C0","WASHC3",-0.5,0.0049,0.02,FALSE,FALSE,FALSE,0,"WASH complex subunit 3"
"Q9Y3C1","NOP16",0.51,0.000133,0.00312,FALSE,FALSE,FALSE,0,"Nucleolar protein 16"
"Q9Y3C4","TPRKB",-0.523,8.29e-05,0.00251,FALSE,FALSE,FALSE,0,"EKC/KEOPS complex subunit TPRKB"
"Q9Y3C6","PPIL1",-0.158,0.138,0.232,FALSE,FALSE,FALSE,0,"Peptidyl-prolyl cis-trans isomerase-like 1"
"Q9Y3C8","UFC1",-0.158,0.0455,0.0998,FALSE,FALSE,FALSE,0,"Ubiquitin-fold modifier-conjugating enzyme 1"
"Q9Y3D0","CIAO2B",0.207,0.263,0.376,FALSE,FALSE,FALSE,0,"Cytosolic iron-sulfur assembly component 2B"
"Q9Y3D3","MRPS16",0.41,0.0577,0.119,FALSE,FALSE,FALSE,0,"Small ribosomal subunit protein bS16m"
"Q9Y3D5","MRPS18C",0.287,0.00968,0.0315,FALSE,FALSE,FALSE,0,"Small ribosomal subunit protein bS18m"
"Q9Y3D7","PAM16",0.706,0.0149,0.0432,FALSE,FALSE,FALSE,0,"Mitochondrial import inner membrane translocase subunit TIM16"
"Q9Y3D8","AK6",0.519,0.000914,0.00758,FALSE,FALSE,FALSE,0,"Adenylate kinase isoenzyme 6"
"Q9Y3D9","MRPS23",0.663,0.000533,0.00586,FALSE,FALSE,FALSE,0,"Small ribosomal subunit protein mS23"
"Q9Y3E0","GOLT1B",0.166,0.0844,0.158,FALSE,FALSE,FALSE,0,"Vesicle transport protein GOT1B"
"Q9Y3E1","HDGFL3",0.373,0.0256,0.0641,FALSE,FALSE,FALSE,0,"Hepatoma-derived growth factor-related protein 3"
"Q9Y3E5","PTRH2",0.223,0.0891,0.165,FALSE,FALSE,FALSE,0,"Peptidyl-tRNA hydrolase 2, mitochondrial"
"Q9Y3E7","CHMP3",-0.315,0.00286,0.0144,FALSE,FALSE,FALSE,0,"Charged multivesicular body protein 3"
"Q9Y3F4","STRAP",-0.0751,0.405,0.523,FALSE,FALSE,FALSE,0,"Serine-threonine kinase receptor-associated protein"
"Q9Y3I0","RTCB",0.00183,0.978,0.986,FALSE,FALSE,FALSE,0,"RNA-splicing ligase RTCB"
"Q9Y3P9","RABGAP1",-0.0783,0.291,0.407,FALSE,FALSE,FALSE,0,"Rab GTPase-activating protein 1"
"Q9Y3Q3","TMED3",-0.181,0.147,0.243,FALSE,FALSE,FALSE,0,"Transmembrane emp24 domain-containing protein 3"
"Q9Y3T9","NOC2L",0.536,0.0161,0.0458,FALSE,FALSE,FALSE,0,"Nucleolar complex protein 2 homolog"
"Q9Y3U8","RPL36",0.146,0.129,0.22,FALSE,FALSE,FALSE,0,"Large ribosomal subunit protein eL36"
"Q9Y3Y2","CHTOP",-0.159,0.0846,0.158,FALSE,FALSE,FALSE,0,"Chromatin target of PRMT1 protein"
"Q9Y3Z3","SAMHD1",-0.22,0.0592,0.121,FALSE,FALSE,FALSE,0,"Deoxynucleoside triphosphate triphosphohydrolase SAMHD1"
"Q9Y446","PKP3",0.0446,0.669,0.758,FALSE,FALSE,FALSE,0,"Plakophilin-3"
"Q9Y490","TLN1",-0.256,0.00536,0.0211,FALSE,FALSE,FALSE,0,"Talin-1"
"Q9Y4B5","MTCL1",0.19,0.0348,0.081,FALSE,FALSE,FALSE,0,"Microtubule cross-linking factor 1"
"Q9Y4C8","RBM19",0.536,0.00266,0.0139,FALSE,FALSE,FALSE,0,"Probable RNA-binding protein 19"
"Q9Y4E8","USP15",0.0485,0.599,0.7,FALSE,FALSE,FALSE,0,"Ubiquitin carboxyl-terminal hydrolase 15"
"Q9Y4F1","FARP1",-0.126,0.478,0.593,FALSE,FALSE,FALSE,0,"FERM, ARHGEF and pleckstrin domain-containing protein 1"
"Q9Y4K1","CRYBG1",-0.171,0.0493,0.106,FALSE,FALSE,FALSE,0,"Beta/gamma crystallin domain-containing protein 1"
"Q9Y4L1","HYOU1",0.462,0.00229,0.0125,FALSE,FALSE,FALSE,0,"Hypoxia up-regulated protein 1"
"Q9Y4P3","TBL2",0.229,0.0271,0.067,FALSE,FALSE,FALSE,0,"Transducin beta-like protein 2"
"Q9Y4R8","TELO2",0.16,0.132,0.224,FALSE,FALSE,FALSE,0,"Telomere length regulation protein TEL2 homolog"
"Q9Y4W2","LAS1L",0.209,0.0457,0.1,FALSE,FALSE,FALSE,0,"Ribosomal biogenesis protein LAS1L"
"Q9Y4W6","AFG3L2",0.437,0.0101,0.0324,FALSE,FALSE,FALSE,0,"Mitochondrial inner membrane m-AAA protease component AFG3L2"
"Q9Y4X5","ARIH1",-0.106,0.339,0.456,FALSE,FALSE,FALSE,0,"E3 ubiquitin-protein ligase ARIH1"
"Q9Y4Y9","LSM5",0.184,0.322,0.439,FALSE,FALSE,FALSE,0,"U6 snRNA-associated Sm-like protein LSm5"
"Q9Y4Z0","LSM4",-0.14,0.255,0.369,FALSE,FALSE,FALSE,0,"U6 snRNA-associated Sm-like protein LSm4"
"Q9Y508","RNF114",0.334,0.173,0.275,FALSE,FALSE,FALSE,0,"E3 ubiquitin-protein ligase RNF114"
"Q9Y512","SAMM50",0.419,0.0144,0.0421,FALSE,FALSE,FALSE,0,"Sorting and assembly machinery component 50 homolog"
"Q9Y520","PRRC2C",0.0054,0.945,0.965,FALSE,FALSE,FALSE,0,"Protein PRRC2C"
"Q9Y530","OARD1",-0.484,0.00945,0.031,FALSE,FALSE,FALSE,0,"ADP-ribose glycohydrolase OARD1"
"Q9Y570","PPME1",-0.252,0.0212,0.0556,FALSE,FALSE,FALSE,0,"Protein phosphatase methylesterase 1"
"Q9Y5A9","YTHDF2",0.111,0.354,0.472,FALSE,FALSE,FALSE,0,"YTH domain-containing family protein 2"
"Q9Y5B9","SUPT16H",0.124,0.145,0.241,FALSE,FALSE,FALSE,0,"FACT complex subunit SPT16"
"Q9Y5J1","UTP18",0.715,0.00575,0.022,FALSE,FALSE,FALSE,0,"U3 small nucleolar RNA-associated protein 18 homolog"
"Q9Y5J6","TIMM10B",0.517,0.00858,0.0288,FALSE,FALSE,FALSE,0,"Mitochondrial import inner membrane translocase subunit Tim10 B"
"Q9Y5J7","TIMM9",0.642,0.000832,0.00717,FALSE,FALSE,FALSE,0,"Mitochondrial import inner membrane translocase subunit Tim9"
"Q9Y5J9","TIMM8B",0.526,0.000952,0.00778,FALSE,FALSE,FALSE,0,"Mitochondrial import inner membrane translocase subunit Tim8 B"
"Q9Y5K5","UCHL5",0.106,0.155,0.254,FALSE,FALSE,FALSE,0,"Ubiquitin carboxyl-terminal hydrolase isozyme L5"
"Q9Y5K6","CD2AP",0.0341,0.656,0.748,FALSE,FALSE,FALSE,0,"CD2-associated protein"
"Q9Y5K8","ATP6V1D",-0.208,0.173,0.275,FALSE,FALSE,FALSE,0,"V-type proton ATPase subunit D"
"Q9Y5L0","TNPO3",-0.319,0.00946,0.031,FALSE,FALSE,FALSE,0,"Transportin-3"
"Q9Y5L4","TIMM13",0.555,0.000735,0.00678,FALSE,FALSE,FALSE,0,"Mitochondrial import inner membrane translocase subunit Tim13"
"Q9Y5M8","SRPRB",0.757,0.000357,0.00463,FALSE,FALSE,FALSE,0,"Signal recognition particle receptor subunit beta"
"Q9Y5P4","CERT1",-0.0691,0.492,0.605,FALSE,FALSE,FALSE,0,"Ceramide transfer protein"
"Q9Y5P6","GMPPB",-0.0771,0.362,0.48,FALSE,FALSE,FALSE,0,"Mannose-1-phosphate guanylyltransferase catalytic subunit beta"
"Q9Y5Q8","GTF3C5",-0.052,0.481,0.596,FALSE,FALSE,FALSE,0,"General transcription factor 3C polypeptide 5"
"Q9Y5Q9","GTF3C3",0.0195,0.815,0.87,FALSE,FALSE,FALSE,0,"General transcription factor 3C polypeptide 3"
"Q9Y5S2","CDC42BPB",0.184,0.0314,0.0752,FALSE,FALSE,FALSE,0,"Serine/threonine-protein kinase MRCK beta"
"Q9Y5S9","RBM8A",-0.0348,0.718,0.795,FALSE,FALSE,FALSE,0,"RNA-binding protein 8A"
"Q9Y5X2","SNX8",0.0824,0.331,0.448,FALSE,FALSE,FALSE,0,"Sorting nexin-8"
"Q9Y5X3","SNX5",-0.188,0.0545,0.114,FALSE,FALSE,FALSE,0,"Sorting nexin-5"
"Q9Y5Y0","FLVCR1",0.763,2.64e-05,0.00147,FALSE,FALSE,FALSE,0,"Choline/ethanolamine transporter FLVCR1"
"Q9Y5Y2","NUBP2",-0.0755,0.549,0.657,FALSE,FALSE,FALSE,0,"Cytosolic Fe-S cluster assembly factor NUBP2"
"Q9Y5Z4","HEBP2",-0.33,0.00526,0.0208,FALSE,FALSE,FALSE,0,"Heme-binding protein 2"
"Q9Y606","PUS1",0.126,0.252,0.367,FALSE,FALSE,FALSE,0,"Pseudouridylate synthase 1 homolog"
"Q9Y617","PSAT1",0.119,0.142,0.237,FALSE,FALSE,FALSE,0,"Phosphoserine aminotransferase"
"Q9Y618","NCOR2",-0.323,0.028,0.0688,FALSE,FALSE,FALSE,0,"Nuclear receptor corepressor 2"
"Q9Y619","SLC25A15",0.256,0.0453,0.0995,FALSE,FALSE,FALSE,0,"Mitochondrial ornithine transporter 1"
"Q9Y624","F11R",0.573,0.000813,0.00712,FALSE,FALSE,FALSE,0,"Junctional adhesion molecule A"
"Q9Y639","NPTN",0.569,0.00102,0.00805,FALSE,FALSE,FALSE,0,"Neuroplastin"
"Q9Y653","ADGRG1",0.717,0.00277,0.0142,FALSE,FALSE,FALSE,0,"Adhesion G protein-coupled receptor G1"
"Q9Y666","SLC12A7",0.269,0.101,0.181,FALSE,FALSE,FALSE,0,"Solute carrier family 12 member 7"
"Q9Y673","ALG5",0.773,0.000105,0.00276,FALSE,FALSE,FALSE,0,"Dolichyl-phosphate beta-glucosyltransferase"
"Q9Y676","MRPS18B",0.37,0.0201,0.0534,FALSE,FALSE,FALSE,0,"Small ribosomal subunit protein mS40"
"Q9Y678","COPG1",-0.142,0.0695,0.137,FALSE,FALSE,FALSE,0,"Coatomer subunit gamma-1"
"Q9Y679","AUP1",0.56,0.0203,0.0536,FALSE,FALSE,FALSE,0,"Lipid droplet-regulating VLDL assembly factor AUP1"
"Q9Y696","CLIC4",-0.116,0.493,0.606,FALSE,FALSE,FALSE,0,"Chloride intracellular channel protein 4"
"Q9Y697","NFS1",0.57,0.00128,0.00915,FALSE,FALSE,FALSE,0,"Cysteine desulfurase"
"Q9Y6A4","CFAP20",-0.18,0.104,0.184,FALSE,FALSE,FALSE,0,"Cilia- and flagella-associated protein 20"
"Q9Y6A5","TACC3",0.114,0.268,0.382,FALSE,FALSE,FALSE,0,"Transforming acidic coiled-coil-containing protein 3"
"Q9Y6A9","SPCS1",0.397,0.0117,0.036,FALSE,FALSE,FALSE,0,"Signal peptidase complex subunit 1"
"Q9Y6B6","SAR1B",-0.181,0.0829,0.156,FALSE,FALSE,FALSE,0,"Small COPII coat GTPase SAR1B"
"Q9Y6C9","MTCH2",0.547,0.0037,0.0169,FALSE,FALSE,FALSE,0,"Mitochondrial carrier homolog 2"
"Q9Y6D5","ARFGEF2",-0.085,0.311,0.427,FALSE,FALSE,FALSE,0,"Brefeldin A-inhibited guanine nucleotide-exchange protein 2"
"Q9Y6D6","ARFGEF1",0.183,0.0484,0.105,FALSE,FALSE,FALSE,0,"Brefeldin A-inhibited guanine nucleotide-exchange protein 1"
"Q9Y6D9","MAD1L1",0.0075,0.94,0.961,FALSE,FALSE,FALSE,0,"Mitotic spindle assembly checkpoint protein MAD1"
"Q9Y6E0","STK24",0.0412,0.53,0.639,FALSE,FALSE,FALSE,0,"Serine/threonine-protein kinase 24"
"Q9Y6E2","BZW2",0.0539,0.634,0.729,FALSE,FALSE,FALSE,0,"eIF5-mimic protein 1"
"Q9Y6G9","DYNC1LI1",-0.177,0.0748,0.145,FALSE,FALSE,FALSE,0,"Cytoplasmic dynein 1 light intermediate chain 1"
"Q9Y6H1","CHCHD2",0.991,4e-05,0.00173,FALSE,FALSE,FALSE,0,"Coiled-coil-helix-coiled-coil-helix domain-containing protein 2"
"Q9Y6I3","EPN1",-0.315,0.00667,0.0243,FALSE,FALSE,FALSE,0,"Epsin-1"
"Q9Y6I9","TEX264",0.565,0.00183,0.0109,FALSE,FALSE,FALSE,0,"Testis-expressed protein 264"
"Q9Y6K0","CEPT1",0.562,0.00774,0.0268,FALSE,FALSE,FALSE,0,"Choline/ethanolaminephosphotransferase 1"
"Q9Y6K5","OAS3",-0.397,0.00555,0.0215,FALSE,FALSE,FALSE,0,"2'-5'-oligoadenylate synthase 3"
"Q9Y6M1","IGF2BP2",0.116,0.133,0.226,FALSE,FALSE,FALSE,0,"Insulin-like growth factor 2 mRNA-binding protein 2"
"Q9Y6M4","CSNK1G3",0.0272,0.751,0.823,FALSE,FALSE,FALSE,0,"Casein kinase I isoform gamma-3"
"Q9Y6M7","SLC4A7",0.863,0.000169,0.00334,FALSE,FALSE,FALSE,0,"Sodium bicarbonate cotransporter 3"
"Q9Y6M9","NDUFB9",0.449,0.00367,0.0168,FALSE,FALSE,FALSE,0,"NADH dehydrogenase [ubiquinone] 1 beta subcomplex subunit 9"
"Q9Y6N5","SQOR",0.344,0.0141,0.0415,FALSE,FALSE,FALSE,0,"Sulfide:quinone oxidoreductase, mitochondrial"
"Q9Y6Q5","AP1M2",-0.0405,0.593,0.695,FALSE,FALSE,FALSE,0,"AP-1 complex subunit mu-2"
"Q9Y6U3","SCIN",-0.437,0.02,0.0533,FALSE,FALSE,FALSE,0,"Scinderin"
"Q9Y6W5","WASF2",-0.141,0.166,0.266,FALSE,FALSE,FALSE,0,"Actin-binding protein WASF2"
"Q9Y6X5","ENPP4",0.189,0.399,0.517,FALSE,FALSE,FALSE,0,"Bis(5'-adenosyl)-triphosphatase ENPP4"
"Q9Y6Y0","IVNS1ABP",-0.553,0.0084,0.0283,FALSE,FALSE,FALSE,0,"Influenza virus NS1A-binding protein"
"Q9Y6Y8","SEC23IP",0.083,0.668,0.757,FALSE,FALSE,FALSE,0,"SEC23-interacting protein"
