Protein ID,2D_1,2D_2,2D_3,3D_1,3D_2,3D_3
A0AV96,24.133005144139762,24.22129667238834,24.254882284261736,23.994517106498392,23.950668642347377,24.0110813427633
A0AVT1,23.228633909675317,23.188426459008923,23.213678429464824,23.230911562693308,23.371220028634973,23.447753954386997
A0FGR8,25.21270357628879,25.1282122783048,24.89969508870087,24.930607053412615,24.955679524957652,24.799823093457242
A0MZ66,22.118123163633403,21.920513326714115,22.074216446515926,22.500122796282877,22.498241029477864,22.174580885712835
A1L0T0,24.16017410992762,24.499051591312703,24.000521529103253,23.762238872337562,23.86112421058426,23.733504870597162
A1L3X0,22.293718883615277,22.64849604958003,22.15354120838708,21.230311039644917,21.065712278467657,21.115621696779037
A3KMH1,22.970136529604797,23.43052107989007,23.073184301481632,22.57563976234615,22.63381961878614,22.526464255459054
A3KN83,21.77002051869414,21.57643613768882,21.572467089967127,21.257560777181943,21.309350892395475,21.54740471261746
A5YKK6,23.10912588184856,23.11318289177032,23.15517337542821,23.36173231890033,23.319547956510764,23.23602645823243
A6NDG6,23.910884964626437,23.92647842838096,23.947410250666856,23.821458895112713,23.91686460335319,23.82682300306272
A6NHR9,23.534708128453442,23.58918159519656,23.588585749153655,23.50392422052303,23.383314582767696,23.42979734940486
A8MWD9,26.074297306991312,26.417477556053985,26.3573472552305,26.15569260203316,26.39668973096562,26.856866116886067
C9JI98,21.709926791283213,21.367371449609745,21.45139350018861,21.71483159410175,21.76716042176566,21.78880426475777
C9JLW8,21.41721446340832,21.226901337620532,21.418678760482024,21.833538772695345,21.74939514042267,21.969133532839916
E9PAV3,26.313297869199904,26.214741693822358,26.301909618011045,26.34512433640694,26.27875045904672,26.02298745249738
E9PRG8,23.196031437514346,23.076869733625692,23.115375188411953,22.850660711948784,22.66442362937492,22.898490680023144
O00116,24.178291005181716,24.401973718220926,24.155647751316927,23.844478785570267,23.7681575646594,23.85597463877105
O00139,23.080114704251077,23.1317638797371,23.076097443001224,23.158009895106314,23.086325770049406,23.030828926348043
O00148,24.390285877109708,24.358127603799097,24.19266034132192,24.100552626818757,24.09970977828073,24.01797157403333
O00151,24.595244959012145,24.50791147783459,24.53751702224916,24.72975152384767,24.777398102919744,24.553138960952268
O00154,24.33907700347033,24.05863340766997,24.228244016415044,24.128013678807953,24.010541081473136,24.008939935054585
O00159,23.950177553047318,24.180951559150802,23.98256620044995,23.758609446382774,24.04173049623945,23.838946136582308
O00161,23.28812624967484,23.08207024449382,23.62143697881551,23.228895002912488,23.55261363696697,23.506795207190763
O00170,24.48500366322609,24.47851153998133,24.438087874314313,24.594174002448778,24.6757363400353,24.589320830586924
O00178,22.29834202297757,22.345619784740553,22.27611318530438,22.558293296325324,22.59859129685563,22.51387792024953
O00186,24.494284791440784,24.526963737181095,24.40322089548263,24.506639785189588,24.39477942275126,24.35140325041269
O00193,24.573588367324867,24.085522381881457,23.761723578882634,24.648354948583194,24.380649449783988,24.227766782243194
O00194,23.62102093817481,23.794727000543205,23.566383916724533,23.698505124950103,24.000987874015188,23.643127569856905
O00203,23.698450545508518,23.81794907539212,23.869158726052934,23.94793179214582,23.804090341903525,23.865251954727253
O00214,22.161336586995475,21.82534787806931,21.724940451432925,22.08105947595154,21.857409852244377,21.324182469818147
O00217,26.30983949212508,26.430912534411828,26.43009741612734,26.750251332534127,26.974389512260448,26.848437721505448
O00231,26.436728695629505,26.356263220362155,26.482386756727028,26.52983446087699,26.587968261197513,26.586776121218683
O00232,24.848999751837244,24.840551286299664,24.944673014258125,24.992553400133367,25.04540456479087,25.01620707576388
O00233,23.94740284839652,23.91526778573464,23.953831883056523,24.014099836960884,23.962272867592663,24.098836406102233
O00244,25.917346081583887,26.00561444166447,26.083148778439593,26.03012742411947,25.956458581929823,25.849547223019908
O00264,25.927614318548947,26.221163598064116,25.748807159199178,25.28639926779131,25.36839069302497,25.41532083436965
O00267,23.22312527436529,23.196594322725165,23.16892960473157,23.301182734951755,23.36980073061032,23.27662026919281
O00273,24.510679309017288,24.385345560106792,24.399450177549845,24.45858496545562,24.483692667022364,24.3939838727024
O00299,28.12600996590068,28.228305678236975,28.242930585354816,28.347157568610484,28.457202127384274,28.35489881882034
O00303,24.888146617145942,24.81857174344806,24.913808598137845,24.76898185134705,24.868981139446298,24.87447252629556
O00330,22.533159197135,22.994721322214126,22.496964679916562,21.96758870833503,21.95220083765301,22.348898447098634
O00391,23.153937598201384,23.19921177900638,22.942828391263262,23.30258830689398,23.156996677136867,23.01178824173869
O00401,25.68241975421058,25.59061891386628,25.79467842123062,25.74465843500119,25.53943703371514,25.838756906463264
O00410,25.03628782809861,25.085392222650928,25.192397724189117,24.99463302792656,24.92809082216167,25.021982943901044
O00422,23.113107680027138,23.661456062749657,23.065147712121693,23.366569014296687,23.50774710416683,23.056735936632744
O00425,25.44856955732613,25.496884550647522,25.44129734334092,25.58995179398369,25.6488582845893,25.605126237016403
O00429,22.78957622918953,22.779504761185272,22.826218339805536,22.771103244735595,22.80964626901737,22.938516512448885
O00442,22.109644172567027,21.96377918012374,22.023932313472585,21.75030483054911,22.539006363549813,21.875777093904464
O00443,22.281777814418206,22.436957770499305,22.21109112356257,22.32296828363793,22.488093384657443,22.486171295364
O00461,24.72677476405171,24.838852005392813,24.686392377767255,24.603742351241316,24.520606931833846,24.456809973568213
O00468,22.974381678173586,23.2667712453256,23.074554886816316,22.939103710063748,22.949825019102683,23.05662729728707
O00469,25.078602090896148,25.34306721916907,24.80971024173386,25.298391949974246,25.696793262059277,25.181725070228048
O00471,22.48961292353404,22.150964649719402,22.494006026624604,22.39360635636416,21.940798020605566,22.2680920530865
O00483,24.873163867254473,24.74072995377037,24.57418189033888,25.189631020654147,24.662244605750512,24.717913483102773
O00487,24.97300431862669,25.039267150023683,25.10892623206038,25.07358933811563,24.946193271156943,25.113458263677657
O00499,23.40914086383117,23.131288335846712,23.323280070361673,23.1805731460213,22.78372435592607,23.224554048037643
O00505,23.37185811794205,23.294094705953214,23.311204085781803,23.19685677730529,23.139070872404872,23.09257747148967
O00515,25.643607687839953,25.294229074801592,25.57176479297579,25.500366096862308,25.384340179173094,25.484704478927384
O00541,24.966771484966603,25.53718106847829,25.041829069627155,24.64701874264173,24.617124508424613,24.559304497205414
O00560,22.8811565402519,23.03451655418097,22.814927604589865,23.377657092712735,23.252892192643497,23.189788672957842
O00566,24.038571581747842,24.568576504337052,24.06079041470256,23.309151019770376,23.379963035045506,23.487760929216204
O00567,25.3377194806385,25.928652552547238,25.35310643267701,25.033533402297977,25.137384491210373,24.970145747512493
O00571,26.466480916646027,26.570236599160538,26.6671268135459,26.389021421282013,26.321804778056485,26.476846768647246
O00625,23.641399121965424,23.684458105579836,23.863196318862585,24.673022719727292,24.68977888303433,24.714643597663315
O00629,25.328745041051913,25.201329240259813,25.44636573923628,25.088314005403213,25.083858604309363,25.26694856158926
O00712,22.479560602820285,22.83318716958042,22.26156010543867,21.973874183806366,22.028826401816936,21.880694895658138
O00743,23.10173784644532,23.273408759207555,23.00013792349295,23.079374588649223,22.935061250562978,22.980951287176158
O00754,22.68040470404252,22.65915624014714,22.716230842183844,22.740535523479366,22.604026838312613,22.73136357586727
O00762,23.4502418026097,23.5454435286676,23.654574847496654,23.332429156544467,23.273697013945732,23.201598088334766
O00764,26.1372457143572,26.245451011341757,26.065349567909905,25.846285486174942,26.043084539150744,25.871959930409272
O00767,25.70041320611039,26.28009791887276,25.505820153499638,24.54094047158479,24.76980385173471,25.0274575542725
O14497,22.516985086862302,22.492387809764114,22.426334633960316,22.33084112684805,22.239226158815868,22.544314776905644
O14530,22.209894020137153,22.316051119723305,22.603762043084366,22.52301054909126,22.762945136837274,22.648264092426192
O14548,24.47133386741797,24.88955130908666,24.404784263208523,24.159022864082157,24.109340968793223,23.990340056932475
O14561,25.50083209562184,25.684351301255987,25.478091306052765,25.325428713261886,25.534359645122233,25.39367757366329
O14562,22.23594716331347,22.28099853460016,22.528488092366494,22.62384354434351,22.772966809658723,22.612026948787882
O14578,22.18307332438363,22.645966427543176,23.040957046195466,22.348771100719585,22.127095863337157,22.50830763937545
O14579,26.025847378799778,25.821908490837608,25.818458378181138,26.032514899465333,25.978022304408775,25.83130564894998
O14617,23.839049779551853,23.735008687241386,23.81649377012097,23.744837634743195,23.79800846087273,23.798086007791408
O14618,22.60635358741417,22.211322136073573,22.39306870941548,22.78931602794668,22.671079175813833,22.889928812048392
O14639,23.72960964586896,23.810882735814047,23.69491841892305,23.894385840105496,23.94061810575904,23.906304176119928
O14646,22.80238481878103,22.968133530584392,22.788205839538907,22.21721092143654,22.335235500232976,22.205587002263915
O14647,23.04389572136581,22.878680636054458,22.278462219775232,23.662570810842585,22.84953567433452,22.837401377956354
O14653,23.819723517000615,23.612904933431167,23.522881881074806,23.34082439498807,23.28238458850431,23.2928362491495
O14672,24.78162465504857,25.266437279832203,24.868157232088887,24.33029803515046,24.35501147290134,24.341982403909146
O14732,21.12163418438197,21.002105594147306,21.250860357470113,21.569558136747904,21.387923444451875,21.618307303610287
O14737,25.23748496999516,25.144415993134757,25.255028425702328,25.30550974397074,25.14100633816567,25.258847639016075
O14744,25.048106831602478,25.089726218013173,25.024140695201666,25.024704883108523,25.076659698457355,24.951228323012003
O14745,25.846006420928713,25.54168924047768,25.51329171148768,25.572118818377945,25.432554452329384,25.447079946215883
O14773,25.045675185977778,25.132529067961688,24.883560247292174,25.151815860982364,24.79476100508874,24.83962439183743
O14776,23.729421905752723,23.70263371184082,23.779035889572977,23.729039296679183,23.68794672719034,23.679212258226595
O14777,22.277509046428285,21.919440501356085,22.647103527271547,22.493404600108782,22.553616170539136,22.147706146363078
O14791,23.845374043234628,23.97579742505812,23.692230987450444,24.02863724223085,24.043401990831306,24.144956448158183
O14818,26.152036750057235,26.248456652270608,26.279217573597087,26.24203830124661,26.319250765983828,26.36645929354076
O14828,25.719699957252043,25.5057115648986,25.65348834288516,25.80837967290448,25.90781020325943,25.86438652226584
O14874,22.350851663162835,22.955692205287896,22.336852064966372,22.442712332647304,22.577232419483863,22.093926058554462
O14880,24.917692757508686,25.543174519145115,24.8398787514574,24.865479747993405,24.9876746461646,25.01018472262845
O14907,22.608177990291033,22.614963429550162,22.732202937166615,21.818367318697934,22.636456244024423,22.458656049879007
O14908,25.141243235196853,25.41311977959323,25.525861041665046,25.223341698883086,25.012403574351048,25.33827393410329
O14925,23.047475756763948,23.33324940922234,23.2863871403231,22.678967463225174,22.647895012759356,22.570187746439093
O14929,24.844973879059896,24.890085743271325,24.95109400521978,24.921228324679504,24.77644467936876,24.876965583196537
O14936,24.25199042591979,24.650437584142747,24.261610317458068,23.8005562268558,23.91907026110489,24.095836748424134
O14949,24.51520727107868,24.695146076052154,24.384201823541993,24.385207432545347,24.23783358009726,24.53733204997517
O14950,27.689191591376623,27.835204503449635,27.662755273686226,27.72716761016876,27.86551422537766,27.843394648679723
O14964,23.159305179085063,23.213912290310205,23.134279345296953,23.149519522482358,23.180750378320568,23.260276379852048
O14974,23.420376097975225,23.22404231444903,23.402421660375158,23.413380398025236,23.52091584346319,23.56597783014659
O14975,23.120755197399127,23.304190592100785,23.067689394414963,22.664252714650335,22.36408027092883,22.534662064616313
O14976,22.082182508408774,22.252879491550765,22.394728928830347,22.602166812084967,22.787366259840773,22.561200528435826
O14979,26.276489787737805,26.321885270571716,26.28242025859498,26.368031938242886,26.334137785923044,26.17615865076339
O14980,25.51685960643023,25.47464952546598,25.60240969814406,25.732396112715517,25.717868730154546,25.660106256427174
O15020,22.263130053680747,22.244414068492564,22.467023995494177,22.280508421307,22.083871910462978,21.98131321485843
O15027,22.83834162858898,22.502962151308285,22.93029257262603,23.08428174479475,23.113787623389946,23.174921416848555
O15031,23.984880044110557,24.23614531943212,24.07159705768403,23.517242503931286,23.49338615272521,23.66692675529671
O15042,24.226849315072222,24.03839977245275,24.288167940014265,24.310578668565135,24.289845258191512,24.299932264619553
O15067,24.531271030413265,24.311235550510787,24.567772644597586,24.301298999445002,24.255659229415574,24.305328545178398
O15084,23.56652687938626,23.358721079956158,23.23021339621346,23.44159091230861,23.150163925856873,22.810299108812398
O15091,21.782295115910827,22.598194517553996,22.280684269665073,21.932563505414187,22.022227764727376,21.44039716565839
O15116,25.122576443238557,24.939528371003853,25.228124208769117,25.245794511164235,25.1538279216688,25.175569803551696
O15118,23.222613475813446,23.253363497313515,23.012142158274635,22.14145701735903,22.167037391206815,22.36947980155298
O15126,23.540989999711158,23.137132493830897,23.27021860596561,23.717941923507293,23.789238306733644,23.74751149023523
O15127,25.120757569999554,25.145305598274994,25.176616553017166,25.39276247798347,25.43184544698421,25.199473982555958
O15143,25.66539046261213,25.818687001193137,25.75117161550822,25.792343993312144,25.919767065471863,25.880887782295407
O15144,25.474799336271403,25.648878960615534,25.476867683990058,25.61476004813633,25.639451946408343,25.644445268295883
O15145,26.49453734883437,26.52511954694289,26.440371316912206,26.421501925151155,26.569781020242697,26.60320241842282
O15160,23.583870112076887,23.588489562869754,23.815670594668823,23.536200252194547,23.69363817466673,23.5936261452679
O15162,24.073643432463843,23.762755603590946,24.05089569294908,23.773969805343818,23.44550595064376,23.53207490637213
O15173,24.967112512827022,25.362114922389974,24.877346861482767,24.43406288446737,24.726756577748795,24.833644078660438
O15195,24.602677233309308,24.436101126254535,24.54506474376605,24.462622836295477,24.62022955964898,24.388951155824255
O15212,25.234679166996813,24.918204765867866,25.192533779376433,25.108200754101798,24.97138629156984,24.87224388589574
O15213,23.14542859718569,23.887578463530048,23.298882037858174,22.471801710563987,22.58240216020666,22.282604039266268
O15226,22.052091379962587,22.193406545117497,22.045409731064673,21.915604868695173,21.734991451752084,21.667059899478048
O15228,22.143257081783094,22.361748246008307,22.08866565172952,22.01277933026345,22.044162455763605,21.934628524193506
O15230,23.98583403459938,24.100468251830446,24.15349652267345,24.01367025117347,24.083237459824005,24.50455570729354
O15231,24.284822970859953,24.094250240824383,24.063426023689473,23.67179057962332,23.714709409682794,23.71982349495273
O15234,23.074628052659655,23.10019006815263,22.978370154452342,22.872501859201535,22.783951507823744,22.87531252441475
O15235,22.87032699462221,22.852856262130686,22.67087901676747,22.610108372757544,22.5446263181029,22.714364282358307
O15258,23.94761241606521,24.187268093663366,24.291374062090537,23.69022715237013,24.097274577981437,23.89128235077455
O15260,24.84763393928767,25.301631411163406,25.083539382106544,24.797448100081525,25.07741701857781,24.81988320717292
O15264,21.776825963798228,21.868145153029566,22.197705788623434,22.393318309365483,22.358855597682915,22.46789679905063
O15269,26.1787265034662,26.208453772326575,26.29268683274141,25.76199377340762,25.74992772054763,25.87822261466803
O15270,23.384345713122368,23.651869036036413,23.591932717496377,23.042615076684832,23.145475088353933,23.13749792648553
O15294,24.717537536101425,24.722917569817696,24.76728066902935,24.502626914207635,24.618734879684517,24.613518474265586
O15305,24.72695806918407,24.61338897445129,24.716883604629928,24.80886148937797,24.840472435062093,24.781259147073236
O15321,22.935092822811946,23.37176428334021,23.014036650564893,22.98485892791598,23.03085788166317,22.970823936134302
O15327,23.848224822890884,23.751131101170852,23.695770647299277,23.325799933998773,23.34361514900597,23.26338125314338
O15344,23.195764177785048,22.990564339867234,23.05983326134099,22.977851469683422,22.73696401192495,22.842957776643672
O15347,25.44438164496321,25.51963973185591,25.60138026720957,25.12936949705739,25.073654054982786,25.07340726549812
O15355,24.794862419133914,24.812977807062648,24.843616419327404,24.792545466404228,24.705642616482482,24.73496063815197
O15371,25.313964824462737,25.45363260692518,25.376044421350823,25.396088508152882,25.473037193234397,25.421566128880706
O15372,25.125558828993938,25.26912967616002,25.011116158352493,24.901955756605556,24.9534623014633,24.996026808173816
O15379,21.98200148244668,21.604439437246697,21.594123737700656,21.943371356439258,21.96531892637725,21.764034520691567
O15382,24.758281883051882,25.1226700397624,24.7133402577253,24.336283306130102,24.429727637671775,24.349160396881402
O15400,23.00064255605232,22.86231848902501,22.6526048524212,22.981687209555663,23.11534788066918,22.81878664979081
O15427,23.07661142518422,23.41493976682722,23.213049619985078,23.28299760958394,23.257393022396133,23.255039954968996
O15438,23.725737882720132,24.115272622935514,23.770534954705266,24.915727325341237,24.980564969345554,24.841361830740738
O15446,23.22230082538276,23.056491031808704,23.158796109576098,22.956313404981053,22.865216172905978,22.831501222660012
O15460,23.034810378638817,23.365867858352065,22.88238678994406,23.334725289873155,23.61227290585505,23.185488269965965
O15484,23.409808748959797,23.946173901821002,23.224379761007523,23.696403226594466,23.941434889376332,23.775562962287925
O15498,23.332168249305912,23.483172068834882,23.492169081754767,23.540368706436688,23.461965729331887,23.516320661675884
O15511,25.730159449010824,25.8032780922034,25.77999221004407,25.954031286369432,25.75441249706921,25.94052890160782
O15533,23.12879658766873,23.694064304867094,23.403441179660057,23.304612712699452,23.158604603658066,23.319823832350266
O15551,24.61538874205615,23.840464943490133,24.576616048635763,24.434182538829013,24.286639398870395,24.53317666751828
O43143,25.51943007636903,25.5960511252458,25.640020256799726,25.622415392107047,25.632417621851747,25.59303532484946
O43148,24.044150946666935,23.8953914873949,23.89884150096784,24.138658347069967,24.243788059003986,24.09255489026575
O43156,22.10482635129065,22.264720913457804,22.55995758897604,22.32856906558153,22.178799928374236,22.305296672991194
O43159,22.410757344550714,22.372776603844187,22.351015772632152,22.314794809961228,22.29639366122794,22.6022842951962
O43169,25.894341613640634,26.360020870555307,25.859994703899314,25.426076857420043,25.481339686076854,25.447422160748673
O43172,23.474330669355204,23.479934537225194,23.481328783431966,23.53904932982576,23.542199305792906,23.450657893847687
O43175,25.740137008742835,25.789902235405965,25.762092396001812,26.046828256323703,26.08122993736393,26.16101759906556
O43181,22.67057618696828,22.88107772969472,22.794108632339732,22.880052239806375,23.029051607625583,22.967705072535953
O43237,23.14618595227829,23.080065407561282,22.86730570280195,23.071903389081985,23.043333899825512,23.28109265919702
O43242,25.462063365596208,25.58603046156959,25.692842777725645,25.80194700061067,25.78214959180724,25.847678283066937
O43252,24.215826536311123,24.321817746598537,24.396555657609515,24.510998198108844,24.625463159515444,24.677464915158676
O43264,24.854787457767294,24.968781207583014,24.781540715473355,24.800281209694987,24.72879617100413,24.892358449599467
O43290,23.924949924645933,23.89960824998288,23.926682100546167,23.971165762069504,24.050465800058852,23.85676184667096
O43291,25.4280458749976,25.450165707611802,25.18809732841634,24.41292719132686,24.328364852351523,24.521597804057947
O43292,24.31017299372605,24.709248341045747,24.473548827114232,24.02291263584772,24.178147671926382,24.166706025342464
O43294,23.66068906468836,23.718906683013856,23.05997647063446,22.73421272604022,23.794602574747486,23.43252584393889
O43324,24.470385312568048,24.574347067440915,24.488438512773207,24.390640912164596,24.54209477953869,24.36988684085952
O43390,26.156988309074052,26.164168317241646,26.05690805619885,25.99235851627685,26.08231295752739,26.075338695147273
O43395,23.93710293883919,23.87307438385127,23.94746830812063,23.916715933325467,23.90122211636062,23.80491867289089
O43396,26.529107490341108,26.67059650005319,26.672558308782822,26.893094896721507,26.93893284630638,26.95951038408492
O43399,26.678683087966196,26.458092378081645,26.673102700156306,26.735499522923483,26.683584175380208,26.640450355951234
O43402,23.997204036216335,24.71057083024663,23.99305533498262,23.43096904922031,23.705858254782814,23.446371418954907
O43447,22.799388746329253,22.696907689949917,22.625828994284355,22.53759107560823,22.748766731930264,22.725837403260478
O43464,22.931618702105794,23.17065692678188,22.76725914651604,22.44587732602448,22.765965893021725,22.537824111536562
O43488,24.59686662059776,24.42340499441483,24.61498656222955,24.69542977387632,24.567193309534204,24.618911832441373
O43490,21.685716153254386,21.692789920091172,21.504961517161767,22.827632282974374,23.038509290683553,22.376409337427994
O43491,24.962405266064508,24.99600076694009,24.854651176966602,24.724777994289568,24.714805921561968,24.666347220517512
O43504,23.331307603965243,23.297810759865712,23.103749623604237,23.510647802521845,23.83076663295799,23.427338039061073
O43520,21.916295274484906,22.09032438265003,21.65481693439879,21.489748267335028,21.091757675634945,21.336943159951563
O43583,24.079991866134186,24.0194168132607,23.88305584194166,24.194564352492495,24.177598526666262,24.16330048408828
O43592,22.637589143194443,22.649818940615116,22.720040052005203,22.830668195235504,22.78923273373291,22.684861600449448
O43598,24.785777512073878,24.619207227986518,24.75625670041888,25.140628454462263,25.2811419129295,24.913823112427306
O43615,23.097883281420998,23.515891573980905,23.06278053966698,22.590004809311804,22.598238028885202,22.569879707424914
O43617,23.14172034221056,23.04113924872947,22.96737104549952,23.237028440527677,23.206851312156232,23.30738441357373
O43633,23.014086382407655,22.41628134339433,23.199835267554253,23.165809439383427,22.919474399527388,23.33162401708418
O43639,21.389610964678788,21.47933251938096,21.67099019326163,22.000982202461437,21.969310629449645,21.893258271168065
O43657,21.647473138830915,21.81965178220221,21.92821021720824,21.844028054888685,21.880800551265686,22.281881648875085
O43660,23.38790556930394,23.442091918585962,23.577245906137303,23.422213271314497,23.430707888908604,23.53914839594904
O43663,22.550304093747457,22.81568622833926,22.839603633651997,22.414758645458495,22.535302315064197,22.397311270082234
O43670,24.18165956536427,24.040922441829753,24.1273682777438,24.113397692726917,24.105697064909986,23.930080112660782
O43674,24.53386236149061,24.912732490944755,24.33533732981763,24.151369645487023,24.10467568977156,24.253487142392846
O43676,23.17590203259938,23.95478825307738,23.439377921766514,23.246242185671285,23.276878073803616,23.362027276475416
O43678,23.008849002630438,23.079390866162438,22.991348320350408,23.374369314215176,23.31773457249013,23.06393976805671
O43681,24.053848344555977,24.203872653333338,24.201099539256518,24.110723997620568,24.095698503601927,24.1287014214747
O43684,24.778320213388053,24.638824652023526,24.845916672330038,24.95427442168272,24.95748069973897,25.061516309424253
O43707,29.844460599380536,29.75462280932299,29.71134602500919,29.560947412565323,29.566886923416018,29.54107663290475
O43708,22.295869805491368,22.702292342339277,22.075343184021634,22.583015834876846,22.623464479284397,22.580469171225335
O43715,23.015346308203256,23.048154737426692,23.22223227203102,22.91207578451845,22.715896444766933,22.551258588338467
O43716,22.25908363323627,22.86348918825485,22.290510521431617,21.999640855526,21.540740001240962,21.58209704010835
O43719,23.69450593125878,23.69943996740666,23.649273612983116,23.695631334311216,23.892312771105882,23.947445299455303
O43747,23.872970715130947,24.109286283306947,24.154984168356194,24.213930528972796,24.25416563105008,24.22769907562512
O43760,23.468478374876316,23.496235491903057,23.156230779064433,23.429816117372866,23.358020929285242,23.27539961484201
O43765,25.931325544910436,25.99944903437572,26.022055988015275,25.999268286268695,25.828423482391955,25.85457342552276
O43768,24.90424826658231,24.32671625495946,24.534156571725735,25.10641054313189,24.727259370550335,25.029028178420166
O43776,25.985462225329755,25.99372158937839,26.058757747561817,26.222395910123147,26.353804598048672,26.27812183755414
O43795,24.441334074393232,24.676681099169524,24.609057868692602,24.101666523504594,23.90945896714632,24.2145137480238
O43809,25.322891426382164,25.45549002528077,25.479645091858643,25.53559765557915,25.580323787777967,25.551175726141988
O43813,22.81623427682992,22.79563711406017,22.851943912144904,23.280201272401882,23.35815148707497,23.355267340805796
O43815,23.85279284112905,23.7225156171613,23.922029380873347,23.652348825640438,23.724769773130507,23.817389381181876
O43818,23.205660228591594,23.669172270637574,23.06397695065145,22.85520287785227,22.744670546567118,22.819222897011688
O43823,22.179652189111426,21.80180275486035,22.142150071196465,22.098574291315362,22.043412838366343,22.102968693396672
O43837,23.917412236422305,24.314260858074647,23.946283776957625,23.497062047745665,23.223380884602697,23.532167911498302
O43847,24.009685638153094,23.95620127725343,23.961366317835846,24.091122518639214,23.95559146896087,24.04762236111299
O43852,26.344256959934384,26.483239153140673,26.202740040655552,25.682981300366837,25.648099154128563,25.785644031445727
O43865,24.66798359815675,24.70991604575193,24.741805691382993,24.969780234288972,24.941547722876354,24.913759850964862
O43920,22.785728131666435,23.265538076676474,23.22366178264016,22.98222645595643,23.088539981169074,23.357933705267985
O60216,23.44672023703522,23.447913455524898,23.390667674015447,23.549027982686212,23.438230931419078,23.345759454180328
O60218,25.12888868054569,25.083991660323264,25.21998361258756,25.48014686711527,25.225692725125494,25.62274357907333
O60220,24.109760527232204,24.34145923635542,24.085462409597696,23.63670150078974,23.470138889051345,23.527874869644204
O60231,22.024788144071703,22.02109417720893,22.013704322916404,21.982786821778767,21.991367352106987,21.946322262516436
O60232,23.70288096933089,23.45722404977093,23.58418424133104,23.281832137464036,23.24853493689619,23.069350768608533
O60256,22.862114607032563,22.883963178669333,22.829164589923252,23.11511479122555,23.039087891217264,23.26804963571793
O60264,24.562536144327137,24.69348568133764,24.64233280271559,24.428292947637832,24.44630755238647,24.35957142870041
O60271,23.14683339943563,23.154541249558534,23.093055787803777,23.03992173248774,23.048409210448238,23.18172977069418
O60292,20.512092385892544,20.930909828669012,20.072708213556403,20.76947476475221,20.78984897717274,20.770509689933807
O60306,22.91550477691793,22.79905489389907,22.95113136639092,22.6043231476524,22.694837460785852,22.898629062921795
O60313,24.631317070981112,24.977743361409967,24.709703747270744,24.31903919794134,24.307899798803142,24.38467955545915
O60341,23.219385982482336,23.26283279941733,23.414887135610837,23.26812204441265,23.399547183078802,23.455695198605323
O60343,21.498707435087113,21.3698086098452,21.384087834886863,21.592064522675823,21.551325719659385,21.518160971472724
O60422,21.965232672411165,22.664191288920748,22.174752304049463,21.22060670673019,21.040202750387294,21.03246738792162
O60427,22.464631123257714,22.145530284952876,22.554371507783483,22.391685043219702,22.179477099813386,22.342288616571725
O60437,25.64315587157577,25.6002160104254,25.552836990444916,25.001978506997514,25.13677025356733,25.122687889549233
O60449,22.66314241549665,22.999492906036277,22.877449654540477,22.708604216445828,22.970030036552984,22.83586883834316
O60476,22.315297050494337,22.567174389021904,22.500967424040603,22.299594710225026,22.196792856231195,22.588646362661656
O60488,27.337153752532746,27.48827425005584,27.265121109356393,26.833302713492515,26.759704164728983,26.862091851825696
O60493,23.770523663241978,23.907529495787134,23.92280858333182,23.97576402026897,23.859264908699718,24.097671944003178
O60502,23.253860033327918,24.434945165793543,23.201161025818823,23.590010979072574,23.46149406061458,23.452601335260347
O60506,26.6032619114932,26.702313455691264,26.70940380533575,26.608182531484683,26.66760161065419,26.556831020971124
O60524,22.05230551985562,22.00063447644444,21.934873889680276,22.225508426044726,21.81966838617288,21.787538658599956
O60547,24.461667285974123,24.373595613053677,24.428945767342007,25.448632567730552,25.475668130188136,25.301402136212783
O60568,23.91719331742484,24.10444902810272,23.771532287429068,23.523110722662214,23.489441796499122,23.34719190924735
O60573,21.921837669045818,22.15282684430596,22.638208411127138,22.134972722517453,22.289500691598754,22.34830091561455
O60610,26.090006588072935,26.108025989878026,26.162454602577945,26.206690558376373,26.257224996281742,26.300961066716727
O60613,23.268325112132384,23.269304919097067,23.209588119362873,23.613644478117617,23.76631143347449,23.973373045319843
O60645,25.171211927626427,25.515561132777407,25.51407971321822,25.773619656064774,25.723435868180317,25.746143703981943
O60664,24.92338071652141,24.82657273133755,24.871130106843474,25.21225732153398,25.255834243692224,25.166198258282396
O60678,22.8130953723866,22.76510962355317,22.813725421898212,22.415031608861028,22.163088225004387,22.301694200746468
O60684,23.63224009883603,23.682227271765626,23.80120746774417,23.582421226634633,23.626073501207188,23.614160068784077
O60701,25.70874912220418,25.78822406419681,25.98893383697172,26.13509120247771,26.205794442353376,26.259239121119414
O60716,25.945782710541224,26.223217431864494,25.937339603570514,25.759439814492932,25.850780777358327,25.761783829342964
O60725,22.256952825121036,21.996652777292677,22.07238550018196,21.334073288793356,21.24405902913628,20.983095617569138
O60739,22.687322283348387,22.97953657922849,22.81886767014287,22.612963296812136,22.866431408243045,22.668305694641155
O60749,24.576983873624858,24.512088912751018,24.602215981687152,24.80687142238485,24.633943862044802,24.66120758350013
O60762,23.86400019654403,24.41454201817843,23.952763194157757,23.709543898180048,23.79968972051274,23.669124249337777
O60763,23.931850949241394,23.80437241384219,23.68827976727165,24.04715420675122,23.98762859226635,23.994929651148368
O60783,22.16903270887967,22.536683926684226,22.394046956992216,22.342159600018967,22.084069541076758,22.428921366987506
O60784,22.027173536213244,21.75467721447974,21.652612707567258,22.427548150167063,22.494161594535303,22.004246702560526
O60825,22.73161776592691,22.715554114908606,22.868165994525725,22.99428920699064,23.28529341588876,22.97266634589597
O60826,22.20156907459817,22.26260802650544,22.20864710882612,22.140438812359353,22.260602012302893,22.203813074126405
O60828,23.22809807293619,23.15910449930241,23.355038097110683,23.32490074285648,23.107517852650805,23.144565828671297
O60832,24.50541058701053,24.770459743828336,24.52177522153873,24.42040038626704,24.426849793035345,24.49536259035023
O60841,25.337161750836863,25.310071869313273,25.35635162016798,25.320513704403165,25.424390959271623,25.337181559211906
O60869,25.25620336057096,25.220807984491383,25.3118942117007,25.43169958766441,25.59079072723811,25.565936006958918
O60879,21.69111568907874,21.406353049816428,21.20806809355249,21.811106730183546,21.58416841030263,21.218907168114058
O60884,24.220529925103765,24.554205901610338,24.394663388748175,24.561157983711485,24.627049110265787,24.560537620718215
O60885,22.94295417700065,22.84662761901733,23.059187818194808,23.03740736602459,22.84762667595254,22.873586045125442
O60888,24.708674724333612,24.83382828771228,24.65224388529808,25.122945265242326,25.21691788839842,24.967991018441293
O60925,25.243908896650623,24.96878867671678,25.15518897425099,25.12263354968796,25.148521966701054,25.14470079180614
O60927,21.84258314312735,21.813082255664572,21.83860965902972,22.103720174292757,22.126185972899275,22.09752455198212
O60934,21.884967994158835,21.757690311681408,21.88570158589506,22.156701876112734,22.04891303439712,22.135224705908936
O60936,21.106168974787042,21.360981002096707,21.063328059089226,21.458406212701473,21.67294408326331,21.67755784338606
O75027,21.769650222589146,22.03210106518862,21.78030166360765,21.796531682682197,21.59267214033922,21.40340867230434
O75063,22.63185257897497,23.030891213225,22.62010793410731,22.763028138477775,22.630786917677785,22.564542020491846
O75083,26.670936593693412,26.462971085236084,26.517521230494705,26.41820733079844,26.53441854293519,26.459917966127474
O75110,22.10138151710017,22.232222844461685,21.807587934817526,21.802209786357984,22.181885787153735,22.031972556066698
O75116,22.7386871791912,22.809944620595108,22.999273362321816,22.712715902507238,22.63121225511337,22.66763068141804
O75131,24.33480342838702,24.627545573157818,24.368808161941953,24.33922192992917,24.249940514048976,24.382255005356853
O75146,24.680143259820525,24.674319225751667,24.72826951764304,24.670177214585642,24.576942483583142,24.599184955675582
O75150,22.697980122910987,22.472924683775183,22.451541029210095,22.649549372359708,22.58541520267943,22.97943540079188
O75152,22.375986641133075,22.22223197717086,22.467522840575224,22.255995266881563,22.360637745573236,22.421251374868856
O75153,23.457642014640268,23.525206070316948,23.79832702944545,23.35823239208811,23.25042116932532,23.54176461581393
O75165,23.84635981155765,23.86013114411345,23.86475036179553,24.086736203572155,24.03055483213756,24.029860777287055
O75175,22.239025219509234,21.915755841150308,22.106131905165082,22.29621005323499,22.30408375413986,22.51549652730851
O75208,22.53517438264821,23.059438702304753,22.45230019404424,22.080972652383327,22.098231799995144,22.46903660634919
O75223,24.77489320433082,24.609882894461617,24.62029467600975,24.93404922340749,24.88779290669823,24.88050510336186
O75251,22.521655907391143,23.043030455244573,22.8947430255163,23.17802195861189,23.01041968688408,23.08920508591371
O75306,24.132961856720136,24.287096284862184,24.15058711916764,24.080177502214887,24.0852871789935,24.154665781106
O75312,22.478828116013123,22.352443020761026,22.2173427336036,22.185385881464885,22.094068984865554,22.039341290712322
O75323,24.916603874098247,25.53393577119582,25.12086061617981,24.58048124751407,24.73564185573059,24.8120237151101
O75340,25.505149232274622,25.669921368980805,25.483473231711024,25.700592219003727,25.70691425875979,25.57026442738678
O75347,26.575372099768867,26.13887657376545,26.29598621875214,26.55990444953429,26.595755900007973,26.56022101154292
O75348,24.232482849894684,23.912113804340276,23.85443393796635,23.58490024165818,23.418147932728512,23.71013010015684
O75351,24.30251969934392,24.548299596523922,24.439572210772496,24.52323015589416,24.692570063474435,24.713983320212662
O75352,22.731941601746072,22.9540985765482,22.58333060931379,22.12075140123033,21.940403146196903,22.59180662873124
O75367,27.486368821727357,27.72964903188963,27.624378276952925,27.595752002334933,27.46909434960376,27.28218364937123
O75368,25.075272176553934,24.826764729797087,24.956689345984874,25.405463386856148,25.687705331821544,25.490710373339194
O75369,27.21634696517113,27.185511521881157,27.08550388393955,26.520480147441027,26.59014696418304,26.573651752023018
O75380,23.27680965218088,23.667953830906857,23.461286462526573,23.813992801495527,23.57188292679551,23.79821814446834
O75390,26.50106172713516,26.991359588045704,26.556695688139758,26.10599995674509,26.141192318873316,26.17739657351855
O75396,24.79272884302889,24.55806739848421,24.661768531258396,24.725534556619444,24.735009720537562,24.417697380205706
O75400,24.671953047524173,24.5988237704094,24.437086585312844,24.315676414407573,24.272378766904442,24.243885949895272
O75410,22.744282310010984,22.49949386691714,22.625108828890394,22.47036905115455,22.38366118700474,22.363618925968463
O75431,24.021487162463924,24.469859020070395,24.148426153256214,23.791101566701748,23.79305383994183,23.84782764658874
O75436,24.326430584381914,24.18195143335147,24.231270994726152,24.32033603327835,24.426307117806584,24.43639550019759
O75439,23.6127108216579,23.94020998862616,23.62785690260701,22.9899752954806,22.941164859102102,23.103396032096825
O75475,24.763329296028925,24.85379249257997,24.796165891575445,24.83149194474353,24.8463332193896,24.7828646708032
O75477,24.41135090242703,24.460557884153445,24.314722908763617,23.74222235501543,23.85071840944117,23.764170218146994
O75489,24.631517576730396,25.039882753658766,24.79810252553789,24.75386380406386,24.808680839329966,24.86977314262594
O75494,25.499999002428194,25.97463269792233,25.7332850493381,25.58851106523531,25.717431479370752,25.64763145206982
O75521,21.20467561263973,21.460398399984477,20.544138293520103,21.228372593013283,21.12769463490449,21.225140345770384
O75525,22.69757561491511,22.533071842045068,22.783893374727562,23.31454604422406,22.992304960745756,22.60997169271951
O75531,27.681671557011363,27.666786362180765,27.654073051488552,27.2737138365119,27.474135093751226,27.296667034178522
O75533,24.961455700150964,24.917703864329127,24.923798245030113,24.97148645732162,25.017436945829523,24.99419389288381
O75534,23.974441548774426,23.99026032464817,24.106251259552685,23.973299903183772,23.92928748911081,24.062525460127883
O75569,24.920086302764705,24.958768456460863,25.04134683127916,25.082874420134168,25.151660583738053,24.997474116701657
O75607,24.85959525784381,24.980389771969588,24.83602318681204,24.965548365714543,24.862235615180243,24.949273522421603
O75608,24.63823614651926,24.896926861357528,24.591988512536783,24.51050848969324,24.600904256261117,24.501130384660033
O75616,22.38685396319697,22.797076483816113,22.59766443736142,21.549186215487616,21.28519324216099,21.43528467422878
O75629,23.80428397682991,24.188422384014675,24.07270621848972,23.758401550904427,23.816566814386437,23.803208905702977
O75643,25.318004656031917,25.311779352194723,25.315407760435868,25.229604661799293,25.327065209222766,25.224159516877
O75663,24.124896398908742,24.177257866427265,24.192737236201864,24.23726934384557,24.19781045542054,24.322062647838663
O75676,21.807456024658485,21.76461671444722,21.92812225809135,21.736193061435756,21.5421610158113,21.71579298991797
O75683,22.92127109886506,22.638931456548985,23.156294207903528,22.357487438369358,22.42094952663903,22.374642598294642
O75688,23.6755832346834,23.547447288293696,23.64260394297065,23.666352422089247,23.65765296571857,23.68815680757882
O75689,23.026549782832117,23.101471288971013,23.040900040493433,23.297272863010807,23.39736167370435,23.318271654448754
O75691,23.990100327358398,24.40157120647348,23.798823187712532,23.272294040226594,23.371274144242584,23.037876850638497
O75694,23.494477196879025,23.609875682180384,23.623273457943206,23.444802714718485,23.408374707139004,23.439756203194577
O75695,23.037887069696577,23.33606410524007,23.004104026517922,23.032964000045066,22.691615104180133,22.827572201133766
O75717,23.400111485091173,23.038220908291844,23.239718116106122,23.13957773746747,22.801221285041848,22.98419095790129
O75718,21.66658116433239,21.685801901446023,21.514219223515582,20.88674505806124,21.244529046968633,20.855710423664746
O75746,23.74973575333168,23.65913881479979,23.45810593031769,23.101822948531627,22.528639390203693,22.790845517318026
O75787,23.705705676884822,23.744338570749473,23.188100272132075,22.906630350921173,22.819993197017173,22.709155348984293
O75792,22.705923414441212,22.51498391211475,22.37857996489457,22.451231238575875,22.369872334237815,22.39904526549936
O75794,21.637147325444353,21.79332626872351,22.10381204135319,21.74381602117068,21.505868140637585,21.714522026165618
O75821,25.391864234649635,25.380261754781436,25.444115822476526,25.485782762777504,25.414097695014394,25.46725639665817
O75822,23.317710286639205,23.499437540585088,23.31978401137354,23.36103095029682,23.253261918631313,23.46260873360889
O75832,23.90843119591293,23.68111184710533,23.903266707525972,24.15097766091119,24.161694864450318,24.059065496370607
O75843,21.99773982310973,21.831558338519077,21.775967279240323,22.094806272563336,21.888113350125874,22.037926102481652
O75844,24.48077763054146,24.89819098942337,24.353642084175082,23.980169655558733,24.001065898582315,23.824932236374362
O75874,25.789374838527316,25.677248754840672,25.830758027177488,25.704602143816718,25.754597675917065,25.770676342556207
O75880,24.08579870843974,24.898658306142128,24.26483313981704,23.652403864290758,23.576621353361624,23.567111357549607
O75886,21.597804424728434,21.66317899396004,21.39600588209276,21.780525830767555,21.53548873429469,21.673940992789245
O75891,22.143443784673387,22.427137490609027,22.087283644432855,24.067820996466832,24.257533442826706,24.173441083535952
O75909,22.389927867129554,22.119694095838845,22.266085789157327,22.356648485649455,22.468521380794193,22.626189945041897
O75911,22.871497043979527,23.038646260500254,22.708848243250316,22.561016236617792,22.64094027164259,22.828589862896848
O75915,25.099216644858675,25.250000966265556,24.71976063093582,24.88867228290228,24.84724797617147,24.793820479019598
O75934,23.797936943884515,23.661980610327532,23.92039065773589,23.81344810874855,23.731163320456286,23.89813359083218
O75937,25.137546706383812,24.85260560911551,25.178561977080992,25.2999263972127,25.194259693124945,24.970339661080374
O75940,22.659224741503923,22.667544712547794,22.913809510990543,22.602878135230632,22.83803475781213,22.9362169202043
O75947,27.698027710087857,28.024753487807875,27.517523408068655,27.303846857664183,27.269933613453517,27.26175459555692
O75955,24.15771283430608,24.212715745614155,24.130066966177726,24.197139136518434,24.293471648838135,24.184629009627013
O75964,24.96862118308717,25.356811802779543,24.86954969734892,24.852320524092896,24.970643163809843,24.786812316056572
O75976,25.095071649007433,25.43984540127469,25.035963271283435,25.65119679959046,25.800447658121207,25.72500228897808
O76003,24.928365479256442,25.0167616245194,24.99193818809128,24.823748664604274,24.723857349669643,24.793335795356505
O76021,26.316916079650053,27.069431697371993,26.475178651276604,25.89132643932312,25.861999644621463,25.914555757370174
O76024,21.93099310778721,22.051850662712038,21.866898185825647,21.687780605387896,21.73710620032954,21.86498136927009
O76031,24.46064336840936,24.776003335795615,24.438905152480373,23.922003058314942,23.811339314225474,23.86765042772217
O76054,23.900407761474785,24.011559642263045,23.82363857202107,23.96444425613232,24.00866968487198,23.839195136367344
O76071,23.18237313514796,23.033704111955892,22.999289622778523,22.98223611928034,22.919479764240084,22.994913082591122
O76074,23.168439988923534,23.292588722643178,23.251769879407608,23.45421531559001,23.663000676052388,23.376500088350724
O76094,24.38881271629245,24.608001408571866,24.36535795537504,24.52691885774958,24.590934545962824,24.53814653232787
O76095,21.937173286657853,22.12423792491478,22.116761646936762,21.822957346482593,21.872958206770843,22.175176419746922
O94760,25.025814268367,25.05533523450194,24.94578556763978,25.15337761173169,25.121705507029578,25.079348218688057
O94776,23.220981965734705,23.318736421432046,23.40909643941052,23.199512399124824,23.224695935104915,23.213516766011175
O94788,25.017718639910314,24.98843271966623,25.139171916096913,25.303414409100967,25.315205476863362,25.237207188511714
O94826,24.165333792771776,24.2901838353456,24.200071682416205,24.04489701320207,24.03616220727417,24.016079353977652
O94832,24.37622768595108,24.570469662075435,24.408535123293714,24.615812806921966,24.662319263457633,24.632405750681613
O94842,21.754038825230772,21.896513677033173,21.843124023381876,21.930870135889855,21.68224658547294,21.987372207367315
O94854,23.09725351710023,22.939676412412158,22.92259891971302,22.68767255189206,22.665757912747335,22.66631579395601
O94874,23.04274414400401,23.158375163661766,23.180360833124592,23.26625682623613,23.178260302968123,23.339524379626265
O94880,22.172968404447158,22.22438785757745,22.14972200497448,22.150507479671308,22.34586920430108,21.989945854265645
O94886,22.432384768879956,22.89636853100308,22.685191181963486,22.74904898272327,22.801232536172208,22.830960587832124
O94888,23.236628694490708,22.665180294145124,23.010852631241008,23.169438781891806,23.38719340623372,23.193666572642258
O94901,23.22351213427894,23.58668920470789,22.88074273678839,22.155533958561946,22.234450402858688,21.988599679879044
O94903,24.85497659380605,24.868209900128242,24.67462450335953,24.87556741873298,24.881155886627546,24.768057083560763
O94905,25.408753690749425,25.55532413527277,25.196255867410265,24.69624762868121,24.892949823077284,24.888704422385292
O94906,23.79378665070709,23.871986712185286,23.737545059311604,23.905033731282515,23.856492684525154,23.77908570001087
O94919,23.529146700392307,23.613557366905248,23.52828073251989,23.236699486361125,23.263599602080898,22.842337873681007
O94925,24.90836412398715,25.236768669286477,24.735942898098223,23.968938929900265,23.93996133367434,24.02931958370111
O94973,24.595167772865057,24.902326807578486,24.641077467854895,24.89203162658683,24.971005124495754,24.881899706283214
O94979,23.693307220279245,23.702552551427274,23.72206767850901,23.9581623881942,23.968528376565683,23.96063603708282
O94992,24.176981629251422,23.91728566085319,23.854041512293538,24.07168788387244,24.085206607919012,24.093846613118128
O95049,21.873401867970706,21.481200286166338,21.5659665844753,21.10488248547674,21.65397609788318,21.513991134940007
O95071,22.561033722620873,22.70099101563147,22.642046843827014,23.04707863542646,22.742010233558467,22.548062718302806
O95104,24.671727962524532,24.859803286850156,24.872535676025645,24.810186513804254,24.978623361326644,24.711002285248064
O95139,24.5584731483206,25.01305596999703,24.844799705964572,24.415555074205386,24.082515674467643,24.041449107348804
O95149,21.978335918799203,21.828772200864986,22.063759106236006,22.126330150657584,21.804951768677046,21.989336632655366
O95154,23.660145872213086,23.833321535559072,23.764663988391348,23.738570297015468,23.946144534912424,23.821298503291192
O95159,23.78189184852031,23.84159323527819,23.690353985711216,23.834890528709618,23.83823860809245,24.03032160902118
O95163,21.408978831132963,21.094917549818682,21.387686317854374,22.19265883648886,22.164727737191026,22.61823963259103
O95168,23.730376637137674,24.0607620539588,23.780101477766593,23.976279085098056,23.812420293666573,23.69916616706473
O95169,23.6228591751495,23.81840761690978,23.611402078787012,23.656837473975663,23.698323256108267,23.439866764886066
O95182,22.857339796224352,23.230949517552386,22.988250065842273,23.248502508828793,23.28875626504456,23.278047695122723
O95197,25.87041805967797,26.050904616560157,25.666928271814427,25.51307359934679,25.696953310036882,25.518906074377814
O95202,25.280044486549958,25.633149784368623,25.315567936186838,24.863435685890302,24.766048316536843,24.851695101883525
O95218,23.129772111655004,23.006600363189396,23.04577448988819,23.480690619583903,23.398887312469355,23.53223118010113
O95232,23.34411558686098,23.43526101680769,23.478040188170894,23.50037363475568,23.637291738222405,23.523066201933833
O95239,22.29882681516443,21.71376289490708,21.560908774646826,21.67635441035256,21.461631318756808,21.609380765954988
O95249,22.795446278630195,22.549755061387174,22.755856903763384,22.94470223243274,22.613621773508424,22.841604559806804
O95292,25.84950064593819,25.55367165114537,25.91881184055202,25.646375666945744,25.527602878819398,25.383737378673143
O95294,21.637982861706284,21.71005976849466,21.7213127587231,22.51304539901635,22.581788109480858,22.589744398498564
O95297,22.283545093139153,22.71155701861972,22.124830312668298,21.85335669505954,21.745036001167662,21.810215644191683
O95298,23.730490971734856,24.14978370532189,23.68588240601966,23.751005208251957,23.785995065014436,23.52129910401121
O95299,24.432561397265108,24.740988364487535,24.37469897327761,24.30888309149774,24.18914543982994,24.338575358516504
O95302,23.385583598310173,23.448813392309596,23.202994544235438,23.144930939002325,23.32999843347951,23.33393753184343
O95336,23.539975929985093,23.676005365564453,23.63626560746598,23.70596991006809,23.71863686619864,23.6791493179764
O95347,24.84327050405401,24.78506387574249,24.91986215321402,24.688161931108592,24.515066592658897,24.794196505170305
O95352,22.127464791432462,21.39852947380898,21.347764358126582,22.320073067404444,22.40099848814089,22.432448745006393
O95361,22.83324325345372,22.747867213687545,22.794569756275056,22.23888327741813,22.266227225115806,22.272122862916667
O95372,24.352292410975508,24.46615825789257,24.50556674719184,24.809357767847022,24.98251101808574,24.920911792619272
O95373,25.168144762100887,25.243320008084016,25.35483880701242,25.033302172757725,25.048487372888097,25.147830493118576
O95394,22.432838657662682,22.144065226885303,22.414192430047702,22.784071861857726,22.885649273321803,22.799044713052215
O95396,22.05573720491129,21.779273300549594,21.951451494170847,22.404772701442386,22.475834344537624,22.51032388550877
O95400,23.43069768139028,23.28045928754023,23.548990954974446,23.246050632210146,23.243322768605953,23.09982789980422
O95425,22.796818126894266,22.65529159520901,22.48653087719858,22.530545408660767,22.64588773125748,22.561606563440915
O95429,23.587024016359365,23.674979052913645,23.643109399199997,23.47136153044531,23.63951349612097,23.551752728476288
O95433,26.362225676462433,26.263407473954633,26.435794708920533,26.394541915872757,26.239582068893437,26.330396554936677
O95453,22.667096595372534,22.449734049028603,22.75066845201422,22.918257185269056,23.018582238178737,23.095836104707114
O95456,23.93792000876022,23.87073843504401,24.016006219235557,23.7387513882084,23.719264410305566,23.926814368000244
O95470,24.56274690580603,24.90157365475119,24.52458917913157,24.190333349325172,24.21101252630719,24.233985892756362
O95478,23.83935902975989,24.346889034500276,23.789407974397527,23.200394425718887,23.225980378790766,23.31174942348752
O95479,22.024701755445708,22.515587479428635,21.89881879197611,22.229107775832286,22.702740756289305,22.33063709823945
O95486,23.14157831802148,23.197152937996364,23.286951382665364,23.357019951598733,23.163637546314856,23.195449859036803
O95487,21.770950761776596,21.845408425370092,21.753457324677235,21.815601100953497,21.944997418963986,21.77262434967799
O95563,23.648254106678305,23.873173068800742,23.472249070785224,22.831172303415045,22.587287780392767,23.145874011173778
O95571,27.08359892719366,27.282572350347724,27.034831825480765,26.53106311804697,26.66538466115876,26.79080043559641
O95573,25.659773451757005,25.881945295704583,25.57306431128988,25.23337677338509,25.097150137476802,25.077513835587855
O95602,23.64615754492333,23.763476811916078,23.83800608755298,23.549245897963058,23.536650611822672,23.47462341063135
O95630,23.32504888509961,23.35101078354791,23.40512574819945,23.64538830546955,23.585134931687534,23.58091385700851
O95639,22.455064159882888,22.219677111625085,22.37697587421166,22.463395402929862,22.470231007957178,22.409356361140603
O95721,23.091708646077276,23.01310011154105,23.09147800081971,23.15946918288996,23.11358655123128,23.130886929553288
O95747,24.46536649214283,24.572764633060515,24.456488779079898,24.695905381591764,24.775800945413298,24.632451681582754
O95749,24.111006846056767,22.85728777410608,22.090248615921283,23.148479685438982,22.428608724881684,22.43151086666225
O95757,24.58388697904475,24.590259804099187,24.698546137657154,24.605112895429006,24.717339536309957,24.512190691625232
O95758,23.39313759598255,23.323351408908877,23.440134131936336,23.49139244561222,23.37156968335421,23.268177740935723
O95777,25.13274226284689,25.041501161747018,24.921032691540024,25.119815182508667,25.14953239166406,25.41829491114009
O95782,25.50797618197794,25.49884786775254,25.508487907650174,25.487850519456984,25.635246275850953,25.408285550546864
O95793,24.312341093044655,24.36714276128063,24.462465702113416,24.383885795871265,24.396414940672283,24.385373342032146
O95801,22.007474233540243,21.838550648133623,22.237878645296295,21.370863399895626,21.609457961969984,21.968894382781365
O95816,24.550912789079977,24.638750646318886,24.44954981355467,24.39004388889147,24.270384020560066,24.355642657113027
O95819,22.832237370423215,22.721002679574706,22.91694640177334,22.42911758014374,22.748542775045046,22.751221631008654
O95825,22.031644334880315,21.871449872918586,21.680217340493808,22.070051317820283,22.151884902126156,22.338517418099045
O95831,24.792792180486106,25.1945131796253,24.83462207637644,24.49142743380734,24.495312324802185,24.599612561145104
O95834,22.941958505543663,23.015883922860553,23.006272996194294,22.724735535141487,22.513542078032412,22.598508723954687
O95858,23.29112164623588,23.719730242198015,23.343391908308003,22.998483778403262,22.929881794478653,23.10051685627608
O95861,24.293327385592818,24.231913148472024,24.342199622160898,24.41239424271515,24.538295518035046,24.355129126680243
O95865,23.481196466801133,23.609510062436282,23.2903353042572,23.8294876765097,23.94159813689742,23.702936437947933
O95870,22.187959268949978,22.49757619688614,22.154946323963905,21.64851623708563,21.512380241668662,21.65509261928335
O95881,24.850189699672747,25.00190173406544,25.014942625275268,24.524625523378425,24.485263655545307,24.22961038225325
O95989,23.1232493342671,22.869292042882837,22.709235612848417,22.923740224410295,22.86733285393812,22.910578597473073
O95994,27.702285775733145,28.02106163546785,27.60039931858053,27.973848083309285,28.246198260040874,28.031943917493884
O96000,25.09392082141394,25.37235038377641,25.103903262436567,24.765271123457968,24.656256926830466,24.752963377155808
O96005,24.032452892847896,24.367957511268273,24.021522744459173,23.351242151031336,23.518864784556573,23.34375569024387
O96008,25.426176312912762,25.70591698295535,25.391572824231925,24.879740282039677,24.90623801465397,24.92849135758053
O96011,22.64413881901521,22.952477768615243,22.316076124246806,22.700414634914885,22.562751446736623,22.51232284873718
O96013,23.01030613698919,23.091844530359314,23.151062850339,23.275295597002028,23.30405087932932,23.142470608993943
O96017,21.480547742617382,20.829541581757724,21.261366414134713,21.396659546767225,21.41514988556361,21.424447217529906
O96019,25.878307943398422,25.854774809777144,26.076664346305503,25.9927529678037,25.928091771215005,25.79141689427405
O96033,22.402403053112582,22.593411982299777,22.869122664369808,22.96560199905392,22.74198123537627,22.876161309942265
P00167,24.88654139909039,24.872890047449694,24.773905133205815,25.18264720553641,25.204516071438288,25.19744063874332
P00338,29.82498592073677,29.74201300673618,29.700373251930195,30.036997845509354,30.24166552370155,30.012248614732673
P00352,23.056324816805237,23.285759334117532,23.331813695004247,23.66695686870717,23.66531205969014,23.74003723414345
P00367,26.105582819697112,26.422197259935274,26.01997733861765,25.609642165094073,25.597004263543575,25.695962605352584
P00374,23.037481434775408,23.005188833281224,23.45066959703839,23.09680730785977,23.072696897239965,23.134058384667675
P00387,25.68255006182214,26.041976081827737,25.51292915722008,25.369183700818017,25.67664397916568,25.459984233756238
P00390,25.96408505337165,26.032854522336162,26.103959672588672,26.33223132898013,26.408640653920333,26.463046882115957
P00395,24.069625784974374,24.523839614020158,23.842522510630015,24.010259177653538,24.131889451168547,23.923481641651783
P00403,27.509792020364642,27.84897943842542,27.436756077263087,27.261542997087187,27.50643679748446,27.24929637073939
P00441,27.090096868562064,26.625736986988816,26.91642526740758,27.319007885716733,27.20510655805072,27.196365723999968
P00491,25.526349268999994,25.77617547082828,25.75870545449974,25.629610867944198,25.72182337502079,25.82321386437161
P00492,25.352023011955122,25.434854010265276,25.448827882497074,25.303381519034296,25.492811478021874,25.43151188684214
P00505,26.94950383554701,27.3515883071335,27.02278633163084,26.506318599299096,26.43111520563961,26.48970723684511
P00533,23.186443444974763,23.250648137959878,23.016526075733438,22.071569235905724,22.03895565055781,22.19538392300403
P00558,29.704367523701062,29.5940980086665,29.557612918673506,30.082158580965164,30.268189826083276,30.025730464746623
P00568,24.374602006942812,24.20493257269091,24.629015810971467,24.657531401844018,24.166160323736406,24.34855000719015
P00918,23.707283819817533,23.54376357805181,24.029808385414164,24.658164076062025,24.30329692122331,24.855269330164003
P00966,21.39528350634578,21.590997001872836,22.100926319812334,21.61746522327801,22.153632276369912,22.562012484202846
P01111,22.63103402844922,22.836931407869685,22.580809798790526,22.057377188551943,21.859522198900862,22.11434777547672
P01116,24.193681610394588,24.44415892873666,24.016184287352484,24.017154346986917,24.031072334916917,24.046572005589894
P01130,23.309582515679203,23.400095454608305,23.257450429531143,22.249434814479464,22.44432325163911,22.340976885589207
P01889,25.34649628435025,25.6728197016136,25.461918656802798,24.86216853685876,24.943133174635847,24.86034430611903
P01893,23.447525452467005,23.83679862946946,23.597373918527794,23.369473145279734,23.105476798120225,23.183784984130465
P02545,28.028026255532904,27.9392770648521,27.831022534773417,28.142695659702234,28.17215170914748,28.030920482919825
P02686,24.574024088115692,24.813435484545575,24.2994170991971,24.647419229317887,24.257717436206857,24.582523905353987
P02786,27.17344020665296,27.36138033847423,27.16246247799596,25.622594295653982,25.6343734772626,25.799269465713785
P03915,21.745930804681915,22.35092003313965,22.177889088861043,21.94010716146521,22.194020820437988,21.868899589173804
P03928,23.94035025270366,24.15236655018942,23.561285730673088,24.023773977361145,23.59714700945546,23.835600857117363
P04040,25.60911751542342,25.812700056419203,25.556402559885758,25.94515745021303,26.03203643359576,25.93661017441783
P04062,23.99957522631663,24.36567926864497,24.003094087289515,24.0993953288817,24.253126132546733,24.35416192959846
P04066,24.234892696183685,24.038146710002447,24.10440503529671,24.204056303075877,24.28297018754603,24.386580877821004
P04075,29.95864975532262,29.82552834079504,29.848484941814863,30.123017715443943,30.242648731181372,30.114609383358236
P04080,25.537264856864585,25.486985044955233,25.37819171328601,25.861630047006233,26.118866596126928,26.013271722395018
P04083,29.482167038033605,29.438426540953206,29.404002401180204,29.179081129631385,29.221460886814253,29.122643185684748
P04179,24.447120693301674,24.919343367045464,24.404307425856995,24.015098870093837,24.17240705895859,24.111675842176066
P04181,26.981025959292392,27.274872627557535,26.819638890607287,26.635543410835474,26.58561694689427,26.614399146817128
P04183,23.39346849377191,23.475443636217108,23.39217249145207,23.492967785810595,23.364404006366858,23.28851254340413
P04264,26.733614794525163,25.88188962695363,28.376696549509692,27.01499013451115,25.497736495969868,26.323434907640774
P04350,28.1479773551865,27.953605800851353,27.721398482460298,28.33441500377371,28.335218050801025,23.481708171657907
P04406,30.61735422510813,30.639503197767333,30.670200640512064,30.960250496725926,31.142645576005968,30.886018492514218
P04424,22.939778176465456,23.04373689172115,22.81706777103529,23.47653868790435,23.233982529374263,23.20205654755429
P04439,25.506359281150306,25.53525116719407,25.416087372234394,25.05819747290593,24.95944909463952,25.098044214590818
P04626,28.111614460141325,28.280069237752674,28.040231695884987,27.80045333608833,27.861548233941665,27.831581640850185
P04632,26.153896712012134,26.266876201175442,26.38166638148851,26.273489223074343,26.340996573761768,26.263500604131345
P04792,26.07181081742067,26.058864575536678,26.097559472554394,26.442003935385113,26.688216020596727,26.48291631398611
P04843,27.737857371003436,27.92760936826885,27.709262988852874,27.141405367933636,27.16223464975722,27.058818221092526
P04844,26.93207105814867,27.44501422998781,26.873632719316745,26.604624825104935,26.769151849210495,26.529955661471046
P04899,24.14604327906663,24.725020237289677,24.215724353264278,24.297920301682908,24.32413466381556,24.27196875748363
P04908,27.632050249859795,28.529039927969393,28.296722733384538,27.201920808116874,26.89503055518876,26.910239862088623
P04920,22.478875874085535,22.837235240520695,22.817494291593345,22.133069288688468,21.900977701586008,22.269255259579232
P05023,26.96215482410968,27.352011053218128,27.05218955900449,26.995089631490142,26.97962641275523,26.97777617461175
P05026,25.877870393123562,26.411238909543485,25.88759919349847,26.135217189328404,26.180757319981662,26.17695299095665
P05067,24.212006488478885,24.22620431481497,24.15890024854369,23.629370406420982,23.616564323449037,23.64604369080939
P05091,25.42450014186132,25.888333753069784,25.341941425906338,25.55682198943452,25.605927636571742,25.65554240556035
P05120,22.970191748381033,23.21619167049231,23.403188643264414,22.019381688350084,22.39140408602983,22.610267009029567
P05141,27.958306117904275,28.305885298890143,27.963816507416677,27.40718568844571,27.39502060168191,27.41890570212541
P05165,22.358255602804917,22.92078833991611,22.458701727281507,22.24874917545422,22.36199087843929,22.569741479750405
P05166,22.444132003276486,23.153136976513842,22.824498780675693,22.273948940687376,22.59681874665634,22.484364418646493
P05198,26.099342552772665,26.219143551597078,26.122270336255838,26.167893947844604,26.125680646118298,26.158467467953233
P05204,24.24955286547877,24.176397036794786,24.399614587649893,24.66174787606953,24.814644851192398,24.977433924379095
P05362,23.845983171028006,24.148145425900903,24.067044173768203,23.78160224496049,23.783698981417785,23.960964028874756
P05386,28.529272174332927,28.74083990747617,28.666449203121743,28.81517344110246,28.65175474235995,28.59163283210918
P05387,28.246729727450056,28.090583316505846,28.151570997575966,27.945153486494036,28.03033034504319,27.918384210236425
P05388,26.570070371520835,26.72363365800089,26.760276812457608,26.66809524693278,26.754356118056666,26.803815825276203
P05455,26.140540111335252,26.366170444602712,26.313471911326,26.460462083277637,26.474874823637027,26.559663372546478
P05556,28.028439710898162,28.37409598665251,27.849708131448182,27.08524624555922,27.182730734747803,27.16651874622309
P05783,29.184585739975528,29.026325600428155,28.968048000810665,28.441848210956504,28.438434393655427,28.382978759336066
P05787,31.15752891586582,31.072199364801826,31.063301121052778,30.640336833237868,30.606462060503674,30.62350117905645
P06132,22.864598867595234,23.103365134742656,23.162380725222146,23.707676243109887,23.88040196724211,23.379862324604535
P06280,23.073205553203444,23.050935869516337,22.903907398038697,23.122063963749486,22.961424699599753,22.863310996884863
P06396,25.368881013472496,25.456821501654712,25.17104948251091,25.69199360809884,25.896982091430942,25.839956626310347
P06400,22.461385144043092,22.37941670888008,22.57040387896631,22.564159377250352,22.52765095812159,22.544918577387666
P06454,26.863753315286324,27.56072618577235,27.45728002863976,27.378972377183327,27.617277007608767,28.34301489942239
P06493,25.577741942946965,25.52586510294565,25.78122812516105,25.54584553999285,25.338936821534062,25.503315449619198
P06576,28.92376880439003,29.32728884006732,28.81179240482811,28.487671647711867,28.447352917104784,28.366960722685917
P06703,25.5990918577811,25.31513131524063,25.334111694094652,25.72676795720518,25.57412777051087,25.136938012146906
P06730,25.365142326996803,25.351060808449635,25.448939137087983,25.500113007469942,25.561273259524537,25.542022965022674
P06733,29.452917153359795,29.39521076469067,29.492037449952157,29.609958388823536,29.7936043014494,29.729043245965837
P06737,23.554343400578666,23.505513322686017,23.518682567103276,23.710243212350193,23.84741315579045,23.86938006666409
P06744,27.592617155814594,27.466295306428897,27.49971881576381,27.944834846021152,28.059771066875573,27.77092323401288
P06748,29.242064431148755,29.068568035173882,29.249745066486543,28.82854300373965,28.797710808669606,28.923467224208274
P06753,27.95526454842139,27.689371508756665,27.863095979933792,27.847637785973376,27.813226704332358,27.80560329686869
P06756,24.885296160382296,25.201779410970012,24.888984265715667,24.766416080408796,24.83123445875718,24.816488692039893
P06865,24.886944521846612,25.14755865504294,24.77143284713559,24.97456714642052,24.869835727453314,24.806618746792704
P06899,29.05563403381279,29.80293133173549,29.418328508469624,28.418329594317115,28.514584297914592,28.20295222347328
P07099,24.669883209833564,24.713478920028052,24.53043812946858,24.298192651225204,24.288745002097997,24.2354093615846
P07108,26.295428862887764,26.57619278973816,26.530282137720317,26.351572890858826,26.448336552453018,26.610395099596715
P07195,28.37508185863582,28.165607956560457,28.1306104560921,28.348150151431227,28.330027712367492,28.282407885521707
P07203,21.416120652063512,21.65024793152249,21.560531090389976,23.454085886961174,23.346726618770706,23.379205287397525
P07237,28.544863731706002,28.749612999050637,28.45679818694432,28.067960800240318,28.190759690587246,28.18629260626329
P07305,25.835142928621025,25.907683149098972,25.793693891587253,25.202434001635705,25.422373439500458,25.01862273054125
P07339,28.184036930362964,28.388735183037966,28.18578631033875,28.11502828608965,28.204836870865986,28.107676028798966
P07355,31.80426203138724,31.971010029536217,31.810361183105943,31.76863058701859,31.72107861747928,31.394958220057916
P07384,26.31592477808696,26.354107370103055,26.284854098650076,26.552131081276112,26.632275716142722,26.54091015102159
P07498,24.85914962416428,24.882597901752092,24.64416126849704,24.342564382983962,24.585227100427144,24.28311195669059
P07602,27.003559644397885,26.918244353612522,26.697940048281385,27.066866506877016,26.98350071608726,27.1264331540841
P07686,27.301721513362196,27.370363581692146,27.208547076422075,26.827756799467878,26.76248365083861,26.888370429423386
P07737,28.756124189675116,28.632674443736487,28.870666707149066,28.753430704442092,28.680082466713277,28.784096736685846
P07741,26.531990875485494,26.460987253887197,26.641003687912125,26.836443394394333,26.731578770238123,26.775346191700393
P07814,25.710277480650937,25.682809356100865,25.745372843477202,25.786599372830306,25.791172528868604,25.792242153797044
P07858,25.615819260096117,25.771291886080054,25.5535032108207,25.540679800320092,25.782301295760178,25.696642056907375
P07900,29.671126598798672,29.698389714155294,29.807348325279413,29.792116923792552,29.79662316547406,29.82664726710718
P07910,27.434208107297323,27.20144581579628,27.264510787638894,27.31397203581634,27.32006604146701,27.244190364096013
P07919,25.910896123981416,25.719331787674772,25.47964028166666,25.717044578150247,25.461031108387147,25.691202629470002
P07942,23.95697048440818,24.742633245182173,24.19885835418006,24.68557255104069,26.025582896457582,29.186973819904562
P07947,23.10883516854951,23.183754247198912,23.041994624348195,23.15666453960797,23.234166041591738,23.201379274474714
P07954,26.09980523117208,26.35974061405551,26.1250196124844,25.52906726615692,25.54683683443212,25.59843364325343
P08034,21.33662096563509,21.87463621283668,21.40402473112226,21.84413213816819,21.64866873139802,22.24112168295864
P08133,24.412144302758303,24.580601889839787,24.59056489320437,24.64769468468029,24.743174512248604,24.843993486541997
P08134,24.18178693320189,24.297331783971234,24.530422531052732,24.344990021644104,24.202161198183887,24.235627602969075
P08174,21.84419505969006,22.202692706181793,21.594778136093105,21.72226763666099,21.809330798870764,21.68357198971075
P08195,26.621501369977032,27.0751867793238,26.722740315934416,25.87139100563297,25.761292572713007,25.878402996655566
P08237,22.803344516006383,22.736425570775083,22.758340955679305,22.82639952292648,22.9805102333461,22.82258444515033
P08238,28.778605238204857,28.747665190325797,28.926205849724152,28.752718024101544,28.715860529602363,28.738157629268688
P08240,24.16769300475246,24.223688293526518,24.12119453645736,23.82945767451178,23.881967646593687,23.962776534830816
P08243,23.076552386080134,23.121676105833394,23.20218377182435,23.368721054917536,23.096728825081236,23.176324136325263
P08397,23.145078232605982,23.2326675775329,23.15479061087624,23.684424502667117,23.825899856293425,23.507809517566248
P08559,24.34538507714949,24.821506094407024,24.295237143230864,23.910795869631254,23.975405963300737,24.03992859131435
P08574,25.8293928293525,26.156710361547244,25.97466009039118,25.910954389047717,25.965989702625713,25.874393255937814
P08579,23.52403074945453,23.75934553165601,23.68444815320637,23.99683592168499,23.76312410633894,23.859180531941913
P08581,23.07165089948405,23.41158494724267,23.160973144328548,21.441225297098836,22.11038963620272,22.338719655404482
P08621,25.47810822147473,25.53139544217326,25.33668728961961,25.35360426258562,25.373500431095604,25.41066037830325
P08651,23.348529341249733,23.984996221101568,23.548474113486975,22.911742702666743,23.006237036086418,22.819987254467513
P08670,27.372508645210573,27.015118739886,27.06120706374897,28.21923173482099,28.005821214345275,27.831920321719394
P08708,27.54154450406562,27.50774276476275,27.558234022005607,27.48895246575616,27.41591272754887,27.354499869943794
P08727,30.564273835580753,30.49276781131918,30.53292635733944,30.280681685897093,30.263772657567518,30.228664241808396
P08729,29.938516759220768,29.86620079914198,29.896504877220256,29.334557279440865,29.38948333146319,29.332157089688224
P08754,25.098006212520772,25.525341939783956,24.867798963026498,24.799295457276468,24.711600392487945,24.746930242163426
P08758,28.02707361876484,27.469288078576913,27.677935623923105,28.40760047760566,28.431256946958598,28.221445075615776
P08865,28.474278435405484,28.664715270298974,28.6502893174331,28.552816942805162,28.488716164499003,28.516392579702558
P09001,24.757779210334178,25.188963955500586,24.96862575295105,24.131648658333635,24.111519208357983,24.199645239179997
P09012,26.08526995467011,26.04191197465611,25.932709560297436,25.98818669074463,25.89731739787725,25.74733036841255
P09110,23.588443354574316,23.939282647915803,23.55798247323979,23.32648037165873,23.247363155151866,23.409135683211176
P09132,27.20713086558072,26.949410770671395,27.09114790736237,27.13787684587034,27.344754145085705,27.223666808699793
P09211,28.631597407676544,28.67754635671897,28.772756116101597,28.845772074924387,28.928362338935294,28.86438738427347
P09234,27.833334638468124,27.77603118108409,27.506781802097734,27.447041184955523,27.424907036927966,27.210034754346715
P09382,26.968127948171286,26.750687335950335,26.5156749673108,27.11801663340248,27.30736356640378,26.85809779627143
P09417,23.877816298351078,23.946353571439133,23.97003627008094,24.015576179999254,24.09472462083989,23.899421003496265
P09429,28.544752471970625,28.482049874394956,28.552335818475544,28.404451281354536,28.39488302132564,28.420166602517018
P09493,26.004374618842547,25.864092701165777,25.818352806384695,25.48987367867268,25.522100649826864,25.511631301474782
P09496,25.22336114456119,24.98293692943077,25.142506444963093,25.019804996863815,24.84543520687783,24.95451591860817
P09497,24.596956905845804,24.501071084193686,24.325977893949215,24.43223016943735,24.46061849851233,24.693238722806793
P09525,28.617984143079752,28.817946538913763,28.539358326774927,29.138490368528203,29.342293508731046,29.160730243837477
P09543,24.976251898189215,25.19473206053284,25.07097650456852,24.95562472336768,25.096787687565396,24.897211763053928
P09622,24.980409210339708,25.40539606022385,25.07375275895734,24.52173221687388,24.525671701628614,24.813191688543068
P09651,29.06228828441507,28.9885214754842,29.224234383042333,29.020004371166067,29.12364370538349,29.195633204319044
P09661,24.02488162730489,24.23575204713072,24.398651850788994,24.266475312337782,24.236722109834684,24.246224495955804
P09668,25.134278953552734,25.244984660693166,24.907169043044185,24.302680615156728,24.454627501660443,24.354996950398238
P09669,25.675843245741973,26.058839148884413,25.79985964537087,25.5693247468683,25.527138168840366,25.587162086360244
P09758,24.771180538269213,25.077625965687982,24.812777698835966,23.80479975017799,23.651148066695086,23.804999392988208
P09874,27.893098658810754,28.094034422811017,28.058814402872894,28.03582397040746,28.079154498642016,27.954528154352666
P09960,25.704979788273548,25.73667680639366,25.808913029401666,26.150635419774904,26.299200855155593,26.167879212968778
P09972,26.880366675993574,26.79134062769301,26.823799651239774,27.29769683734624,27.53465185439143,27.311287077720323
P0C0S5,28.661077495430177,29.443226753117838,28.88224780824452,28.13542258929352,28.368217905606866,28.12566251804856
P0CG12,21.69172316094007,21.261034639427926,21.684558246179158,22.06146694993691,22.206892587409385,22.143307535989095
P0DMV8,28.33377923777607,28.36441910244981,28.413386322091736,28.679872200218924,28.828047082231226,28.721973208711635
P0DP23,25.967342546721618,26.098203482990755,25.53277622171049,25.76060194370743,25.490000671037123,25.70545689918563
P0DPB6,22.870868220432957,23.04821777773663,22.813251687125838,22.660007647576972,22.406020707330125,22.502370639547173
P0DPI2,25.570529420187157,25.96972267266225,25.516914535510338,25.44357302847557,25.61400938882517,25.34717095344411
P10155,23.54519687014311,23.50377710067176,23.478306252975948,23.828906010457814,23.894509352445073,23.84106673851462
P10253,23.947726015771,24.162449723638876,24.03055365348736,24.58395295338538,24.75849833531375,24.623985277482966
P10301,25.053617945686913,25.46709740247633,24.830053919780052,24.998296624546985,24.924691830435485,25.01839071173069
P10321,23.585202568526732,23.83726132709687,23.815755014476625,23.544225382112337,23.628105294650865,23.51291559808023
P10398,21.977726594296193,22.278918583843613,22.657836872934865,22.966249933022098,22.890082216914475,23.1700630395794
P10412,29.998617196251416,30.355837229158254,30.026149196670474,29.54045633770485,29.639853248818802,29.374237802677285
P10451,25.261248680157813,25.383047816147805,25.20415842013573,25.840219380881784,25.785405271839302,25.968771277968834
P10515,24.173172046081977,24.57236149540732,24.127031137670013,23.557474102231115,23.562025065455526,23.60674587065844
P10586,22.329558220818182,22.623428532138735,22.297621455357607,22.06620500457337,22.44479816600204,21.978729658310414
P10599,26.88907868782065,26.93088684758509,26.97047636808683,27.140186197041228,27.06952491348604,27.051219190460806
P10606,26.68748728324165,27.073257516431596,26.74275737842994,26.413251935036286,26.399141352740926,26.52988374637642
P10619,23.915763699308094,24.31388209019153,24.084843576989275,24.190713581277972,24.060651738554846,24.116512128776915
P10620,24.35253879393999,24.71354258274825,24.33618385926328,23.875597320631606,23.816105147609605,23.92043936311204
P10644,24.7814448643126,24.73737134736546,24.693078953640462,25.129682354524807,24.915498667976497,24.92398289825321
P10768,25.985802771917616,25.987395438108347,26.032926681897536,26.269275023701308,26.32650752763101,26.190401475934106
P10809,29.49013182300531,29.700083319455626,29.430261832732633,28.800932673425763,28.720794602179875,28.72428557220493
P10909,21.263078604698013,21.76221177863205,21.283535371959665,22.817300957738432,22.065450485213944,22.517760924110274
P11021,28.31509411204014,28.466631764732373,28.235974927983293,27.822543225333867,27.78833252353604,27.838166568731822
P11047,23.03134229196126,23.22307370485057,23.033547348824975,24.976191053604452,27.025613520098613,29.699858445221018
P11117,23.225657279166043,23.338222511557042,23.470350058584593,23.24278247740905,23.150164235820505,23.18644420064003
P11142,29.397083142291553,29.45590686275114,29.509412112571724,29.489680543435313,29.568759952556967,29.533958265533787
P11166,25.38896757329367,25.46595799142924,25.190392357404125,23.92505291390413,24.138261486669983,23.939415558811778
P11172,24.177334369904298,24.55312278556301,24.542555819174293,24.242895115317946,24.244563161294085,24.40205988175676
P11177,25.16696363326887,25.601531421823456,25.03788045244592,24.741309383821555,24.7432432479851,24.768254605589807
P11182,22.7172236315887,23.287925668498293,22.76965486297366,22.387193800735535,22.62168044278444,22.493337528689917
P11216,26.68672441452421,26.56716133024138,26.60828246233289,27.148272043183756,27.30641331061391,27.128068898349387
P11233,25.190656168607592,25.55487839749367,25.080355143827052,25.00576484809361,24.926631072103483,24.97514291760146
P11234,24.008670539632938,24.232512566000256,23.593528128908666,23.622892009447256,23.285045438633787,23.280026923207203
P11274,22.21398731942915,22.12362382511549,22.700556767430783,22.576495187857653,22.613315900849596,22.48991494935569
P11279,24.86055222715238,25.30192440584029,24.96682630473775,24.7040730220821,24.814065483394085,24.779251655578534
P11310,23.218517563572696,23.77640471797867,23.157974442179604,23.05749519149373,22.895128697555243,23.03497892291746
P11387,26.37367522521725,26.95271612327005,26.27525655285099,25.357261635126637,25.37164292727647,25.2904575085286
P11388,26.995575331485025,27.19195513626318,27.084502858522796,26.681776563046753,26.560282974327528,26.49139599340493
P11413,26.62349224839939,26.52152181694101,26.704877262145338,27.381371170771583,27.21687479028412,27.32399436191014
P11441,23.963941347222,23.718681490820014,23.998297227197263,23.84357348395165,23.774574344573164,23.600978414775216
P11498,23.71990922369036,24.167844882037937,23.662302528295918,23.016074931982274,22.90366785041614,23.00241605188499
P11586,26.008148827590183,25.95197289277959,26.054896563454026,26.0482161144393,26.015814435531095,25.971601876131423
P11717,23.72823525879424,23.907384170169106,23.737522057090274,23.271917480307117,23.312315885195986,23.343974267682547
P11766,24.743400947649967,24.800077060724874,24.887126513372387,25.06375318251457,25.200385295291337,25.059093890484874
P11802,22.19246545237955,22.553735331112055,22.360041707537214,22.530904218048555,22.619875396021477,22.672460952057364
P11908,28.19517017341451,28.37150427079621,28.291020161491247,28.123411192708723,28.255084918228672,28.118828930727666
P11940,26.808354016353707,26.77502763306145,26.903587226249613,26.69896356373026,26.707033075379965,26.70214829294049
P12004,26.751188858024182,26.7075342047337,26.806094451255166,26.445227324779193,26.416620343646404,26.67158660522762
P12074,23.888540001885445,24.64320487518462,23.71795907112733,24.05981131672547,24.68875923130384,24.49500605753019
P12081,24.9480398397378,25.167289503055635,25.185318425099158,25.166252131287084,25.292780232971843,25.33733811068271
P12109,23.782062682355942,24.009685808984983,23.61794527154161,24.188867094170806,24.34099684532089,24.0464737557463
P12235,23.279947318924687,24.000382266784325,23.27263704576809,22.995444821069434,23.16548898549761,23.213810861345863
P12236,25.50358010880531,25.888437438592426,25.53299494141826,25.039128565336974,25.055568917220707,25.093155752971374
P12268,25.915887901743787,25.91393712211321,26.01090208891319,25.649761720495512,25.621053702512782,25.751558666766613
P12270,24.258629863452683,24.24262418811762,24.289420201142253,24.235136878712797,24.15257683385664,24.17232830969577
P12429,26.5456627812928,26.451978088132332,26.36859284885094,26.330917014846158,26.317891351277197,26.246616301347807
P12694,23.307555765896243,23.75079263683187,23.352280555512703,23.11411420657521,23.206739699149914,22.965871544644305
P12814,27.388176137230694,27.43863137144893,27.391310989685117,27.427600944883444,27.449264252451297,27.334935575801605
P12830,25.494077218731498,25.659855802889616,25.616542001263205,25.5011298378431,25.49175036170177,25.42867721296893
P12931,23.813911311244425,23.797912312731714,23.715703560416628,23.727696768918314,23.85151725867989,23.95056639777113
P12955,24.040576519726947,24.0806069279777,24.1718320599369,24.191188014813207,24.28912775221192,24.189126885123315
P12956,27.794524245435838,27.87648872649744,27.859931430108116,27.74272256258556,27.78982514263103,27.650105144167632
P13010,28.411448242527747,28.532072646582183,28.400518581731497,28.29864044044395,28.36651140360283,28.28997977722019
P13051,23.499457857247826,23.463563411343145,23.659790488431153,23.393670897190837,23.41471310353121,23.545447417355874
P13073,26.606067355528943,26.80456263845263,26.574694570654948,26.260447748066145,26.14409841638672,26.27260323294648
P13473,23.879889447015014,24.49482751397977,23.795043023563068,23.62099935579824,23.61304774523171,23.724028323358628
P13489,25.6388465216394,25.399641313928996,25.38106985790416,25.642912866168945,25.605522640687056,25.601792887013058
P13498,23.837528422645356,23.837760731498374,24.20854024859021,23.883722626422557,23.959428841133533,24.4870819229376
P13639,27.90162031830097,27.845278631388464,27.994318149634005,27.990533201162087,28.020374295147715,27.98252065774394
P13645,26.179261625773467,25.132379389153193,26.620385912289446,26.91718865000884,25.49018434320507,25.59249387851124
P13646,28.951837482900824,28.805586631086623,28.858560744819567,28.011900054633323,27.942387450707407,28.006415415102417
P13667,27.892360754333,28.113731973712838,27.795386129521912,27.365714205647542,27.39652666934441,27.444569858871713
P13674,25.1178172989257,25.366802835069716,24.74771614692138,25.154920450185568,25.448090588295617,25.07724749166656
P13693,27.265021464373152,27.217811005811633,27.447024942132394,27.030957516334027,26.93993197450217,27.08566160522034
P13716,23.670119823511396,23.499001089049806,23.60867907131094,24.082505929112674,24.223382063104093,24.096963617395446
P13796,24.329679063469076,24.452226784486182,24.28985440236595,24.233290383253703,24.208508843868398,24.18887539251451
P13797,24.827386416128725,24.770168642797362,24.737412714162115,24.250480155691143,24.1733099264188,24.17920599597089
P13798,25.698878806182243,25.66854635421197,25.61846089608234,25.876143788169365,25.88366623390508,25.804617655389432
P13804,26.71594094482392,27.01719398723389,26.63103733222786,26.208506983377646,26.21155422553973,26.067404242801864
P13807,24.412878362047213,24.135914342115147,24.202988269037533,24.506560130976958,24.706713531001423,24.72401541253275
P13861,23.720267433247873,23.57676664913834,23.565970046478487,23.627453396956135,23.67549892290061,23.533855590504402
P13984,22.33593657466842,22.48909837872969,22.580474001752957,22.460739969520404,22.599130800680065,22.518757353467088
P13987,28.678219058324984,29.23142473886566,28.70595273796318,28.64960332567063,28.651048090662023,28.61041571469413
P13995,23.762005030414745,24.127662049735825,23.86426267121362,22.784314736684188,22.844059020065796,22.47259044919836
P14091,25.532976399077285,25.518344239416855,25.456200733508616,25.354599810857454,25.465877864607243,25.557573956181184
P14174,28.949216522931067,28.690182391661075,28.77552971410543,29.041893049966806,29.16256192545975,28.782256746253754
P14314,26.947187117963125,27.20612377238136,26.885120875158673,26.444272439940526,26.41574956817324,26.510869781910245
P14324,26.873583135271655,26.687833187783273,26.554859548927865,26.684775475377545,26.763707047384848,26.4797539335822
P14406,25.528847950137532,26.122437024499348,25.617867665410195,25.524240753938024,25.62009249241265,25.42753574640513
P14550,24.249402406632917,24.29692082661572,24.332267700142875,24.51215125919307,24.784302254394174,24.77988964509205
P14618,30.784769801557946,30.764009253225954,30.82502255359269,31.020856167000385,31.17540381500697,31.01809149627877
P14625,29.70454486596621,29.902580498548197,29.61254108600421,29.122295271593096,29.22404010116774,29.23094489231531
P14635,22.438437685432024,22.65756956201081,22.843642294941237,22.337844404334,22.17231747370496,22.4512643213005
P14678,25.77066822762123,25.617709470454564,25.525918555499935,25.516166022019462,25.342849860306437,25.426541052368023
P14735,23.59560112299995,23.409342893501762,23.410443975817717,23.442486321208875,23.609141418525095,23.606278236036633
P14854,26.705263774244866,26.998403677114226,26.684026773077747,26.536671567078912,26.369777405427104,26.530687562137842
P14866,27.14979205714479,27.27928719196832,27.201302689261688,27.10689785045556,27.182195950522683,27.19249120707087
P14868,25.425661233353264,25.439368155897387,25.299982485851974,25.65586221558763,25.701928795417405,25.630435892092816
P14923,26.66948012598709,26.78816859280069,26.603464543123962,26.472392809123896,26.47321504684302,26.439939855205303
P14927,25.291743892420325,25.378220096437378,25.07769791667778,24.945926451293733,24.862762388515602,24.78868438452962
P15121,24.795313788722446,24.80532321236473,24.916916160581533,25.187157296633114,25.122856424879295,25.196009367940235
P15151,27.109038937124073,27.09053587031407,26.511263895240702,25.735380109533388,25.517096315418947,25.672928765373744
P15153,22.1135736753004,22.472131292606168,22.215703767687668,22.419890760464995,22.296916066887047,22.42249265571677
P15170,26.21684759896593,26.172789641367014,26.215157402077416,26.214484696426865,26.06783133377535,26.162360094208356
P15289,21.832943618652525,21.964135655687752,22.137175812678386,22.136912595434175,22.11869620803944,22.09184162560355
P15291,22.820736991450513,23.039021437616203,23.304055336974653,23.136716128688736,22.65207261589466,22.65478121384125
P15311,28.019430536347922,27.909324618111945,28.036260302308367,27.495961219645473,27.54510965159064,27.57872842415152
P15374,23.631624257523516,23.362418096043697,23.562918054076274,23.794789159849355,23.717320916865198,23.852066443290006
P15529,24.31925755467098,24.66638384785289,24.113450791808113,23.411770345850876,23.54175859065757,23.5075404917136
P15531,27.502247417872116,27.742823474833887,27.497301981430866,27.478843017441836,27.673698369007038,27.830127514116644
P15559,24.837701647375386,24.72804214824822,24.969782429576334,26.007997472284725,26.04392028667959,26.14361976000218
P15586,24.77798576193628,24.813182879405673,24.53486328627982,24.6645854099926,24.58910648481289,24.491590619285322
P15880,27.00912402575382,27.295845604082373,27.26584748683029,27.23964306595142,27.22408383700128,27.398463029719966
P15924,24.962370755366976,24.949743283023526,24.848605463006276,24.844016864339405,24.878672124319653,24.871730432493038
P15927,23.748836122849713,23.92171393240289,23.906433829111936,24.00207554076446,24.05748444932833,23.89824561747276
P15941,24.69461081758811,25.101027504994605,24.936405113268854,25.339821602112018,25.572690628852307,25.496341077546386
P15954,24.053275137527194,24.788024775514202,24.24738097579356,23.92184102785296,24.18391231587112,23.724544557591777
P16070,27.13999062434686,27.066787178738085,27.069702314769476,26.827663098173463,26.77429641569326,26.57198170168972
P16104,26.533992785865376,28.011622958561876,27.16843511105516,26.60878080041185,27.156899033862107,26.552485852675595
P16144,25.713055234426644,25.907902874236985,25.54658729376674,24.795395543468803,24.826384877812856,24.9034143793297
P16152,25.676642903209295,25.759537443566362,25.840264289351648,26.11458754149104,26.157578967381646,26.196194321548646
P16219,23.541756582266526,23.90312849288517,23.568833923150738,23.560584731496107,23.49276454571627,23.50630164818918
P16220,22.92791980159722,23.009778396892727,22.438266344430243,22.330125805993603,22.54756637113066,22.681623185993256
P16278,24.898889279076517,25.048728153107227,24.874321017617582,24.94125702436955,24.96502443309805,24.949265417152347
P16333,22.182636977137353,21.897317028538197,22.15255702919688,22.33700116362641,22.40999579977514,22.295899505073784
P16401,28.920833909183084,29.32143648472061,29.09926870311311,28.402338259255107,28.453028462113764,28.112495991800554
P16402,25.570463060736856,25.40781207301299,25.736178472863113,25.588535769685222,25.31412965627962,25.128283402379044
P16403,28.351816625619147,28.409345451067846,28.370578846857967,28.418408657904813,28.032615155374696,27.79395201500695
P16422,26.76801562675665,27.19689912720831,26.7650703336399,26.182101210721388,26.149784209145523,26.19526060402073
P16435,22.869903297196352,23.001965625918302,22.99976118232393,22.594910683613822,22.650495434844387,22.46365283323283
P16615,26.68257427888063,26.920219062682683,26.57483674105292,25.988901601525836,26.03487337520673,26.025123886354333
P16930,23.57005163351081,23.65388725650571,23.7285819623243,23.995473028881108,23.97121374808802,24.123836919425454
P16949,26.390233060476074,26.017845707054345,26.18140631256791,26.263072083874206,26.244382273584527,26.196459250302247
P16989,24.15706701322096,24.173454351091838,24.26288124715371,24.383515251589095,24.38142571562058,24.446194453661022
P17028,21.94676173906059,22.437297440755952,22.943402031898003,22.06278004568951,22.290307880702876,22.446181325556083
P17050,23.64901512979993,23.773387048005816,23.703427321489077,23.64390340855861,23.953240080698116,23.492837876772853
P17096,28.293334823642024,28.450050204225896,28.526862383475883,28.230634876038817,28.43713982604494,28.343607304992037
P17174,24.696967207962743,24.668552738069458,24.80650881417973,24.933964338149256,24.801453001143862,24.84919957664252
P17252,23.24325753170126,23.067713024595296,22.819072686882045,23.040331866449137,23.341467244759393,23.477528292114783
P17275,26.288900810118836,26.14612130037066,26.099329107599814,26.030130245292785,26.25461186914822,25.980471794882323
P17301,25.387741922544663,25.726763124844254,25.245213937161946,24.406747120618785,24.298310835209346,24.419998998705733
P17480,24.04170860869215,24.30929898369505,24.094416170757686,23.893663705815648,23.93806345783982,24.078075050649414
P17568,22.017201082425768,22.157319022700143,22.175216631143446,21.88675971697482,22.25619457659984,22.16173222474427
P17612,24.115850133441604,24.069343392596764,24.05423598776644,24.2291129113425,24.217939214303804,24.132632924004636
P17655,25.84487803379565,25.875099218538583,25.811451329317183,25.463083905728535,25.58756133883774,25.570274678231815
P17706,23.503569554910484,23.70003791071984,23.654745055434255,23.62113376513627,23.49902335894026,23.511985076429195
P17812,24.40798577293593,24.361612391499687,24.577438970474333,24.22666633951346,24.165134256645302,24.251159770646193
P17844,25.543905260865508,25.598705096602497,25.780274626622287,25.37614857892504,25.363041368625282,25.356941932882563
P17858,24.448882313901144,24.457600436505096,24.37373684778976,24.796061696727214,24.799383904143376,24.755652787561946
P17931,28.073110898896083,28.018993221082685,27.876192148214205,27.74523260894747,27.814681029511192,27.79963782522579
P17980,25.529269865460716,25.47286625717518,25.542876712153337,25.61487651024549,25.564179267895078,25.500449133095554
P17987,25.785808635825944,25.83296937744931,25.836864586910018,25.816017768823656,25.842357585401462,25.877336469427213
P18031,24.53047313598637,24.463623151267534,24.594937897620248,24.333160401525554,24.116430109888103,24.14226040532116
P18077,27.019521843519538,26.722212906344915,26.896051417894128,26.778196971784443,26.613312556238476,26.660584511679218
P18084,24.640207749559494,24.848389031031928,24.636917075484654,24.54571064539793,24.634187773305186,24.542644845204666
P18085,25.34486937141316,25.272760900704434,25.477360172754643,25.398113471023315,25.703131459239604,25.469103077673015
P18124,27.670272442524613,28.034975985312286,28.00693112187868,27.843920835702495,27.84293478917562,28.018930630562757
P18206,27.146993720854464,27.053879016063814,27.087178070576964,27.022404219973325,26.998502242819786,26.99162546713867
P18510,22.95597539984645,23.20120381054229,23.236965837017728,21.724739281587173,22.140872354815922,22.43545344468144
P18564,23.90076097216395,24.051716766058792,23.733372568073467,24.022678681831948,23.92640676078939,23.96853804419023
P18583,23.182308569104837,22.88872560061281,23.1397878640442,23.164655472120188,23.13819257183095,23.329589014074156
P18615,23.7597624427538,23.612530519484036,23.735487644006458,23.90069639836988,23.855500510925477,23.81350271449371
P18621,27.10902219338424,27.081444712826947,27.255893423243393,27.111256760842945,27.198394455710933,26.984977322340413
P18669,27.104871430733176,26.973379154929265,27.07437377314518,27.303477086294,27.363322806307654,27.241446866353776
P18754,25.452650849125543,25.91546246968827,25.34863023685919,24.88703984474761,24.967463750592607,24.83295392995022
P18858,23.22594552810263,22.972510608194288,23.2272597131836,23.148597759549972,22.990456487586037,23.21589465432179
P18859,25.473757145150703,25.962726855481964,25.5217913928777,25.100834108434178,24.96967318802451,25.20437039446465
P18887,22.443773454887104,22.196130070872467,22.34880837399408,22.450553315961546,22.567705926150584,22.498028058214
P19075,26.44725831659122,26.86741475205653,26.28444183037791,26.732495252661643,26.550535437621914,26.370412707216747
P19224,26.139776585738876,26.739144902317264,26.413603655561847,26.554310959499027,26.64224795762974,26.561776565398024
P19338,28.44047571664253,28.48042900050067,28.387145794003874,28.253683481123197,28.2568052951689,28.215282356003275
P19367,24.88053723847231,25.10945527549086,24.73487145893404,24.885480780432694,24.95551147788827,24.836120681829264
P19387,24.19719719184496,24.458543039021574,24.190673799513235,23.52902751760213,23.721090529232463,23.760649501651947
P19388,24.230300483916874,24.3820061233131,24.063811431385698,23.886608935122396,23.442417726187717,23.57209151754953
P19404,24.18575214774414,24.680702902969355,24.521173279222694,24.55716836243659,24.68067114379979,24.61738349940992
P19440,21.27395787325041,21.719728466891137,21.255071515865176,21.792553528714286,21.537148239169845,21.83133682073913
P19474,22.05057357589327,21.851478827943186,21.739219749302904,22.33228286306103,22.276628361777963,22.41974008754151
P19525,24.66712009845096,24.81911499293933,24.90660255324313,24.95721764249207,24.959468994095555,25.003208549421572
P19623,24.717218819458516,24.697589506847436,24.75763863809351,24.551090511610823,24.489517256591242,24.49190384942812
P19784,24.310373556980707,24.293076714946512,24.258219666147372,24.261469432450752,24.3112197489265,24.333365165619057
P19838,22.92025789088871,23.22926447402696,23.276902205137162,23.040784517632726,23.061372676039593,23.218170759248874
P20020,23.75217225991608,24.210073485441715,23.833040433814826,23.522127715638042,23.48128196887907,23.398032944708127
P20042,24.53559445212933,24.614308486079832,24.74771870750683,24.818242398791757,24.8404417962079,24.796161335684275
P20073,25.06920897866619,25.18869327061891,25.09101611525109,25.106582508116013,25.140500754973104,24.935863025598174
P20290,25.85431208338425,25.810158805061633,26.111553274476872,25.949920995210167,25.955494627761997,25.76780590069579
P20338,22.671165150342684,22.62476668012013,22.641890231143787,23.22920241301348,23.233554730992154,22.99955122747233
P20339,24.344657565909163,23.708757540392043,24.089808637921333,23.969717535471805,23.71867177175776,24.058963305950936
P20340,25.430845236802984,25.508048502053217,25.388823618559094,25.454633274441502,25.52649267229932,25.409141381892148
P20618,25.613633238256735,25.7331365863866,25.83871911515825,25.940469623272612,25.96779969067775,25.981678936000005
P20645,25.093722601811688,25.13067251775958,25.01914274838963,25.02982691651915,24.87468132889912,24.929222734584314
P20674,27.36334712179186,27.6582944951971,27.319284536802066,26.98419200116651,27.02523120598447,26.93808679614074
P20700,26.546443636724316,26.583924412682205,26.52636073223585,26.441763536656826,26.531847839259846,26.42956956086034
P20810,25.87704227766661,25.740084651106052,25.851569298670782,26.06540610876742,26.12679599055421,26.150565582850366
P20839,22.55873447768783,22.60878937149403,22.665850167173417,22.17669407953503,22.289837661448676,22.201193039682458
P20936,24.77233873978917,24.753488439443263,24.773144540334076,24.935270370112985,24.976483276501504,24.94188106745291
P21127,23.15392260415689,22.982141398502424,23.18638329274993,23.318024729188412,23.29815222868207,23.287938769103302
P21266,24.505103184346435,24.493066523519897,24.458135600819574,25.088784923506662,25.177520060277274,25.185083286269762
P21281,24.109365042504695,24.214662702379652,24.126822609934468,23.930716496498334,23.967234263824444,23.94407681641633
P21283,22.87640565559247,23.07655597416094,22.902383119474475,22.79108536616587,22.788217292219663,22.816852120318885
P21291,24.692474500205826,24.585100424214108,24.798927677575076,25.13616647409557,25.024415165132357,25.16352269295251
P21333,27.49539174844562,27.498519692456988,27.45617907762796,27.070868911878442,27.146841981946686,27.084911338076804
P21399,24.62889403419882,24.56961042351333,24.655204451062577,24.776504117378742,24.860880103672983,24.71253676098595
P21589,22.70991425832702,23.234144401524357,22.42388735656401,22.935311291037838,22.89015905242206,22.508588248440073
P21796,28.31053083433875,28.555890224450007,28.214826145414467,27.69027322400562,27.775604654865436,27.73360548583681
P21912,23.50245198224395,23.418993818935217,23.614361849657126,24.186029129681852,24.164464128645673,24.253710455775032
P21926,24.355100487272455,24.960800572458812,24.196097043710502,22.54094165366012,22.32654798633858,22.64690506631043
P21953,23.90550673297265,24.201549332959278,23.842467361808502,23.512993214899826,23.657436215086232,23.54503008952854
P21964,26.848125706256248,27.010907636259887,26.89313772608068,27.03477663384281,27.129320459539073,27.110007251753668
P21980,27.334242745341232,27.383172700187366,27.286358777866447,27.056520510231618,27.24822300368512,27.2926009209524
P22033,25.094656815798103,25.4088388673795,25.016765619421566,24.551042385478063,24.50298703002992,24.555547654630292
P22059,23.905295366021214,23.853707128968626,23.93431815877436,24.104355281816,24.18712187301989,24.23348890459577
P22061,24.809571696012608,24.807758779066035,24.827709998030873,24.69585994069921,24.7928717951007,24.92662636726257
P22087,26.13326719350235,26.776116220130433,26.236586765090287,25.853925048354906,25.900245222341617,25.89442654946057
P22102,25.557451664816256,25.568372391910636,25.64354300977396,25.53509320257903,25.529561260625066,25.64046836705589
P22234,26.697210187850203,26.577306104640638,26.594834333629514,26.631078142987068,26.569555842205485,26.609212448990192
P22307,25.728285297202774,26.024626182288277,25.585629295325628,25.30071849081518,25.41429077237064,25.35772427900108
P22314,26.032122846686647,25.988532142284175,26.0651660003018,26.22390168841804,26.348948882880237,26.286107122576308
P22392,29.801711781222632,29.804112485412816,30.013771910355132,29.750041238420756,29.923482355719532,29.891801589303128
P22570,24.2297256665674,24.722772308692686,24.361773943156358,24.132712301377207,24.101151451180566,24.072235174712326
P22626,29.990871844470806,29.92146654077721,30.13359649606116,29.9815989413332,29.96978990450475,29.950454734678665
P22676,24.073923187174994,24.428550072983825,24.246165915349525,24.384558754030145,24.345588248974583,24.5496993712101
P22695,26.38248583608362,26.813775443163212,26.49164425605834,26.181037120774437,26.05769514643239,26.028876385033584
P23193,24.854635864781187,24.770106825423063,24.904425332041605,24.914247796135495,24.775827865473428,24.883258184678695
P23229,25.708882965572997,26.098462813854137,25.530261893279867,25.286359782636712,25.285408004523415,25.239576096505562
P23246,26.916070995375343,26.687984518297213,26.962000618157195,26.87315123850614,26.88113069852049,26.896584558608108
P23258,22.999577548764247,22.981180606285047,23.266220933011958,23.032227712848293,23.246323091605294,23.103311823244123
P23284,28.269177984257652,28.622248463413882,28.282051937473813,27.989377521089654,28.014809067645157,28.020765526982895
P23368,24.367052219911614,24.749893869899452,24.383915714718288,24.046095847803752,23.75067243835961,23.919930510701317
P23381,26.39029611215915,26.48260878827153,26.74720168434225,26.542984427882228,26.51256844070388,26.611265690140236
P23396,26.63612670794693,26.77483226755607,26.878941342066224,26.86923793148123,26.836521527131143,26.900607132545804
P23434,26.07191582423926,26.180225598258097,25.84582155951257,25.383354666024573,25.167109843412117,25.294629862847906
P23526,27.270569536844008,27.156224567209463,27.373522567766894,27.311053856498233,27.205470257494344,27.285186157196108
P23528,29.557207832633498,29.519624736051664,29.66926124506862,29.72848634820234,29.81685342613265,29.84669399529896
P23588,25.46539613826271,25.242536823596243,25.583890708109664,25.542386843522756,25.502761528181637,25.558458200437638
P23786,23.333226748274594,23.817165384120337,23.43752096468135,23.16084238716224,23.32416117711035,23.241350846668663
P23919,24.713979336037358,24.72887244403236,24.65588803091865,24.544325862417452,24.387173549503046,24.533573081389804
P23921,23.863796741099677,23.93837741612541,23.979395276343467,23.87430647570018,23.865574611911303,23.881086133869154
P24386,24.301878088736917,23.23462859351191,24.13134093754927,24.686663590915263,23.86906616905922,24.25633583364986
P24468,22.38986118976855,22.329708075146893,22.379842234541634,22.355124958538873,22.30979759088199,22.35619604363544
P24534,27.479141939056838,27.47081339662064,27.5243041020794,27.380079728771566,27.547328769342602,27.413527959762224
P24539,25.474148248504658,25.984899552418945,25.520673706462393,25.265915733029846,25.10789980021829,25.312495031419594
P24557,19.92068737155236,21.430882706967992,20.26923742169147,22.023669256219197,22.39118615248165,22.032521835633077
P24666,25.786249483528575,25.690943347980344,25.866639491426604,25.67186506883915,25.58206776760942,25.463796058839353
P24752,25.66025328646663,25.923876659816152,25.60330549667656,25.269483279706186,25.23923898067884,25.183008183696284
P24928,26.02976618414592,26.513734341609123,26.019718860677912,25.478657432771172,25.526861562829453,25.49014173334526
P24941,22.621175248351502,22.802640011689256,22.90255940198361,22.788647249702795,23.012937514005053,22.69969190254813
P25098,21.977536658195234,21.979450665234662,22.12459938136579,22.291198668672976,22.463053837761823,22.27141885718557
P25205,28.478705643885753,28.50506087651689,28.51858976149893,28.58341854618844,28.58013604145208,28.64401103464349
P25208,21.21090851579528,21.350297598507147,20.5789353972065,21.2114396634187,21.5695588784174,21.382788545047603
P25325,24.481933909577073,24.705557512204994,24.473958375093698,24.651519599765045,24.662300028871986,24.750151871563517
P25398,27.042949659459826,26.898714761408055,27.10602882024477,27.07462744023775,26.959611421966706,27.032546532323227
P25440,25.898158045495098,26.045634862640085,25.902064817947224,25.911559127438917,25.981896384114172,25.7470681727332
P25490,22.829920990622863,23.28042926839238,23.407284882369208,22.659425326134116,23.081437276481527,23.312533600000087
P25685,23.901673631429293,24.07767974592844,24.176822190773432,24.088185068509787,24.169346871040474,24.296084833467294
P25705,27.84364318141238,28.25269213744356,27.905463121563002,27.475101339367498,27.47246315449275,27.402283238714414
P25774,23.888067351166885,24.208551708910854,24.08190532579559,23.787041872726693,23.943366527007317,24.21403091163101
P25786,26.160099846340575,26.057245084873053,26.264551054282215,26.253648680192267,26.29663588018917,26.273656219297322
P25787,26.1415162657434,26.15491079567179,26.19512961299564,26.19507815971239,26.396570518973096,26.254536472530148
P25788,25.536282793074598,25.45454567627958,25.740595430152354,25.705903276414407,25.679765283989124,25.692808837558882
P25789,25.857711965457494,25.985364241412736,25.908870705576735,26.03877978518128,26.05311638403793,26.076986805175114
P25815,23.284216939206924,23.78031598299095,23.672770183297757,24.147589241324344,24.2841498534195,24.491493737779518
P26006,26.60954545631415,27.02775081638344,26.58194862654662,26.048715017653727,26.13585936335358,26.1042982871753
P26038,25.37564620771043,25.281581654413603,25.326649745258507,25.36599964296564,25.19287235660994,25.249087260238955
P26196,25.134729624113806,25.001231901572684,25.152965135930394,25.273836567733962,25.228716983250468,25.275048524570725
P26358,22.55835706459822,22.728763585106922,23.03668977478023,22.48187911010999,22.406166849859815,22.251467096605502
P26368,25.80117549006202,25.89567761682443,25.781329194098717,25.877691395319356,25.859943725008094,25.79870890252808
P26373,27.427807597715432,27.260026649798228,27.55338858692062,27.37937296277748,27.26382160642938,27.318931799521167
P26440,23.995659945610967,24.704999306186046,24.18509289224134,23.92247406874453,23.886951031903646,24.087712417071224
P26583,26.5208788962241,26.4096080792538,26.418556140533386,26.619354343310153,26.713846331660495,26.554814241119434
P26599,27.546673113192707,27.535889391813086,27.595396828914875,27.607678117757956,27.720455024501856,27.57635139301339
P26639,24.46153802460756,24.48201702839114,24.57896517083449,24.370088454490514,24.375402082669247,24.399827862604877
P26640,25.86404498501781,25.794120434983668,25.800984991033157,25.97329626787908,25.96021878243923,25.928690499415854
P26641,27.58547755413805,27.721677808135254,27.696072176150444,27.605902663137005,27.642746681530138,27.578349165652057
P26885,25.49398135890013,25.600901534775243,25.374160469058683,24.999651004993,24.99798760398368,24.982217837261572
P27144,25.04172481553389,25.469423091123268,24.95004901276947,24.517130625684977,24.80609624635509,24.39364811840523
P27338,24.781431956937016,25.213996141766792,24.66088183143393,24.87959194292619,24.702574849860362,24.882725691945907
P27348,27.41859934177258,27.29899555230148,27.410613235086284,27.4255589572661,27.486387466475406,27.491895747396626
P27361,23.70898628584458,23.64903026500903,23.582354837621907,23.729727567361042,23.706517623284252,23.50286287486933
P27487,22.82791395591722,23.088411387990238,22.572596961833426,22.92229711754188,23.141806391777816,22.871332906850963
P27635,26.9206249009931,26.59886323154609,26.857136894607084,26.93409314934258,26.777383252851767,26.894179014213183
P27694,24.07245992103213,24.051464037521956,24.07803171254953,24.060877307231443,24.130908447512265,24.051204459308998
P27695,26.084677191065914,26.152541943433793,26.115506401257665,26.43427176397333,26.501337157740398,26.398259959965504
P27707,24.23387489700671,24.12978342914537,24.140490457392914,24.19771208684027,24.17079092258918,24.17664964875277
P27708,25.222510887949877,25.16350626264644,25.326751222747674,25.279561700070833,25.240721468559187,25.244805857805897
P27797,28.000278069146805,28.210732460916304,28.11015415083611,27.429991385001482,27.486374883215092,27.388817691282778
P27816,25.475807570975366,25.264250870735854,25.451626546373245,25.762630011430176,25.90632133539437,25.803563673153604
P27824,28.43672272369607,28.68440746012642,28.3612378386166,27.89963829151608,27.997939273174868,27.887521745092936
P27986,22.427018273853633,22.537961166945127,22.36851858402207,22.36883613097192,22.48135120460087,22.445812932520575
P28062,24.045171229913933,24.238314494586092,24.283931626491395,24.556874833351138,24.501005097407972,24.57278567731399
P28065,22.818058822588835,22.84021990922485,22.819879894682614,23.104624506057277,23.486025914890206,23.263454039794468
P28066,26.49669883471818,26.407634754375966,26.464516024414873,26.678827726702075,26.426161785414468,26.364685195076365
P28070,25.89474496800791,25.953309805926157,26.058491468758923,26.19959492014725,26.259431410011228,26.080765937607538
P28072,25.56983660683841,25.439951075160632,25.503896325908308,25.74639263798116,25.713390500749814,25.499980639173728
P28074,25.14144532331144,25.204551145151758,25.291129236220716,25.227907399176654,25.149912213402942,25.233383137229144
P28288,24.36852471184772,24.549407726359536,24.459342435058943,24.291953636259812,24.40417798994253,24.366460694283848
P28290,22.52688746518974,22.483003129290797,22.295279889952,22.46905014935331,22.57272092478397,22.549138354893252
P28331,24.35825479781521,24.631748911972966,24.663761235568888,24.892483803227307,24.862597822066487,24.90335259072543
P28340,22.17066273301552,22.41246234190837,22.559699981507226,23.621578166094107,23.58399379859543,23.608662942867873
P28347,22.000449320690016,22.22177383912861,22.258675146227347,21.976862579724287,21.700551560738347,22.007168969627713
P28482,25.456824007748285,25.116129757213272,25.265270796460495,25.30526480009985,25.35187080857516,25.369481265928975
P28676,23.086920164284212,23.27911135039257,23.246889306137884,23.349924910198485,23.472433033459563,23.457532180642886
P28702,22.423000080630903,22.52944282699933,22.603468787895675,22.847770693416628,23.007128753478906,22.87098163201785
P28799,25.116517363866826,25.20904902889135,25.134089336864964,25.56621375991798,25.405027558436643,25.527147298620083
P28838,25.505526285276236,25.455963159182442,25.435606363931083,25.26365160551807,25.289432866022274,25.26891501736919
P29144,23.217116677969795,23.16538148717489,23.177044912922568,23.169035615269642,23.25969643427134,23.140088326219796
P29218,24.183047116972347,24.01038314699089,24.245407487790146,24.26906088606243,24.19945368801014,24.178147063907694
P29317,25.77344771886137,26.029898848644137,25.96577257328396,24.448211227846134,24.29748516311928,24.41384882458386
P29372,22.22939665655402,22.387163160773465,22.368323812176566,22.604056596447748,22.926075613910125,22.40611026356734
P29401,28.014251894494116,27.99383105459094,28.095529642674368,28.440341611511215,28.385686296111945,28.30639027634676
P29590,24.16620247317038,24.29746221326229,24.371109397784036,24.328998353260204,24.33281209930222,24.34628174135565
P29692,28.381180701479874,28.28817838001622,28.48022119677018,28.08096462419118,27.908478955270816,28.052446638251553
P29966,24.550563266847135,24.505283732280045,24.568433048789416,24.41581808930118,24.560175376072745,24.549472241116742
P29992,23.78568922470041,24.11397404708131,23.61919491171574,23.275023722613913,23.135968027538773,23.124969263760306
P30038,22.5932555856364,23.058986088933207,22.608488789312897,22.49744913868256,22.563778610463675,22.601850341802844
P30040,27.0156991829485,27.206451350419638,27.009581640485706,26.351581652040597,26.394234361267994,26.357989998910266
P30041,27.808611604603186,27.918357764212008,27.877735503376243,27.91930872010423,28.033103356722133,27.95397383644924
P30043,24.784931626666253,24.628372335162886,24.90631573800642,25.23827957608436,25.32832827992849,25.312275440914156
P30044,26.67233493696439,26.79768514718762,26.56659562649118,26.835134373006362,26.870497642819434,26.52613204734697
P30046,25.596446503839278,25.55477139056504,25.58439427280979,26.19528403694081,26.308887673072878,25.944576286262336
P30048,26.92333319856173,27.37758827379836,26.942797390462125,26.492090183595568,26.545870720883755,26.591146536824077
P30049,26.137876748178204,26.33642827512076,25.926763163297213,25.356207732610674,25.684694641517957,25.38016549198156
P30050,27.077780008129952,27.307824479145825,27.334449316595048,27.168167759516866,27.309006615389837,27.23173202238473
P30084,24.758037534598145,25.13560815614978,24.62618894221646,24.37671124431515,24.302668763217824,24.36420213117545
P30085,25.42166153034553,25.4421755925946,25.60575518675606,25.87732336222337,26.185607550211447,25.88693968578523
P30086,26.62846712265767,26.68177232810759,26.87266483021155,27.07635374334421,27.185112973809947,27.147199994157837
P30101,28.181824250606493,28.38357273931533,28.04543171876902,27.69638934976777,27.709019321518888,27.739829013528627
P30153,26.402743931316085,26.314397130701057,26.393349375382435,26.452812354306566,26.410535586930653,26.353204585267363
P30154,22.086443696607212,22.335438607000775,22.45716479592495,22.214743916783505,22.15562721678875,22.420314283070507
P30405,24.79785345345466,24.795252643053637,24.79982072249032,23.970557245137975,23.811336962109323,23.745456041572996
P30419,24.725053115936394,24.76783175828937,24.786356284045745,24.838151645757186,24.919292351181163,24.803403151688627
P30519,25.14073695504205,25.070452485090073,25.052800524115113,24.965901569310766,24.87548099032523,24.804671857943877
P30520,25.2855575769779,25.243641573357866,25.27749301297952,25.073444368335473,24.910450597420592,24.978233800595092
P30533,23.56326529460331,23.808686632264077,23.478848478175312,22.887327263289354,22.88582072488983,23.08325304445608
P30536,25.831782334565013,26.417167607936257,23.38047388025542,25.31824613619844,25.535498226672722,24.035095750822453
P30566,25.26102337324665,25.21005185265504,25.391944712803955,25.295685570365624,25.42614194586331,25.37192071525287
P30622,22.267311202320062,22.156532156940948,22.273563991398337,21.743016171282772,21.597309464519483,21.565783109655026
P30626,24.579958999463045,24.560282682744184,24.473954288857133,24.526865143828626,24.61492536088682,24.491717582923904
P30711,24.58046468572092,24.525092178662824,24.604169965924367,25.35683933386284,25.46950382864454,25.155610387521417
P30740,24.81301481033764,24.863872154313633,25.17431236556651,25.581488341718273,25.653226950376645,25.71300041579757
P30825,23.401704391452725,23.631897972565433,23.17267410294126,22.761266343984722,22.698442914820127,22.968426247338492
P30837,23.803202400818623,23.783673506560923,23.548522678132215,22.949494128582042,23.166123997599886,23.209900265369395
P30876,23.755422561982655,24.110273650920462,23.65514908231006,23.45268050636301,23.45091181918417,23.409032455479476
P31040,25.151820195501152,25.36531923810207,25.082400512649123,25.06273970362512,25.056622667117974,25.038298619790183
P31146,23.99818797119752,24.034042783136485,23.964418872469118,23.173260968206232,23.47938482509754,23.169203105221346
P31150,23.577011889051622,23.48321513110449,23.328732031927,23.441708551095065,23.765412168108774,23.530256177151134
P31153,27.313446654029594,27.199955239088776,27.39513283072268,27.438744937723815,27.44835868874597,27.36704231868823
P31350,23.42758689525203,23.54864214255413,23.51319302284116,23.341665811814035,23.464706895285186,23.297201482852
P31483,22.935931887688383,22.988172472146108,22.563956034928694,22.582421571206314,22.322289625909963,22.50768880083903
P31689,24.778539796012858,24.8744800309558,24.94046182684774,24.900709663407966,24.928213290076737,25.043608080051182
P31749,21.747926284172358,21.936083085080483,21.930929746815774,22.205585958277176,22.358249431205678,22.3529802651497
P31751,22.35671752162633,22.191637746431564,22.160054208892753,22.703896393872874,22.673397613262825,22.705307021289567
P31930,26.342394425952946,26.69296568445391,26.37392093659948,26.09281878624853,26.17881056385034,26.11533176568311
P31937,24.886252521289457,25.264052957412357,24.758892319104653,24.155458760866463,24.47562496574054,24.29008791087465
P31939,26.276437890037744,26.229573565601523,26.36036470926314,26.311781291996912,26.306743225266313,26.305659160185172
P31942,26.18435073709611,26.18107477993402,26.238886884435775,26.050040638038173,25.99136224816054,25.958594087468256
P31943,27.3257604491607,27.44486893798322,27.47643040681818,27.394326353202,27.315052812426423,27.36926347359411
P31946,28.230348570496933,27.84642838217549,28.116599675226244,28.12928999450993,28.072904791772427,28.02150044227551
P31947,26.4033661840861,26.33523618184713,26.16515469464628,25.963066458680736,25.95073724626448,25.895702945096353
P31948,27.318777374430066,27.23527626780173,27.445049998003114,27.34435094131442,27.29094161836224,27.389026280635747
P31949,28.387579982704906,28.84550273273976,28.355511401605817,28.293903440188604,28.53938876132459,28.516946611563366
P32119,26.734250151532567,26.518309597771914,26.711320093418145,26.74402559254732,26.83022557763339,26.615393429002072
P32321,23.22605963523826,23.286211844716306,23.163404759130387,23.212797514882162,23.2708288346948,23.247672594531277
P32322,25.29809292158626,25.72776977691297,25.310388813071935,24.667040273073454,24.686557056606066,24.69725606354615
P32456,21.09480527408891,20.738430912433703,20.906864986017954,22.102616191813702,22.12813469871245,22.060952488953617
P32969,25.882862843935705,26.336728689493448,26.08365806408962,26.02429801868884,26.300546743358534,26.039743391549493
P33121,25.596595446612085,25.71571958273725,25.476428923459203,25.054182485946594,25.049359843856816,25.03307141040628
P33176,24.72272603880683,24.74142244381428,24.786510537502775,24.86122513643875,24.83669251350702,24.821584626717886
P33240,24.096364982332403,23.90161259676723,24.18817605187466,24.07072598150169,24.03023740368709,23.978503789678133
P33316,24.650163528747655,24.544221136311542,24.861298506806982,24.587122132138184,24.413009473966518,24.664699763079987
P33527,22.08788314608525,22.482894347839924,22.021400067591713,21.47441556425149,21.251496973230584,21.30667630284259
P33552,23.5146178704283,23.586546966394287,23.640534120849132,23.539290059338036,23.344344269685,23.385069950229656
P33991,26.17019846615612,26.133376288292315,26.259761219353358,26.186123120609825,26.242159539996166,26.237652867635084
P33992,25.101866539369805,25.148945564303368,25.220672060881324,25.279429642297504,25.334958601927777,25.23323537176972
P33993,25.679748803664634,25.627733692298857,25.694845960541258,25.739086815825182,25.648365921161776,25.71859903347126
P34896,22.952971540473893,22.91767090777629,23.103488880267175,23.55710267134903,23.500268465426807,23.484025323386096
P34897,26.20580831039702,26.609108044273587,26.25395663026076,25.75207014866536,25.739003610256663,25.623653131295164
P34932,26.179048967856406,26.167151084400764,26.24767755574102,26.227870685894683,26.17533101425264,26.259611246797956
P34949,25.452519646235324,25.358354613113786,25.171259733565634,26.36609311933537,26.495994603350777,26.342102515669993
P35080,26.670963328914382,26.428321544234777,26.590254349373325,26.75784074452289,26.78609689764491,26.802277275174443
P35221,26.49834095927232,26.772303397071024,26.5982738991851,26.457124770015444,26.58629810150803,26.499034615448085
P35222,25.122306677514597,25.353192804616366,25.174014450887412,25.205028212218327,25.294052625452476,25.117679242370663
P35232,27.309179180584287,27.683028876028875,27.398908378220465,26.997331824617007,26.89890551220505,26.918604051774107
P35237,23.058629279335705,23.059876159625322,23.12018819219744,23.70364593115278,23.994893061997242,23.9095571171278
P35240,23.61155573276118,23.81484333188462,23.385702207775484,22.912888057420638,22.75567203927544,22.82865803656053
P35241,24.20139183884802,24.100777656125466,23.970933353813205,23.924576674177455,23.666128629185327,23.80684949936886
P35244,24.901331601487062,24.907679665493973,24.87959764496353,24.698215989376262,24.926460783281584,24.929679295853745
P35249,24.29992611781178,24.325168046874584,24.55019827385445,24.452399240747017,24.426254515698645,24.41163731118856
P35250,22.79502766018028,22.88315058290368,23.15593288857831,23.06124773715254,23.072640641401513,23.274083918904147
P35251,22.01988998291973,22.01140420805256,22.15407671077169,21.527896936826153,21.626531422281953,21.605728854137883
P35268,27.444755931748624,27.307561949764207,27.445627295847157,27.151249300825747,27.272714812250463,27.12553640343298
P35269,23.37621390547462,23.289102276230583,23.45092729485337,23.239146602437202,23.221425014043977,23.200652149361442
P35270,23.42682497339334,23.696039254032456,23.44658660071088,23.883156923612077,23.85625453768267,23.509317141701036
P35520,23.253108382730417,23.13317733992711,23.428028617955576,23.43097338660849,23.458895058079687,23.562623014390393
P35527,25.216256958471085,24.125298686820805,27.183949975751485,25.21732794046988,24.21240569262298,24.410019227960603
P35573,22.968163244482792,22.91825882334465,22.801153480319588,23.389901354059788,23.312575560336676,23.41839117259744
P35579,28.575293467876335,28.495493919129466,28.493687328670315,28.52547990231328,28.55477210767837,28.509025797778566
P35580,23.351230286934758,23.419824425178227,23.315410939247545,23.283664059244945,23.352324474125506,23.3156212780892
P35606,24.96162579388464,25.037863448485403,25.02650976562944,25.15536564617345,25.134156332384816,25.203733780688886
P35610,24.75692122157036,24.896184929460688,24.853505928748458,24.961537305254815,25.038039844360668,24.822189872987774
P35611,22.197728432084258,22.276781118553703,22.267369073489874,22.98217848660663,22.988585621364088,23.084505433421153
P35613,26.003840115822282,26.466843479305,26.08390330925363,25.510741595696178,25.630206124040786,25.525735196025245
P35637,26.898432393786305,26.91406834989118,27.030795593347108,26.79671709774481,26.862780380921414,26.855133047339567
P35658,23.401158814890014,23.17322817595098,23.42048121578551,23.40422815423535,23.455097531195577,23.473251407803602
P35659,25.114448182592895,25.447276354234425,25.236981889458747,24.933605748593312,25.038008603927803,24.995525820000797
P35680,22.79301741295978,22.826514447961873,22.671484161792225,22.85033088595474,23.11048410633448,22.87376597532669
P35754,22.4342969649405,22.161748367781826,22.328871839641224,23.617595927002302,23.651307181724665,23.40715545393585
P35813,21.84569639144083,21.696566533284223,21.779308252483933,22.023912353253397,22.17610282507001,21.91344934576212
P35869,21.46786014122813,21.48522298876053,21.526570779906812,22.04704034888332,22.22175215985839,22.20840852278384
P35908,25.480852559285324,24.14251189818471,25.534084242191668,26.238211960090066,24.706914890929085,24.123531158733293
P35914,23.86529141755379,24.25337489561138,23.750858251160064,23.545567018861064,23.817449595811254,23.577762799494504
P35998,25.36917185019832,25.32262356265751,25.441861378550616,25.343773578792398,25.280536456539387,25.318637550312395
P36404,22.411107895287056,22.28203667933188,22.55106374898393,22.381956764083967,22.403008121570434,22.30528637353126
P36405,21.936977899519967,22.18402404362295,21.677198527881107,22.41623597838973,22.50831501497819,22.212272537880615
P36507,23.00569684166172,23.045900942524177,23.238653575621022,23.112427734233652,23.16353451651494,23.26651334384077
P36542,25.278142721558886,25.889703825863656,25.266705344730525,24.851727313366364,24.940644359672124,24.96566109029332
P36543,22.849363482969576,22.90697910663098,23.087219536100655,23.167045203353222,23.16608046634122,23.056867714934537
P36551,22.651909316481568,22.892119941891153,22.620640795095003,21.830352801182734,22.25560751331462,22.07317367550333
P36578,27.711707115007762,27.602465330175427,27.714029032594606,27.59693312691972,27.62579452706601,27.66159939460719
P36639,22.795518216445057,22.525131497994032,22.728780189477725,22.344453043874935,22.214348323970007,22.542046588613285
P36776,25.5634945695525,26.134646362891655,25.54160960770977,25.080554720534355,25.086293856947275,25.10755201338307
P36871,24.569993361667848,24.474197461694907,24.55698776319786,25.29009177892027,25.46990757266346,25.308683292903037
P36873,24.338235707464634,24.555269478935603,24.54235767521235,24.2826119569688,24.302164338113723,24.467936713734318
P36915,24.42752973629656,24.39458136133655,24.50908453048774,24.87677041062528,25.003388547208136,24.913146262567484
P36952,24.686829841380806,24.726819657258034,24.69988683351478,24.75259277998061,24.736798382943356,24.730336623071118
P36954,23.260542433375505,23.807219589933105,23.203959703239462,22.885246440203694,22.877806096860436,22.866076012757297
P36957,24.969936354797383,25.38767290931048,24.885312174756628,24.47311339234479,24.560511849072416,24.56060245594496
P37108,25.649177770145336,25.755709014068135,25.739639251212598,25.714245203183527,25.93478714562149,25.73660651850239
P37198,24.377000242091707,24.34071670491572,24.319136800867298,24.191772216971163,24.39464925995712,24.255445438315842
P37268,26.265909010466604,26.737983372368834,26.056181740794795,25.09501497075972,24.962273044132047,25.08113345071196
P37802,27.28378029604449,27.03200857425755,27.340260053161096,27.447674985340797,27.49289753189331,27.320810720967412
P37837,27.271324793983315,27.22674331699906,27.350144865556366,27.65815895386666,27.69184454743475,27.67955835368393
P37840,22.21515140179443,22.167038923003563,22.300159259064493,22.60628173821185,22.827505914393676,23.148192295183943
P38117,26.843301130822468,27.112936729663538,26.80464620921417,26.420695764708626,26.380154127658162,26.427397635459805
P38159,26.904162781303523,26.61277346660817,26.71507897014557,26.807691207219584,26.762574763635435,26.676127831458544
P38435,21.34306087378486,22.33322497360703,21.992901281681842,21.40372887683771,20.869401511644455,21.165356950058317
P38606,24.216307884004294,24.318651064477482,24.324745444897196,24.21104120217249,24.269405231817036,24.27687722210212
P38646,27.802145731688817,28.1394534677749,27.782852563302505,27.23054060762409,27.17189301275433,27.262418508420314
P38919,25.197479934391858,25.380393288140382,25.189403672436896,25.181151195046365,25.15483711029438,25.159357847127886
P39019,27.037147550710966,26.7691852005518,26.946166113846502,26.779666160457086,26.70288252776401,26.613809244427138
P39023,27.837900252803884,27.976425861516287,27.900574888630256,27.780999317955793,27.828750111890518,27.87435868519301
P39060,21.114321878203977,21.092502629506285,20.732573219334416,20.83544952835983,21.155124261201504,21.947104032516787
P39656,26.385511782845654,26.88292346459745,26.4031678675122,25.999115006862905,26.27039674671621,26.171625442405297
P39687,27.350168392266994,27.100266457695433,27.339957757669026,27.617656258582034,27.683018364794716,27.568584259459936
P39748,25.694021676249132,25.573721258203573,25.773864849950083,25.886678607412474,25.843155755731825,25.891715574755853
P40121,27.126365897421813,27.34176362623971,27.20518422830743,27.34154613873593,27.593067790347053,27.5331076166738
P40222,23.732933058684733,23.647926404118095,23.97196315800019,23.774296943600255,23.734129807540874,23.921282541425803
P40227,26.310643704621263,26.251218293329238,26.363689834607566,26.260576314705844,26.249314366463995,26.20930268236524
P40306,22.701458871233985,22.225896265145355,22.614449698657516,22.728867774371004,23.177831011511092,23.408134697485885
P40429,26.8307833609013,26.741207066664213,26.93372982004025,26.783251782373785,26.592121173980658,26.775639188467622
P40616,24.244775087541736,24.185761673660984,24.07952596243444,24.413839658929895,24.31512371224932,24.30247214626173
P40692,21.629212745075325,22.046162142914348,21.967297686393657,22.277359346675503,22.007395014863313,22.421497045550883
P40763,24.79244061255444,24.796654377903096,24.831725903980747,25.32523634080516,25.390431391695234,25.35474883505398
P40818,21.951982227474687,21.827049112074263,21.99776938130094,22.203865933997008,22.160088995071497,21.831746582567504
P40925,26.767158324928246,26.533800203831984,26.67484041081882,27.014041887817452,27.10208225056075,27.012578869672662
P40926,27.96566573558993,28.18492131768905,28.011416674545117,27.421938133249235,27.303153393243743,27.4823071986484
P40937,23.856426003572146,23.909208343104673,23.861450537267416,23.868058297657747,23.838831716865116,23.849340668935394
P40938,22.968156475394085,22.850316767948286,23.12945911643141,22.991969923403676,22.98214766698136,22.992579157928226
P40939,26.813213857967487,27.2913577428295,26.828645714215664,26.544059373788613,26.578302804197346,26.53284106842981
P41091,26.6264981137042,26.62329255005062,26.687186104174167,26.81176956446197,26.74035851663676,26.750897189093426
P41134,21.315504503741007,20.8841533738832,21.255027705120103,21.867632990785626,21.761577608160152,21.869516092854088
P41208,23.086407250554675,22.968157178677508,22.852184486393732,22.99823343096376,22.81758231286216,23.0986316329944
P41212,22.095701400602543,21.50066733877369,22.076395643477476,22.83180465495747,23.139951135929664,22.834016042875362
P41223,21.900700267351922,22.261692948291305,22.08881589212506,22.266157867455203,22.187569400421886,21.907298453281925
P41227,23.918611421327583,23.936972509650502,23.972284552661527,23.906223423852992,23.95762726470291,23.95329062072175
P41236,22.873357932332006,22.55864013367118,22.703992681626715,23.006108257300223,23.02437187574669,23.121990003782383
P41240,22.87788836187256,22.822920383460808,22.77844434685036,23.036676696926158,22.998282763521168,22.900573875238372
P41250,26.077683453431757,26.090111409857546,26.135348214943853,25.976460376336043,25.986224587339578,25.903115525962026
P41252,26.09608616715158,26.142523310931814,26.138089505968413,26.20822174176529,26.263549781603018,26.202520540555582
P41567,26.331980120937875,26.552145596363157,26.557538023577983,26.382603084475562,26.427525516418136,26.410759931953034
P41743,24.726235728664197,24.722838063567586,24.526580307265075,24.51061870970624,24.58497385153146,24.553922195376447
P42025,22.02464562542513,22.295323195994314,23.68427670476902,23.406087680344747,23.666150413942272,23.903790754529417
P42126,24.925861536191853,25.526870216895567,24.93408558841626,24.593197103520136,24.657749664373785,24.549490807670725
P42166,26.435964595669986,26.25232219319428,26.488553680142132,26.259661275295603,26.3068926180641,26.253414861083577
P42167,25.461569248220755,25.62879371355572,25.429847205272495,25.69567211023681,25.791285027559756,25.34597542797106
P42224,24.414824311032373,24.44533910997819,24.656934990833182,24.893498275724447,24.849603151708955,24.948393879597734
P42226,22.91157412151084,22.96987901891334,22.960457342073347,23.65571391857507,23.697087615685103,23.678204347172233
P42285,23.76020472035158,23.780962009808306,23.87099592538266,23.75730546176804,23.73017147555697,23.734259869595554
P42330,26.382959718263525,26.401670835985367,26.534450009531223,27.18934984636599,27.25455404260087,27.308066384207454
P42345,22.693695169429862,22.272975272739693,22.40406127973446,22.307071396368805,22.724923469836007,22.228210982212012
P42566,22.357782325532757,22.35949944602683,22.257588542602047,22.09471656815133,22.32048684854385,22.325025683102353
P42574,23.223719958668998,23.047389051835246,23.01635298109128,23.072416413924316,23.27132381431156,23.116898839742618
P42677,26.1333359128135,26.20285454106996,26.244265323270756,25.994522889843264,25.91081626866304,26.263472594071892
P42704,26.85220939901868,27.175081808115344,26.813077801825123,26.252368215816137,26.16907913393508,26.245834578399307
P42765,25.96855852176283,26.41890875736034,25.857027350523893,25.399114258547336,25.503114936294,25.455865359966353
P42766,27.167796637470733,26.95991714558329,26.98705882472098,26.610747712368052,26.799425136318405,26.693694903601305
P42771,22.470116292949683,22.78389267551799,22.650084732295284,22.87500469754383,23.167186427411163,23.123734638084777
P42830,23.75626494773165,24.035091386731736,23.807573765666177,21.963608105467795,22.407795998231553,22.611727378105158
P43005,23.567789932874422,24.05265262103684,23.614764540581024,23.602722987954515,23.32593001019986,23.334119129461147
P43034,23.862589971588612,24.086369507672067,23.947874109961486,23.728738678192396,23.771994337956453,23.684836779838065
P43243,26.759148513468453,26.729226256631417,26.84002183906208,26.879467403874717,26.871835412114482,26.861349508848384
P43246,23.718720993431432,23.759293917320853,23.82099411857016,23.81739064991149,23.812764677133366,23.817164798461523
P43304,26.28861976628654,26.735665817492706,26.27172542396337,25.977676029788796,25.94334586758818,26.015327207288593
P43307,25.052353866951325,25.61592980129279,24.855276460058544,24.529381461689372,24.58500354666326,24.677624809936525
P43487,27.7118910713966,27.64151829055492,27.79997612372054,27.850380894065516,27.661413465462694,27.655300017226175
P43490,25.423893125470176,25.390969497576894,25.53988076524652,25.622712640194784,25.63384876870046,25.645178281734115
P43686,25.46162594857451,25.380312691523038,25.50131033693189,25.506302616829398,25.494570094126153,25.558917426780887
P43897,25.357213838707352,25.680205298081706,25.369476207169242,24.811144369587918,24.760560475148704,25.122238260384286
P45880,27.537528782176466,27.79692115350043,27.414418304119923,26.864456402254113,26.804177707369274,27.008107356105622
P45973,25.29366402416405,25.10779598369301,25.1811728104976,25.180230151826837,25.24029435372901,25.27136485308223
P45974,25.21847026354499,25.161536802790046,25.262634691449463,25.408666241829067,25.56545692880628,25.497499878032087
P46013,23.39371174100924,23.4942976111289,23.602414115935325,23.0281107692251,23.033782907139674,23.155689437054157
P46060,25.520282845169447,25.56585456443929,25.627404579033946,25.491243613965352,25.38356594176037,25.41383720613938
P46063,24.081674570458308,24.176304807190455,24.1115539112191,24.369353726519932,24.51793533091888,24.42192086717963
P46087,24.157344159542117,24.642345363771785,24.182988640916523,23.874260503513288,23.708702926523905,23.60271370123796
P46100,23.44394186741451,23.389860533479997,23.2302308434977,23.668513027853212,23.46574125897183,23.159037651181617
P46108,23.314642568763592,22.96887505224266,23.09808205498093,23.157962418815327,23.24994528668449,23.12733064667689
P46109,25.367849028908495,25.40063570101348,25.427379219668094,25.572867885714004,25.715779115095188,25.66559582987461
P46199,22.034578346235957,22.28162006793902,21.89922642948037,21.498077961333806,21.700724683769277,21.46272342314137
P46379,24.35967155505031,24.308441387109877,24.552583384860704,24.46941501712263,24.33791733952942,24.42530837421894
P46459,24.270671597164224,24.194906961053466,24.24198751245159,24.274888832300437,24.294129351310882,24.34604362350421
P46734,26.190621245216107,26.42347520467637,26.211128563471544,26.48355792244391,26.599203347475786,26.38781290414153
P46736,22.84528827576192,22.82101845613537,22.996028187828717,23.00630638692048,23.171829769862256,23.17916787028035
P46776,27.344080326108955,27.480076479273617,27.520514766980334,27.460944928657653,27.171761714818285,27.392945203019462
P46777,27.413285109220844,27.488708427563626,27.518915331417574,27.37799420666637,27.345450576455132,27.393510668947872
P46778,27.639948823262745,27.386731781639696,27.50711870723612,27.536694241093944,27.25157849874077,27.428773183458677
P46779,26.57251832309698,26.24253427962492,26.443049891858713,26.22467084094954,26.295550321204566,26.28037443227501
P46781,25.735244672870525,26.256522139330873,26.443661042492796,26.331640040913186,26.15299232089591,26.25139890392494
P46782,26.76402145660628,26.713299663440054,26.60524964085128,26.727018776081533,26.804568546412167,26.98150182698535
P46783,27.415897661258832,27.496081641251177,27.58182720628114,27.592642460075716,27.51389122945854,27.491195131784398
P46926,24.219750955440563,24.189510602197014,24.195377164014896,24.190323702819647,24.164722520725388,24.120201642166613
P46937,23.290184397933658,23.13226029397649,23.194915525225127,23.487349515327203,23.569629427985102,23.5778989934028
P46939,23.496585626160627,23.59857096641487,23.39549190499587,23.116772908340643,23.369497773337347,23.21573338712962
P46940,26.72342469677717,26.697117636485967,26.6220483832913,26.979137755494023,27.012876023840704,26.950138542639507
P46976,23.929962045766032,23.84190443552893,24.072573752971504,22.828919371370976,22.938678475461067,22.836347341912774
P46977,24.91687881365659,25.159968471233846,24.799432522904745,24.63414854638044,24.587823173814673,24.55082720681545
P47755,26.277751087288184,26.28265956830836,26.14590789742911,26.19409362141767,26.262912278650777,26.324746268803157
P47756,26.196471707510614,26.13449400512898,26.08409558151581,26.009176682866766,25.93472619135038,26.004429614213347
P47813,25.150424736705457,25.345913047884707,25.279012702494136,25.271253846215643,25.31462030508034,25.309207236745046
P47895,26.28488921366155,26.25884652506631,26.542382887531417,25.81333018068838,25.829171753202264,25.955790451901745
P47897,26.51115906430394,26.474087023714592,26.607631560621797,26.65895417486931,26.612042026960047,26.717523207393135
P47914,27.632309349279716,27.272232396661504,27.65902116097026,27.635704754266108,27.27180395185155,27.57704298784399
P47985,24.94405169759254,24.962470225138095,25.09240697450909,25.101824230633902,25.264076874574585,25.228333204985177
P48047,25.921392875747664,26.407971385154635,25.99218470209935,25.56476638366271,25.6355028092267,25.443262723586063
P48059,22.749961468137343,22.88540499876222,22.792946243695226,22.917703591211616,22.957521969688017,22.97129225924664
P48147,23.95796063347079,23.92433464393093,23.895099660132363,24.11742338278198,24.332933625505213,24.29339853668108
P48163,22.705998481467354,22.621260782752284,22.82295645207031,23.240085699867755,23.00962345400137,23.037869646996683
P48200,23.45038819079656,23.451338282975104,23.35506875468251,22.171426201949604,22.194243909806506,22.1810434921817
P48436,25.37913679024117,25.598333908231133,25.41063482573877,25.646726406130206,25.673010746550556,25.57083865202904
P48444,25.212282780989437,24.976307932383232,25.02415109658532,25.27349270902904,25.271633571182033,25.309523121522012
P48449,25.204675761874878,25.44894417673043,24.788932655568725,24.39785334308823,24.38412539283746,24.32790948014272
P48506,23.16317792440416,23.144080012455035,23.211122917833194,23.656930082424072,23.411683984609905,23.549681159820786
P48507,21.22204676359622,21.800577732271393,21.73927513635413,22.33000705302694,22.26047926266877,22.00103290192348
P48509,23.93311953419869,24.179418934486012,23.776890204019324,23.476824184679607,23.69989096267461,23.68790647964054
P48556,24.167726382381527,24.244772765231012,24.26584578823293,24.399977501269515,24.48016807372697,24.426215734814217
P48634,23.934976964565347,23.63163180591764,23.839058624432628,23.77275392672002,23.864289029421965,23.807408874463235
P48637,25.64034236735402,25.602285541349573,25.634370264211185,25.609336969358246,25.609548161542982,25.563304983890085
P48643,26.59441564639813,26.517271012870633,26.5760573864188,26.514846943232516,26.509916501598834,26.451286113973644
P48729,23.17082789529617,23.208473717398043,23.372095335431997,23.59709016291528,23.575616567080424,23.546348838792643
P48730,21.54164389523563,21.580169209781417,21.86441741251923,22.044607403771796,21.929237528133964,21.970153121796244
P48735,26.945251236442985,27.334105384235233,26.952726941491065,26.60374189855211,26.603405115008552,26.61474926621199
P48739,25.701856106757937,25.480794144776574,25.51774434715936,25.659398376238013,25.488057457164132,25.553004805227776
P48960,22.57078788025701,22.572828574264683,22.709047832591416,22.027896043945674,22.09940191070971,21.954558604599054
P49005,21.90026510764726,21.791496306603722,22.192090499298374,22.70572444684015,22.26896996963581,22.299081520966944
P49006,25.05214985276263,25.144694568999764,25.03469814475936,25.389300873192578,25.3765508268895,25.33695391667773
P49023,23.844562877254784,23.91744037293582,23.903836530647897,23.93314520436401,23.916146345270636,23.94840947603255
P49189,25.261344173839188,25.216368281725014,25.210678625962593,25.154754383546706,25.110970139410817,25.249495432559467
P49207,26.234270545388867,25.82695505456471,25.61788991106024,25.614194112859202,25.694904182519466,25.590165443001915
P49247,23.582328878457385,23.430624057525375,23.443195746645063,23.15948966280684,22.94908281385329,22.970708455068298
P49257,26.69297805167947,26.935099636390415,26.66514688993846,26.503273286498644,26.6685052642159,26.616395300014016
P49321,25.343529624927424,25.203752297813857,25.361388571741116,25.434095726758997,25.446005094428646,25.438176096654463
P49327,27.999696547696814,28.082153935552963,27.921399970001243,27.724476356348998,27.76629678482575,27.72219765967282
P49354,23.842586960146477,23.851418415653175,23.5214611022451,23.800600659179587,23.969810968008062,23.867428915835095
P49368,26.949132764832605,26.95689785706209,27.10121522399845,27.068195040921218,27.03171176006228,27.06799510049747
P49406,23.80987330045977,24.367027816773756,23.931083020744783,23.22571743382691,23.43745480012777,23.544512298528353
P49411,28.3053162974343,28.56764000239368,28.25001051112083,27.78724918244292,27.807716015862404,27.91451852036661
P49419,26.349218924004717,26.558319224424665,26.344455583647516,26.336689196218845,26.32842590705562,26.382453018019582
P49458,25.1302074566761,25.074232128901762,25.099023808250337,25.11414249108034,25.2718862857998,25.08536417933644
P49585,24.098531885918725,23.913869849272924,24.102548596480695,24.17666349547894,24.2807559054442,24.23962853613996
P49588,25.509267178766805,25.429935613810176,25.53440061260558,25.54059715592302,25.646194248871083,25.59975748916387
P49589,23.78083368843832,23.41573197003001,23.789905120087905,23.885996157764037,23.801955089467928,23.85466791556721
P49590,23.420271743624628,23.973955247105074,23.559123581555475,23.09520512392491,22.936208201974548,23.282267920997825
P49591,24.73668083158773,24.808397251674904,24.81550740812065,25.0218026255533,25.020953666204598,25.020573590796328
P49642,21.061859636624693,21.07396292363107,21.418833918322818,21.48668995343548,20.98889600357662,21.264352680979528
P49643,20.19930546177001,20.851960891809625,21.736663698632583,21.906161461776275,21.686507366399415,21.796729938392716
P49662,22.407940146324698,22.438865060811057,22.43277584552227,22.45787129903541,22.733234563303064,22.689705952804314
P49711,23.570896368737696,24.083125440327127,23.469204953010344,22.81316751222613,22.895724020837687,22.861271336537918
P49720,25.257362807196998,25.450403797947107,25.36974795726062,25.43256146097996,25.50702613045727,25.463826048992246
P49721,25.98459760029122,26.06045202807815,26.07912580470076,26.074388575870948,26.06870924243359,26.196177508564006
P49736,25.595665368854693,25.57518386662461,25.67581552422735,25.68317486044969,25.68732596801802,25.632883737682818
P49748,25.539212838538617,25.926916726724677,25.51425667283939,25.083107743698005,25.085026482060325,25.211564696536172
P49750,22.96956472862257,22.677153031716767,22.780649894739856,23.087196708961272,22.93979727323677,22.939200940201367
P49753,22.919674062506747,23.385676406768308,22.883288020838094,22.642302391284513,22.78623681851711,22.74949875057698
P49755,27.577756433094148,27.6037396492505,27.408656039109733,27.447644720608498,27.36384679362158,27.39191379674762
P49756,24.657245059363046,24.557985977819197,24.61204799067122,24.56059499304567,24.509009241006723,24.502294998864656
P49757,22.38705979541429,22.430240310460267,22.286646589495977,22.546297963296865,22.529441873771752,22.524720444494275
P49770,23.048069237723677,23.070800651750833,23.029423052965594,23.287048079715696,23.164657006448053,23.168140476352225
P49773,27.00866284676605,27.135980372555938,27.119186489650442,27.291699811429748,27.34853646630511,27.269261288735425
P49788,22.248323851852472,22.58210257746089,22.482435258842017,22.322795314678423,22.121420796062957,22.567030677890003
P49790,22.17481477144623,22.1950178406073,22.33062766190195,22.082592498044388,22.0635432037881,22.09434335725328
P49792,25.088181994591267,25.017808335526666,25.1607708502854,25.13838641572307,25.10741209291898,25.141467541920818
P49821,23.791089639944534,24.261878276628963,24.155439150145455,24.217234592297572,24.21869935861929,24.261589515547776
P49840,22.746371006623544,22.477139030759393,22.77808796087586,22.580409938440567,22.998504265713528,22.712138414090646
P49841,22.90139412122583,22.86312692146897,22.928368461425595,22.796984529893017,22.863974777994233,22.791523312954013
P49902,22.906350147834637,22.813450653148173,22.76650515070801,22.774407548424627,22.75360585338496,22.85366734799073
P49903,23.972256326102126,23.996897539159335,24.0129426274142,24.142922232927734,24.05335452843868,24.070940648052144
P49914,23.70135934694561,23.56346373011937,23.388734690437257,23.46718809848743,23.64706541873446,23.75675389856974
P49915,26.097439919332597,26.107929244129608,26.215007572728307,26.05338614270543,26.092955654458148,26.086821223541936
P49916,22.009631483424407,21.88720276257808,22.207077343021933,21.78785641936594,22.133705874574677,22.191653257110875
P49959,23.22241684266617,23.243089122580383,23.426935251216836,23.658035579752326,23.57175287492302,23.66285131865868
P50135,23.719058916012205,23.440865746760533,23.512623412855,24.495109780819554,24.559168170615887,24.587836676253122
P50148,21.96546274198854,22.535467732186333,21.99387682456446,21.756012212363586,21.955005090031882,21.88277206672644
P50213,24.77355738275639,25.012879901676243,24.744644373140314,24.207111162656755,23.9621652628178,24.075975567624397
P50395,27.234483440687715,27.176002242039395,27.27795642130179,27.350056489395165,27.44150505146615,27.31146344139389
P50402,24.59325535764055,24.413636321349646,24.370923353944054,24.546650050919403,24.4697181958906,24.354414316097905
P50416,24.255607801431736,24.569197825707572,24.18217594199487,24.12380566756291,24.067958821157248,23.846162463034908
P50453,24.34741050744504,24.477829770861046,24.411126778628425,24.2179801735544,24.394850320558948,24.299876104175066
P50454,26.37079973256504,26.650318287138088,26.354291861691518,26.06765267661334,26.138706697205183,26.184051292981618
P50502,26.44030715247979,26.257662485207657,26.46984334257339,26.487129224515936,26.532051981233572,26.517686866908637
P50552,26.18153472639051,26.108936757419603,26.029520954345656,26.09521925157856,25.95842182153508,25.94104930832048
P50570,24.324342086432367,24.35336021546648,24.26235052674168,24.374757600923136,24.387921735807602,24.545968995781664
P50579,25.089504792198966,24.85963430703298,24.90046368765624,24.425106262507317,24.431205800515972,24.603060100591982
P50583,22.64111231626177,22.676345262861872,22.381490803658462,22.84940185555225,23.110838354060288,22.896150276321993
P50748,21.792799347966785,21.94526664359769,22.253790367023928,22.32616461166929,22.1520061031383,22.596985332021372
P50851,23.195033615461128,23.09470046263937,23.11039807982205,23.577184811741912,23.527588800705562,23.592991770339086
P50897,23.47668428595992,23.791482872793075,23.61485303888929,23.482183621018045,23.67377402655385,23.50228492123518
P50914,27.20930268236524,27.407132108894203,27.474412710982723,27.09940445915334,27.099869324304724,27.083133862385164
P50990,26.696646168836033,26.657356342771866,26.755478644651188,26.648297505772316,26.610844565825968,26.61193822067977
P50991,26.60255191024803,26.544234080068005,26.615197658865387,26.626970321853157,26.514626357484204,26.639167017069152
P50995,27.330757183919324,27.623163799038515,27.327095764410565,27.20003683649137,27.248062902695427,27.165540201567342
P51003,22.591655535914203,22.41559195078047,22.93629690975,22.99926966282724,22.795880229178735,22.73261472393618
P51114,25.496719708004434,25.304749029457525,25.45237768484176,25.440707491890812,25.301069532067007,25.45675233175392
P51116,21.588880306918664,21.19941744169038,21.371737939441168,21.298404508369792,21.15014238322126,20.885680065365047
P51148,26.675963545561025,26.591458458115465,26.594281942697194,26.361242608363877,26.293847500505326,26.33418775131001
P51149,27.201922116419688,27.337305967967705,27.036634570340237,26.75800855169902,26.883216855916714,26.757909598677074
P51151,24.028901249563813,24.34277758089045,24.11113981025236,23.660719526158452,23.67891342871932,23.701274306938856
P51153,22.60398123815416,22.797974631701912,23.08347884039102,22.90761054169748,23.01072528806842,22.951813126777786
P51398,24.422513058796643,24.913869392865738,24.72774215270084,23.813821011148292,23.980902839721985,24.42602693509022
P51452,23.72678058362023,23.817351904357633,23.79515482441491,23.96356182364157,24.20224162450885,24.09256924551331
P51532,23.659463654008118,24.176994103656263,23.88897767195696,23.630844340000518,23.89442432897991,23.676515611906268
P51553,23.947035808691922,24.415490086617986,23.932064590801556,23.445641455016652,23.405398852036715,23.470883121038728
P51570,22.43207019956579,22.692173402595127,22.55905517785745,22.8460776034802,22.918678291481157,22.939585132467258
P51571,26.045812310217745,26.377055929098614,26.06854430624211,25.681175023571274,25.53743514443068,25.491578387130826
P51572,26.82509649603683,27.06212410022428,26.63364024518161,26.66686422463366,26.710665281166467,26.678011140212643
P51580,21.265328606442715,21.220839535828137,21.30065279633683,21.611846561120757,21.524011637050567,21.650518968897842
P51608,22.318871686004147,22.061325371955398,21.808636262414744,22.136553741868426,22.21242142693111,22.03826177434299
P51610,24.487214191679232,24.33568938396056,24.454545927284776,24.556603110832548,24.6493684626122,24.470222193599376
P51617,21.848104525461967,21.58728194238786,21.76737188858716,22.129774626660534,21.948169432685546,21.881366058283746
P51648,23.500643757132273,23.97684124099411,23.71413219466582,23.699424822362452,23.801525824157274,23.8532691922772
P51649,23.49458645123493,23.852407684363534,23.641490631971134,23.28369768446569,23.35439037087385,23.2976000468543
P51659,26.690264164343883,26.954708461474155,26.589271591035367,26.302965381000977,26.295711280634087,26.268474253021388
P51665,26.12859747866145,26.167211010012938,26.179517723031072,26.17900624261841,26.210807024024785,26.277969187218496
P51692,21.503231692434504,21.771273244737817,21.700611373073183,21.961012903164182,22.185006814403717,22.209411866083247
P51790,23.089965869117783,23.420070724562567,23.40156769116086,22.7894232982363,23.143700364403806,23.099195130644432
P51812,23.65907237873213,23.50364622052774,23.669970552795053,23.772538092752395,23.841561660487436,23.759932971807682
P51858,25.883065073864103,25.786356583195754,25.85018340320591,26.155644161655452,26.190296647042043,26.16745796150924
P51970,25.655145805985928,26.16360376686331,25.815791116115623,25.676655007672345,25.87373275046867,25.955556839223856
P51991,26.808152430830713,26.70189681285844,26.72274995552095,26.72844920755277,26.84170566087503,26.833349237333444
P52209,26.270014021771303,26.336606120629575,26.49712324962893,26.808032472849597,26.824755529568826,26.785342332696242
P52272,26.947410763473332,26.77764273077254,26.88263607676023,27.009775322112954,26.99440490933637,27.004905860157866
P52292,25.217346209968014,25.186835128775922,25.549354138138302,24.738996551730658,24.723824964429088,24.828823131304613
P52294,22.156465961051836,22.26092828891287,22.368151533082912,22.035361264122017,22.180076385037548,22.04157176222331
P52298,23.14812400830443,23.202145501073378,23.079618081071647,23.028372680676643,23.090817980596317,23.05993341034841
P52306,22.31635307907126,22.49019242424341,22.40580406208008,22.509443038205273,22.492359446683952,22.225366324645993
P52434,25.51225870099409,25.565772536370105,25.53219324305768,25.35289812240888,25.445900304971218,25.43292834814898
P52435,22.466826773494258,22.905552179249455,22.664161768911782,22.20725924458534,22.223665759304172,21.891866936075495
P52565,26.770796927127446,26.483584368059383,26.456687012023185,26.831678337274727,26.738084681086395,26.64842747578036
P52594,23.52276481313288,23.46690168370057,23.71670895655866,23.586626676548605,23.730058256169222,24.142053132276057
P52597,27.310892433553274,27.299125027546555,27.22535350761793,27.284948589613354,27.373693061854496,27.428681589196078
P52630,22.518605856034775,22.393810573029004,22.250906578503265,22.74247710631253,23.06472796549498,23.013750829546726
P52701,23.23473836203206,23.1985300215052,23.520531162264483,23.234865221235882,23.24033861417157,23.279696295876914
P52732,22.821288380879036,22.39682973532217,22.841635653818084,22.428819417586702,21.96222334744212,22.534105739525504
P52735,21.998208376610688,21.885523417509678,22.11572553899558,21.999340811908574,22.32396760511393,21.980136718024596
P52758,23.464234875423536,23.820955080258113,23.646201941196864,23.34879162814931,23.187241811293095,23.34829902429925
P52788,26.01712188620935,26.02210447032735,25.861427724253602,25.883158508784824,25.95677458819291,25.775932125742255
P52789,24.200216895897867,24.338322498158508,24.141893215577497,24.351238241283014,24.460871676525535,24.261172696822936
P52815,25.813033017949955,26.356020832014146,25.812832917381655,25.228147260768104,25.094237835586938,25.140234554519974
P52888,25.19070559487533,25.181012393379728,25.339686996587982,25.23344443350806,25.211147728763247,25.182280528960828
P52907,26.265516580192624,26.186023989671646,26.15000955569272,26.21343833787893,26.155620114553084,26.06493748414429
P52926,25.970814634810175,24.91489895403359,25.487022410318225,24.990554645609954,24.7948073015343,25.044889010959114
P52943,25.5450172413174,25.31517416771503,25.545845834508736,26.41252110233835,26.290776259677322,26.223060149129314
P52948,23.672058722802827,23.62940698405923,23.776357726787314,23.477703308135993,23.48398412980911,23.578745250582763
P53004,22.845413574962365,22.989222277491724,22.985838116066173,23.521508547987867,23.415469583974026,23.43989326293185
P53007,26.116681268096425,26.552105276316333,25.642109329857135,25.709140568585365,25.87451755367146,25.660202028990653
P53041,23.964229097808634,23.947820170129063,23.99078772251864,24.12574247688618,24.1899806070265,24.15759180341843
P53350,22.53830274191115,22.64111319848899,22.4868827607601,21.973217313809112,22.393843690058905,22.15285221423216
P53365,22.133077286952997,21.892156823282576,21.807182339429737,22.084826387909406,22.081315688828855,22.229963979613277
P53367,24.120886159106092,24.133742242428333,24.232843354217557,24.607506526113447,24.58453637944301,24.475515255443707
P53384,22.423392554980218,22.25463810567051,22.37446165287921,22.598315164547287,22.445713685138994,22.24049031235934
P53396,26.728428187792034,26.689812574702604,26.6210666458986,26.56350108648041,26.59127268329065,26.512521272687437
P53582,25.636231748309974,25.540946795676525,25.634968322437402,25.692403728226758,25.788369454862217,25.62503311260469
P53597,25.612118315594497,25.832963584656536,25.598873394743194,25.34303820372272,25.260221095440432,25.26399022668395
P53602,24.99406567511724,25.00315466583102,24.860596175643707,24.52100561561809,24.428008292730233,24.61197406141589
P53618,26.41739556005394,26.26847407454701,26.380802081473913,26.62629802325333,26.569285599545896,26.55055026232875
P53621,25.87772775823946,25.777007936874234,25.823080109028858,26.05014300561662,26.003800021183704,25.900762906569685
P53634,27.82905424431243,27.9173780097537,27.73311714798929,28.44436267055191,28.556729960991284,28.408453346325683
P53680,24.062022579283493,24.00832158411277,23.953492141453232,24.219058299611834,24.029612278043153,24.053389498832
P53701,23.569264127469406,24.01435561991435,23.689430405325698,23.429392310363852,23.18635820339235,23.24875149137292
P53985,24.350679038153096,23.978498465454564,24.012978250328324,24.10389638104721,23.94357489335318,23.927327581174673
P53990,23.462283959269303,23.180239410705617,23.38612009349944,23.725411298971355,23.631354376486332,23.72840301557682
P53992,23.858388666875054,23.868894127212553,23.87977206033226,24.167623644182065,24.148228299691752,24.207281440667145
P53999,27.458038856459588,27.25741303961707,27.242300578554186,27.315009005895526,27.327215031412727,27.384643428065793
P54105,25.115524657392715,25.122561198672717,25.32642235491449,25.233131926942292,25.394739786480624,25.486634352392933
P54136,25.279169600509892,25.29292525283804,25.38856207279396,25.42011712595017,25.506634277327063,25.42444196343465
P54577,24.656736568722316,24.555325071551728,24.64084872671981,24.561586054654036,24.670396922399906,24.608312584075925
P54578,24.90234300207439,24.836862179757176,24.964307108528665,25.006472130470723,24.95275750752518,25.00313390123504
P54619,23.81238699662181,23.97681817174157,23.838280163463665,24.15077628408296,24.102665684966144,23.895710802316618
P54652,21.993564005342435,21.729589545360273,22.037923757193912,22.292191721078353,22.2875101908329,21.976387215738228
P54709,25.37457209330391,25.735369056064098,25.36895599210205,24.401861645862315,24.308107068202656,24.366056023085516
P54725,22.113060134006016,22.17226756604875,22.1778136790741,22.098028547896746,22.486998113739034,22.627173381192673
P54727,24.479914437016028,24.410338124096025,24.445422722170896,24.635873854916984,24.517941576501705,24.700574228762147
P54802,24.37187539560282,24.487220939759293,24.242253615699564,24.39307106680483,24.526510342993365,24.503051348638976
P54819,26.591315776049125,26.909405654808026,26.448380982249326,26.263246022130794,26.360338250159085,26.238359945691332
P54886,24.5853536508943,25.08547213500226,24.680931312346072,24.137013946796706,24.234843883947374,24.19691589427545
P54920,24.54751671525313,24.800729900093206,24.709181332663714,24.773911469795348,24.887849509915508,24.898579800131447
P55010,24.825288593984208,24.75147183574085,24.747226069625558,25.167218668058762,25.164802069777,25.053867563510906
P55011,24.973263199325395,25.08652419862479,24.972403150771964,26.261482488564457,26.3342661917714,26.254502413014386
P55036,25.74349807590098,25.4979414116789,25.634345224323944,25.79104849187526,25.67331101676322,25.752973174081973
P55039,22.379814213723527,22.634670155104377,22.676257766873352,22.804154856935376,22.945487684659394,22.652439972006214
P55060,26.211169493688878,26.094189985814705,26.357268616493545,26.288923509453912,26.27813531114019,26.30478620451988
P55072,26.81683566940497,26.77307014469619,26.752987333584258,27.016017274725126,27.052157420877357,26.98319201135161
P55081,22.715192428321924,22.389796740807746,22.41467117272361,22.59315822813116,22.251033180129113,22.23897698408175
P55084,25.683831614293137,26.218070331562224,25.821195621237166,25.53094218900285,25.608316306944317,25.51049110482598
P55145,25.74322105563892,26.056286898909256,25.594841735370856,25.052487787410016,25.057527582769787,25.020253449613016
P55196,22.816533319948412,22.837564512846026,22.800884203911558,22.69768261115504,22.791314641480994,22.6919945662106
P55209,27.58844551347256,27.668822673648503,27.554799108931043,27.517762245453238,27.505537430587786,27.54091103759681
P55210,21.758860080716634,21.76966878403765,21.922158082192222,22.175343046036584,22.258280203825187,22.14857262500349
P55212,21.359872215752496,21.29450677751208,21.34359617421224,21.311449270728282,21.604915221964124,21.2823656395147
P55263,25.08402256975048,25.186726187282968,25.209450242048774,25.238498768629356,25.375959473029017,25.244358608426424
P55265,24.66300599832146,24.48455016184795,24.588579001454672,24.9336381630634,24.79987347558318,24.750780269934232
P55327,24.541190577146274,24.448374333622183,24.594275050711612,24.905106560318924,24.965574610192125,24.912846860885278
P55735,25.52067574441861,25.49357128778986,25.50866972486294,25.524476553973162,25.677107856800696,25.644373971006406
P55769,26.31032171973812,26.71382478348271,26.302398756647506,25.988084556479944,25.979513901920015,26.014523378346887
P55786,25.999332983100448,25.945574305657072,25.928643698134277,26.000955047440595,25.96270638320993,25.96130864033918
P55795,25.211422997459163,25.058337045822775,25.150408776373943,25.35252518941732,25.554381345175802,25.44744637632064
P55809,23.62149701024951,23.740539743790354,23.52475379690488,22.957121973417937,22.85199774709457,22.785427323588664
P55884,26.703489660301983,26.706451937133075,26.869186501408453,26.753492137465102,26.74047497095081,26.853643055358923
P55957,25.112787071833313,24.845822994863255,24.845134436727864,25.039931937071596,25.005020200064553,24.86697494585513
P56134,26.040644406584313,26.47436056510944,25.968621007322888,25.697553981410625,25.709127155636775,25.700681214487176
P56182,23.28479374824169,23.619300044499784,23.293397975345005,22.9293191879658,23.09978119802088,23.006752378669812
P56192,24.323578321755722,24.28608109953206,24.330938891725978,24.337452722814163,24.386851727158607,24.361586959184866
P56211,22.489401247319343,22.868535664340406,22.966483889022236,22.658203527255157,22.90828486147587,22.69181336531231
P56270,22.288862836324142,22.255166914924356,22.06115855911309,22.084998107349993,21.985952322982417,22.102613629015238
P56378,22.973367526940706,23.654277754852608,23.280416099418147,22.93672536250582,22.87650654852964,23.02616695676869
P56385,24.951044989454136,25.553746051565984,25.006952302572518,24.540847793864394,24.58005011890478,24.339826086481704
P56470,26.093853542610255,26.24846342045731,25.826731325840573,26.499933088203406,26.94213192045636,26.68477221215261
P56537,26.54786450579341,26.718429793028264,26.55437171272984,26.55847957119149,26.542251211779565,26.293817688502862
P56545,23.460978507816087,23.478581155640168,23.601759568986214,23.498320170305636,23.635891784898863,23.464738424249113
P56556,23.700876223443878,24.20330289176489,23.969067203861172,23.762370683256226,23.802481951232703,23.83554553944028
P56945,21.620222063246977,21.493633059344567,21.937923868966003,21.626706530316085,21.8342651039751,22.011568513963052
P57081,22.592635189601058,22.924119945158882,22.91885232130967,22.872385654794797,22.73311434149246,22.670446522239963
P57088,24.15025365754752,24.666099690715896,24.08802618687875,23.21058306304307,22.93017416209547,23.07006098383935
P57729,21.57760852304694,22.10722793275447,21.83506472600539,22.22164213622711,22.2396514050503,22.14152187862206
P57735,22.732385968019393,22.349605602386017,22.726279806993237,23.16544758195654,23.214043218034618,23.184449377701718
P57740,22.618359959326725,22.53118248982872,22.688274857623675,22.647217078154146,22.389147496514767,22.546153688533987
P57764,23.385699048493272,23.347131880198084,23.370176942665733,24.001994822866084,23.981027876145312,24.020616146589248
P57772,23.609179527368166,23.694679356206525,23.658128002341765,23.913679697537994,23.88132264461329,23.845505556218654
P58107,25.877621802465022,25.904783990691453,25.905758046723243,25.634849373021922,25.641198992509224,25.591579184658332
P58546,25.547401041024344,25.353557017855056,25.533345418152376,25.755644333024573,25.76349636474423,25.898592577252682
P59998,25.329750770517332,25.304633042675686,25.616598759510588,25.651330614940186,25.612783476051955,25.438373910881094
P60174,28.889606810629004,28.61969086638183,28.611900803576706,29.15657027799128,29.21456313254333,28.975389158065514
P60228,25.181284674763152,25.10261442989025,25.16782406109774,25.30369359605768,25.206368885275133,25.070339222742376
P60468,24.490739625610665,24.2013210880335,23.95217139761381,24.28265550355601,23.984113319464328,24.118506908343186
P60510,23.291921186259827,23.46418476020687,23.11894059760589,23.35927958843763,23.373738838782135,23.359911052678065
P60520,22.455385295373947,22.526619108512847,22.305547595222695,21.402313396574407,21.040070611883532,21.96709782107986
P60604,22.780521745845924,22.70605794190113,22.632232442664627,22.369062260642117,22.4480827722192,22.219633098913352
P60660,29.31518387846176,29.17594739031699,29.14046960846858,29.264252338515448,29.249984050204507,29.21783036905584
P60842,28.03560087855312,28.067221428919073,28.234055059701756,28.121812338186903,28.123696290578167,28.18093530717853
P60866,27.79454141132133,27.940870499878308,28.004014739635075,27.806437201064558,27.81775208262161,27.885188617391456
P60891,24.416494617124332,24.149691153811208,24.35979030366731,24.40804085996132,24.301620666894266,24.06932421478967
P60900,26.484940439675306,26.277291018829267,26.447326271921,26.47278849594085,26.438042935969353,26.395231173131744
P60903,28.903681559293872,28.978537649316348,28.90511722491808,28.274262862913105,28.256525576545435,28.170518658939592
P60953,26.34539905374276,26.409911079763393,26.184334844998343,26.450858691081013,26.499523184936805,26.281142974413847
P60981,25.20924392203972,25.341584922451,25.148585192331467,25.248325082547513,25.254699226267544,25.122577943990215
P60983,24.19364010581745,24.308819919811757,24.451525434357393,24.548403791805434,24.554727367905063,24.477937946973178
P61006,24.255758046670223,23.66367850995102,24.000997842146543,23.66265414321988,23.796182530360106,23.87279124922022
P61009,24.14572524420469,24.513556173413086,23.986114065909923,23.4344214359882,23.826233859593447,23.63043355904215
P61011,23.34043515177915,23.16967212656658,23.405005997355808,23.93573626041488,23.945490720947266,23.9237472957982
P61019,24.785675557132542,24.69044905011462,24.567083961797007,24.628100398446712,24.62072513086119,24.59083063708684
P61020,23.712419210232717,24.001690973941844,23.62497601610582,23.9341361738595,24.179061538329968,23.91980451951804
P61024,25.00254413057712,24.86257597304013,25.04977561138708,24.710207892022744,24.537932264381393,24.62137325556594
P61026,26.31407812674471,26.391414739277764,26.00770433656103,26.131250728379136,26.0194355207445,26.056370961995082
P61077,24.929507650822504,24.95276772567704,25.03306552741666,24.8400920445602,25.1427348393978,25.135342303975804
P61081,24.20694652657398,24.44367204386742,24.40225639866481,24.4451598705368,24.50462613827944,24.38273931810662
P61086,23.99560828069489,24.137520127797586,24.343112774954182,24.078631487410203,24.049529355878107,24.18789087593379
P61088,25.94757518658604,26.021351222689525,26.192414167380946,26.082477504784663,26.048639361764337,25.996780248249294
P61106,24.92818482060329,24.911346908039683,24.74359868996986,24.80749014322187,24.868218850677238,24.86278546414916
P61158,26.3832135785699,26.505701571671867,26.491544014221493,26.464977579535518,26.534383661708272,26.476018561617753
P61160,28.57666252919132,28.557880296405454,28.5701778859233,28.647219926420302,28.639321179054388,28.645666581056815
P61163,24.606243326793123,24.590740652804783,24.596234920659086,24.5857966047201,24.713247214351835,24.63971507374694
P61201,24.122258169629887,24.267207028364112,24.33162224044399,24.273060955705006,24.328309924879875,24.404999113328397
P61218,22.71295965456717,22.78185983993094,22.583098151235397,22.33373325837118,22.416938718075905,22.270352792877706
P61221,25.43440781851331,25.43282521634944,25.677386197837297,26.01643511011681,25.901210789838824,25.908611230130788
P61224,26.724563786585,27.177447045446048,26.577047743392622,26.30355669181039,26.461290834635395,26.48984829722865
P61225,24.890937569877245,25.4059393880469,24.987575598108567,24.466738917033947,24.54909768624457,24.570548991588755
P61247,27.761379068331312,27.69175610982687,27.789600120077502,27.67056400438255,27.68516541773478,27.554667390723164
P61254,26.7768521621088,26.568538525376287,26.82708896009024,26.70348973951096,26.531660175635437,26.526600722820913
P61289,26.826947783320684,26.82881160917621,26.99115115388113,26.949097467507535,26.68971514925356,26.89725070756134
P61313,26.94548377766192,26.841627400534744,27.000229922481843,26.924573276429925,26.984873374728583,27.2286256901216
P61353,27.508122299864347,27.626327882610052,27.52452739778858,27.33403324523243,27.40865109967207,27.333292375313167
P61421,26.12847260366929,26.383440531424583,26.206942950559185,25.899367756889003,25.854979493889143,25.833153479596287
P61457,25.014646173156397,24.80862300689894,24.332760618262107,25.725630087054604,24.337617410766246,25.836575603582993
P61513,26.157642182795378,26.228375778654723,26.047754059354464,25.933903394114967,26.10017899745014,26.159948998685675
P61586,27.09884329159478,27.182707153861728,26.99096376020131,27.047499886767294,27.08263616628253,27.14703721057381
P61599,21.889022063159395,21.424449677977687,21.81942913021873,21.57079925051037,21.901840243831586,21.79947364993545
P61604,29.504075539409016,29.383620733261697,29.485840837490056,28.61451980129916,28.340560672456085,28.39203200162229
P61619,26.09844928016101,26.320647459795353,25.9396141400306,25.65051471789611,25.484464976174362,25.772803350570893
P61758,24.347810982092533,24.199797233933626,24.386083640256963,24.3811368107533,24.45784224917828,24.47367726456048
P61769,25.624545154625814,26.166702807825068,25.95516077731787,25.375254778994393,25.42921510195038,25.75456148814023
P61803,24.306760953000996,24.966251781581633,24.507514723565457,24.172197051371402,24.413343852292364,24.232760664273403
P61916,25.439981058002942,25.580725569377496,25.28639207593293,24.78257466260914,24.636906900287027,24.85835556029561
P61923,25.25868003380693,25.153134424575697,25.398762933483646,25.401799423070777,25.55842199789182,25.611472097499288
P61956,26.837604162905684,26.07495668158062,26.87380917119082,27.005172896229155,27.53553429713965,27.704888406642656
P61960,24.57606448134911,24.917598346082425,25.04831540993027,24.678864119123862,24.423580417493408,25.049841737623524
P61964,24.131207309770396,23.93939780219426,23.958181154641146,23.89316522880418,23.861736379309544,23.67889828150659
P61966,22.079274477904875,22.24456054831045,22.25227779350888,22.557150829520797,22.59604731370343,22.81596399087515
P61970,25.90828623600739,26.01467894504745,25.974846310386035,25.95549808648818,26.094808647963433,26.047050087078688
P61978,28.0518403554341,27.842206383380503,27.868063939458317,28.09592636309946,28.124165180915952,28.06002231357822
P61981,26.100359607755255,25.834269656864823,25.968791093192955,26.226384482356387,26.178843989121972,26.31791135702537
P62070,22.643001471793934,23.01471707867448,22.805156390486314,22.20374781788606,22.312954394459744,22.296067184169775
P62072,24.422937864925547,24.840699468865605,24.49826939891993,23.79215182789959,23.74095872833216,23.863925262507237
P62081,27.534700752995942,27.599362648119644,27.766491477106207,27.469122692340605,27.627159490327898,27.69417398006675
P62136,25.8598002542965,25.968111904107854,25.925607588872758,25.70386672496939,25.88921623539796,25.82984876451542
P62140,25.361084244324577,25.39556989311058,25.449805696799327,25.489774967146495,25.324388443370328,25.28837052946085
P62191,25.323123360589655,25.32837252285447,25.57864161161782,25.380904113126398,25.407131136175934,25.558645738438596
P62195,25.610255066849195,25.515214310656308,25.645254212691793,25.690984096822376,25.70318506962829,25.560678598632983
P62241,28.15433691187173,27.944396272271266,28.068159156218833,27.8310613257877,27.841320256052615,27.76565811587755
P62244,26.729758368485072,26.553167736287048,26.96683363001489,26.756234096431086,26.6643503284284,26.600580732009387
P62249,27.300470288219053,27.568092705196296,27.69610860059299,27.62268428362725,27.468256861663633,27.476307406456243
P62256,22.139037606086077,22.301292998025833,21.998518193475142,21.72522145119185,22.103488560111337,22.53000893290893
P62258,29.652059373132307,29.554006459433836,29.582095232135167,29.781303145758322,29.77556701229746,29.833618626241403
P62263,26.680490768498483,26.478429391651872,26.658564450137547,26.483019002821262,26.52933361876804,26.45127510761421
P62266,26.83286425877857,26.66582349963762,26.785768733458305,26.60617553944163,26.817019450114326,26.89344987897621
P62269,26.89914299306052,26.874386407524995,27.053328652288005,27.112091420379365,27.049747718664296,26.948785989639966
P62273,27.15260866773023,26.733520799871574,26.902332857532173,27.134719402745556,26.940923132420238,27.126537134787657
P62277,26.762252738399066,27.05783577995286,27.131586040118293,27.032179296239324,27.023725255061372,26.994796126464383
P62280,27.47082836555063,27.404000857697923,27.475345911675237,27.396243778627404,27.351976860789406,27.303038567548274
P62304,26.156808017591967,26.087569304699528,26.35634775782762,26.24378174089187,26.279945654553398,26.09522790520122
P62306,25.47513219348674,25.622632832695885,25.628549333528365,25.46627104728089,25.440301448836575,25.467590998528372
P62310,24.952257440484885,24.665998455697714,24.7255043932737,24.6726461103363,24.913737667717232,24.984651312327586
P62312,22.886585493221588,22.714124541635403,23.215602612708878,23.000115223774664,23.110818445861028,23.19608473339307
P62314,26.511224075465506,26.863697436296512,26.628840093256656,26.817157282485613,26.73847541347106,26.90730329493629
P62316,26.796866708456626,26.863623715248252,26.675340138484284,26.78582222731794,26.795964973006253,26.724426523948097
P62318,26.914245970984084,27.070515909758782,26.843032657159252,26.823963845595493,27.093197510562902,26.876128960085676
P62328,31.387617675805142,31.376235636166083,31.3662515224328,31.136309525902146,31.37775965311304,31.501273398653098
P62330,24.19515214670246,24.701162076073043,24.298953334918703,24.06114850357243,24.31681874058724,24.074431901045138
P62333,25.544662043168245,25.4406727723276,25.525291154541428,25.66002854537958,25.51888182875391,25.555873158579555
P62341,22.192629943389736,22.621742252394775,22.087590547891114,22.466804498779016,22.84850909461462,22.375000707793752
P62424,27.33490216936935,27.502259332239213,27.426919004317554,27.346547429747663,27.382470334176556,27.408435610364428
P62487,22.953644262522605,23.37804277529021,22.899016279984956,22.274970990389065,22.65820036684021,22.443864491126988
P62495,24.50587356664461,24.622655228387867,24.55849498596496,24.758942220106903,24.705094043436873,24.663295977997425
P62633,26.077984788627653,25.820567657806368,26.175305731949308,26.17400446598391,26.011855279342807,26.1149401479411
P62701,27.39343481166323,27.733481364252448,27.72655652627665,27.57967422849352,27.630870468066803,27.69828629132434
P62745,22.396364111960544,22.27594032993162,22.025629950998056,21.626214346912747,21.590237162568172,21.459626977701042
P62750,27.22196624680985,26.98842023717952,27.08986984377701,27.184313655262333,27.018072123837293,26.994188971604075
P62753,29.41252554399978,29.324738175623168,29.545341829855904,29.31107560345861,29.423358145598854,29.306545859154834
P62805,31.344339511473592,32.46775839181041,32.095278618411506,31.04879367011119,30.951928460469887,30.736502854385424
P62820,25.480479479112944,25.22903110782767,25.39458966895014,25.435348013156137,25.38303040801033,25.248074795488343
P62826,29.51174264575594,29.53021161587633,29.73483339074956,29.68518102740934,29.61482439405233,29.559934089159704
P62829,27.334918787461678,27.482763097761982,27.295731070923754,27.2424222495822,27.184534240305425,27.100082446092078
P62834,22.882365611756416,23.12379856477246,22.670308740695777,22.342803211341636,22.546647578362798,22.52289624458518
P62841,27.447185391128073,27.429175586295624,27.221739329116435,27.318798574389046,27.45325270256112,27.432953333727855
P62847,26.71094733602157,26.63567126937752,26.623663456210945,26.76874687920412,26.52406387861626,26.543677305160003
P62851,26.973127588428067,27.14774790695564,27.193607021603633,27.041615833550182,27.218960057812122,27.141851441044235
P62854,26.50531390218104,26.65696618610966,26.31789807737866,26.047394627068996,26.314936251281935,26.459932657798348
P62857,26.760833247367735,26.66635377666214,26.731983046862496,26.700372722728332,26.522336889686684,26.269194217413315
P62861,26.39767114076556,26.313295273979513,26.707173056248298,26.43444459812687,26.230082094965507,26.218138232828355
P62873,26.072483186982762,26.49083475258946,25.972280870967708,25.658387527755334,25.678259590469363,25.72927470456412
P62875,22.836656208885834,23.234891234763467,23.16350104176234,22.868139895497897,22.98866561959322,22.933269495546664
P62877,24.16631956549908,24.069739840744507,24.07865591619055,24.191198860627786,23.93672455388515,23.87319766856483
P62879,25.914688502603756,26.412493159936446,25.81017131084322,25.61359878753761,25.714939570946083,25.682064992114086
P62888,26.971490141043304,27.214901904974358,27.092183660734996,27.124200981362907,27.03831490685272,27.22012203723115
P62891,27.00900492600539,27.296801093669853,27.259016661942237,27.02783189847883,27.159094988266848,27.2183398663368
P62899,26.815611698179687,26.50638503967576,26.744629515660293,26.55242414044813,26.493949760394308,26.635006115065956
P62906,27.56504177532832,27.465807788901838,27.60782892434691,27.47123425131555,27.443565156270616,27.369385961905547
P62910,26.757315916026574,26.589737627647533,26.586673773330716,26.48866577408984,26.501688849950007,26.476729674199955
P62913,26.868983305268294,26.859301976029776,26.765973629907766,26.86502813853988,26.804244065144534,26.810337063511582
P62917,27.155675812126255,27.19305801367866,27.23491918416856,27.116077986468717,27.14032205812444,27.147330440731654
P62937,30.588910602086752,30.404186713586355,30.545124163826955,30.61684885548724,30.541677555028155,30.46491309842634
P62942,25.83808088879494,26.101329454871316,25.92265680479544,26.419171001045477,26.40410296767721,26.33359794709125
P62979,27.45148130567028,27.3033377225167,27.406479429662358,27.34530598670875,27.136795086195523,27.28728243040714
P62993,24.207629382922605,24.035201156388172,23.982076361426277,24.2048212587986,23.969041022842088,23.89758449758744
P62995,24.783205988042205,24.90542272244941,24.75418115577348,24.52592458745154,24.689546431731273,24.6140184907458
P63000,26.075747329512353,26.456534274491737,26.12683702199753,26.039944358127496,26.04415528343878,26.074848303544847
P63010,25.289929804425714,25.39005071341043,25.1934357234726,25.391025434903778,25.47574307742171,25.436572781946285
P63092,26.22947645900909,26.604976023968582,26.11539388280409,25.872419944053185,25.966962069296255,25.8898375316608
P63151,24.165314775914144,24.259614263640938,24.447779299224457,24.3938449990168,24.340553185325803,24.440123610604
P63165,25.567420162242644,25.238456929990274,25.579643603529146,25.368314885613668,25.493311383430633,25.48069148232454
P63167,27.140401540191462,26.930068559140395,26.972803774616676,27.076915674742974,27.195693788650676,27.19937625158523
P63172,23.93001214413773,24.232628789618285,24.159101264787232,23.739087846204615,23.678163826911046,24.016599354142997
P63173,27.35001314261973,27.250399482555082,27.360807073790223,27.24890574489957,27.380156126331993,27.259705897240533
P63208,25.788655562810067,25.758558568131008,25.79511290011077,25.77022642401645,25.910044380523352,26.03785783629681
P63218,22.153694428127345,22.859483886025156,22.376545130484512,22.312128336053796,22.477903000554473,22.4073292329287
P63220,26.505723677807904,26.378629968922255,26.48313380385394,26.438026274151,26.330764961366032,26.385844006349856
P63241,27.755446617690367,27.77192869591087,27.76558009595775,27.783738116914684,27.808912833062212,27.85552672079746
P63244,27.25642641591427,27.404273216138147,27.49338858082974,27.237991229221407,27.279332273828803,27.350347149005227
P63261,28.660280825725206,28.75892715343832,28.746497048290877,28.367853027174647,28.424196024737558,28.501506408928883
P63272,22.682745501173972,22.797019966006356,23.04493902424939,22.62773436013377,22.563126548105966,22.847332288964967
P63279,25.609216056793503,25.666839715340817,25.718554719843915,25.602317714391305,25.727130597890373,25.687940481954485
P63313,28.979476341843732,28.830222252530838,28.95155099597173,29.00529335691449,28.9651744566577,28.885614552363794
P67775,25.28662642745518,25.461320064965403,25.351139280676737,25.412900128742425,25.596127979720162,25.508207641827028
P67809,27.369374895114547,27.37358006510505,27.416511142911386,27.185322849183915,27.23431440621731,27.34941416600674
P67812,26.627137359315146,26.97013178894362,26.478837926908966,26.21549367434236,26.06413040097852,26.17392824306917
P67870,24.421748451894235,24.515264790040035,24.460023242710616,24.321806738824964,24.37924059257671,24.48722621550899
P67936,24.169935396800646,24.17657402198013,24.211514791530668,23.764667025208468,24.040496589726327,24.03817903613714
P68032,30.76807486392307,30.727046245308,31.007018904735634,30.37273807685386,30.77464652015639,30.66149608660703
P68036,25.690721526255544,25.760626255808766,25.870951164109684,25.91272947627895,26.12351351671607,25.862214848670728
P68371,28.425060917968484,28.229826294469824,28.357122705612763,28.589063168808888,28.690959860721698,28.512985878240183
P68400,25.303044143513954,25.368165390785546,25.326725648350532,25.36124545346878,25.420034862079895,25.38135455109907
P68402,26.041418358443057,26.20374669790194,26.235414511234517,26.292913566152663,26.522166846394285,26.350982905036645
P68431,30.975703909375927,31.890353365995352,30.1186130162584,29.877056446734457,29.93453417418558,28.12375533564653
P69849,24.62790587216498,25.06496325567288,24.63088276836352,24.068585101313325,24.131216417579626,24.267462234052186
P78310,23.432757625667637,23.573673187785776,23.227099711478665,23.020293131985323,23.16196205382885,23.17680697625729
P78316,24.253782722276426,24.59417263534371,24.07431168171248,23.9083731037427,23.92424474440778,23.771525335898858
P78318,22.665468861273563,22.46694137706719,22.64977904023482,22.858806655090355,22.763830646716443,22.89945069166031
P78330,22.34082588874087,22.542853574355707,22.455027525823763,22.515485218046205,22.700955573856987,22.503758542856616
P78344,24.291369565089774,24.223585340190354,24.362196408242365,24.372121911992647,24.422134592447687,24.445403650934196
P78346,21.5849303969358,21.675530171597075,21.746313799858843,21.799432621721696,21.90445381485546,21.8053743672095
P78347,24.25476481270729,24.315937281497796,24.35090371633895,24.456819120861788,24.589760739830915,24.478497591759208
P78356,23.386257607368353,23.642460281340224,23.691772160757022,23.859965992960966,23.833126932492977,23.723785809598333
P78371,27.242283403848514,27.224512796611762,27.320025658883687,27.230753321203817,27.202119656530055,27.132708673801016
P78406,24.403958078210827,24.183608124257685,24.265604745930315,24.238967365948678,24.148075895152957,24.093154624371046
P78417,24.625982902517354,24.636135145761877,24.7941104176198,24.76997097924423,24.805794047938058,24.74904130803322
P78527,25.953699228187567,26.059851864503624,26.010164101663936,26.15995150011468,26.208741386319993,26.11150253317711
P78536,22.305163191859382,22.569992203158044,22.360041707537214,22.168608313100314,22.028056795728265,22.203096885872423
P78545,22.479750912024766,22.530951473284762,22.26358584879235,22.215817947290137,22.750051764624214,22.938129522205685
P80188,24.087582940841315,24.465448702574225,24.351912314055088,23.66174015747568,23.696944610503706,24.124873371588645
P80217,22.892413576889865,22.957307547922785,23.22809866026348,23.355759856239768,23.738905869784734,23.565913003688888
P80303,24.190348874034566,24.18661225076304,24.08600045012285,24.216302998784002,24.118037274496743,24.265918879750814
P82650,24.304700018173556,24.78623203171217,24.647504539370377,24.20996018848552,24.126211658079313,24.409150836472286
P82673,24.248968736964034,24.593782615724045,24.31362832372015,23.75358096365158,23.786489100549492,24.092463432694295
P82675,23.630884212183798,24.21492752154898,23.774788064796226,23.575406177067105,23.55935596648042,23.46664744605411
P82909,23.490891018056008,23.77051368232138,23.781310882133248,23.28506491704662,23.416031689316288,24.07152324696634
P82912,23.25691166218354,23.714774904333083,23.465487564056577,23.26878597836443,23.369658843779977,23.35554561118096
P82914,22.51402389327826,22.861038711583237,22.618653675743055,22.32532000504348,22.250927535019127,22.547949205271976
P82930,22.939768045211853,23.395641471114867,23.091340467694444,22.781158973917385,22.83229513328697,22.90999550599312
P82933,23.952392449894543,24.498034755902356,24.1609108438627,23.643531119703333,23.692796921072702,23.68524915313823
P82970,24.52063750228974,23.726643713622977,23.829836621660053,24.41456524362462,24.473991931325923,24.533368233624724
P82979,26.756100832615225,26.39036749304897,26.670771985634687,26.73068346978619,26.65093425219583,26.68918232492401
P83111,21.824443909725485,22.295918417225096,21.76412039638498,21.73718428448778,21.6002146490338,21.716214009000666
P83436,21.76431610905325,21.643864643041216,21.68134587577466,21.774462747115,21.836067503545724,21.622396310731716
P83731,26.828257663870012,26.75127902663988,26.85813131199414,26.717261395792246,26.6313730288772,26.500726291190922
P83881,25.282541685840297,25.0405240975171,25.355098672079563,24.916349567580358,24.982388199285438,24.770507129154144
P83916,24.03783312565451,23.966275900665163,23.865209280790975,23.97286815764891,23.938381275107506,23.89356659778169
P84022,23.593570299553836,23.72715568842276,23.700832420146273,23.867458892624988,24.033052752842316,23.97258799712212
P84077,27.042715405401342,27.176417867541407,27.117140402183313,27.31883347608192,27.36979637172456,27.24984744450063
P84085,24.344561945308733,24.311323842142954,24.515092827998444,24.547353497756777,25.078244480350193,24.873868085355117
P84090,27.489267448380016,27.162946253554068,27.551663734728375,27.425105109697714,27.42926459477905,27.21132956351479
P84095,23.78502205640186,24.02940620179972,24.01712273597723,23.587284918628608,23.518229924835854,23.641716184861288
P84098,26.135526511239238,25.880384076485424,26.238463453690674,25.98416565848881,25.941682618966976,25.741018000034124
P84103,28.1812167988368,28.208269937229932,28.166999823382515,27.98430625587678,27.90629300412968,28.02244739911228
P84243,28.294394572882062,29.618182021493258,25.069317576258587,27.59803126736015,27.923768521086107,24.49193894751454
P85037,22.886814686574223,22.927805897162223,22.961060061926656,22.868024375719468,23.039558000676337,23.038306826148016
P98088,26.11953342267288,26.23776280739252,26.190831827604182,27.23317788911172,27.13682920592061,27.3444450858919
P98160,23.60932394849201,23.716656108008525,23.426538749039747,23.996640193342003,24.0067520363106,24.245937660298043
P98175,23.26882823134482,23.170657079577804,23.23180814424437,23.47986548012017,23.490613432702084,23.455119360132883
P98179,26.003479309738523,26.146920231898502,26.00386605881819,26.101442674793677,26.248391502325592,25.925105900235945
P98194,23.473497176431508,23.594061211925258,23.37440367656364,23.4308361147054,23.29795653399113,23.349435257986464
P99999,25.384873580639855,26.302426544033246,25.86756635147017,25.49264506921988,25.770765805428763,25.56524191357141
Q00059,25.642590613007364,25.929014814071806,25.538418200595373,25.197357094437677,25.176286695403927,25.237331350606595
Q00169,24.12109222574047,23.76919307155772,23.96118506317713,24.25594457100011,24.036745605823853,24.330091330332845
Q00325,28.243041894750455,28.71295041493254,28.42216637576098,27.743904931623653,27.75395622771677,27.813245728976863
Q00341,24.910229429752807,24.934052913957597,25.00401356053963,24.997234708187932,24.985377879643828,24.907811211581027
Q00403,22.708019499630574,23.116849356674056,23.058849220534036,22.442065334299603,22.79041134217484,22.95016242078389
Q00534,22.978360988944065,22.74766052988401,22.95222633053494,23.622428016063257,23.521151947837325,23.52789443191978
Q00535,21.809981407457162,21.656777564378057,21.902061799313856,21.96137698747836,21.860029554231023,21.99843118149721
Q00577,23.01643170942179,23.0545918982856,22.72635413414416,22.982387328810134,23.0058265136232,23.058070854549847
Q00610,26.86977330732642,26.912163566751776,26.82143728997209,26.96609409533845,26.992217707222693,26.976402097271514
Q00613,23.5867103903743,23.379345841841502,23.7358402512579,23.968813280648643,23.83448368434331,23.78968805652816
Q00688,26.11351569244702,25.963699747569223,26.011966490075167,26.31073244845417,26.32907139476227,26.320070174375527
Q00765,24.047363089268938,23.708171517220816,23.777588330810143,23.681655674769452,23.578375570858167,23.705062078222483
Q00796,24.642786694262423,24.67007204991556,24.810680277721495,24.885805646904593,24.839416123730224,24.93583209951685
Q00839,28.39901329477598,28.335115675980912,28.493038295978447,28.49178636551787,28.574808091597358,28.473718645116048
Q01081,25.372634212392903,25.64414278071386,25.459012920844334,25.442815202947948,25.498315908987035,25.393479622770062
Q01082,26.90376354554586,26.782708227571423,26.80049024232996,26.816233275683373,26.881696052832723,26.799526420661063
Q01085,24.45570711180791,24.84876504407534,24.697421628202395,24.476438565265305,24.56663266960339,24.588758433761463
Q01105,28.03638828334339,27.88349929214153,27.980656481903573,28.148850767896874,28.09652526058025,28.103025870692093
Q01130,26.824017520466487,26.798078614307688,26.847400753637203,26.76890522213327,26.906698604333755,26.756204822722374
Q01415,24.510118849382486,24.567735050582566,24.22253373501641,24.311917071669267,24.521077405350972,24.313051717721336
Q01469,27.775926727093463,27.621894795116148,27.870602453515236,27.861699492778364,27.735210475943713,27.842323173646033
Q01518,25.952355565760474,25.942972158276262,25.99703463936953,26.052199822320073,25.988762556248226,26.087729733635985
Q01581,27.216288306014185,27.411945508838308,27.14756257540204,26.331390848527732,26.331129753429583,26.352541016448825
Q01650,24.81916324372533,24.88230552745262,24.965597595735012,23.981031361325915,23.666409854863755,23.86841951682877
Q01658,23.032730829846738,22.861663315142476,23.09179192109864,22.98762356180799,22.933011894672873,22.699038622976204
Q01780,23.380389456599854,23.406922505376862,23.525370259248678,23.39799026524383,23.454345485728794,23.40138032562335
Q01813,26.862508224767065,26.817932636982,26.81636317474934,26.81922299448236,27.03976012240573,26.855649565800455
Q01844,26.158687533617275,25.889252633980192,25.941133061166585,26.071165555184812,26.348405609558366,26.37695057885732
Q01970,24.040004036255006,24.106527797838556,24.017544838782737,24.044202153102677,23.9300588107856,23.920917333662864
Q02127,22.63838995224358,23.118504373618066,22.666589832202526,22.05190839869813,22.030266034052122,21.934236457407366
Q02218,24.281819971542983,24.69487124701751,24.21610150604504,23.989035824484873,23.988321933822384,23.916839643891716
Q02241,22.566927819292168,22.21625444175568,22.403728122825736,22.87348598033247,22.630855779764715,22.56877919650871
Q02252,23.173408752888843,23.443685321276796,22.904510043791973,23.192818640992133,23.26577398043522,23.15367494801385
Q02338,22.921764136443528,23.538719415445374,22.77844023597778,22.179544526135274,22.422069002054158,22.315624318241845
Q02487,23.881214991747044,23.707638648400074,23.593672301828416,24.69071715766587,24.392269987545905,24.49521752311654
Q02539,24.32459919413459,24.20201453566616,24.268377659460807,24.372901317646427,24.64789040278202,24.22040327519925
Q02543,25.697890748598905,25.771765647988556,25.813891451578105,25.576053983147162,25.74403403843406,25.535759361229445
Q02750,24.68635807176276,24.75728694406335,24.702828668395703,24.65146989236694,24.80838635089836,24.760412762274658
Q02790,25.93192189617102,25.793200431876155,25.97321598224886,25.841318924202973,25.94668170304759,25.918987673437297
Q02809,22.98513593391746,23.395907226495467,23.10353001970121,23.024041244040045,23.30319879827346,23.141197075298162
Q02818,25.49348718285483,25.470392139824426,25.377216157960255,25.64610534458687,25.65700512472158,25.63549716310472
Q02878,26.891318789987007,27.06720296158208,27.16219219212019,27.014244124898102,26.96644921170919,27.06532914526765
Q02880,26.433747184813267,26.488529715789852,26.311833076823305,26.490456379941666,26.528849142162528,26.359851852081277
Q02978,24.5796427979788,25.061414869314657,24.6256127594712,24.415056761207154,24.426476557786174,24.536601053060735
Q03001,22.986833475431755,22.43737809116569,22.789667960083072,22.94069229647195,22.827433131146275,22.67097418489298
Q03112,22.025554426448227,22.24819411622779,21.633045323366584,21.491757113059045,21.750409643078168,21.41760403387426
Q03154,24.560426018009196,24.621010091113988,24.58263679756939,25.0384684316431,25.134444651863742,25.037084234325455
Q03169,21.437065142382465,21.226753670984213,21.811349291075523,21.519631838083985,21.294550527433135,21.426019510596173
Q03252,25.250760163454906,25.464764344778455,25.198685730341143,24.891809656072063,24.843624277896232,24.813108391104716
Q03426,23.69717003878983,23.993642432434868,23.508377282908214,23.51848123687163,23.72841163127105,23.600921038643897
Q03518,22.48356647119589,22.92656909364202,22.579265405719283,22.550239733627432,22.639053162098325,22.477667491482716
Q03519,22.76566781433124,23.366587956123578,23.116207826363205,23.116280972688482,22.703929651882774,22.75042741097095
Q03701,24.20547797614029,24.741597211573133,24.010774109969894,24.023468928365993,23.754455926777297,23.688268667174153
Q04206,22.940655649603883,22.694366708648595,23.150384448150298,23.176026104028466,23.390842663294254,23.369697977188697
Q04323,23.898221810232563,23.939928702374218,24.14499735519212,23.73668516639955,23.85883813920027,23.877840444711218
Q04446,23.428201434718307,23.383327900025918,23.19243595338078,24.195073878115608,24.555808812436716,24.265503310156674
Q04637,26.286364859359985,26.308716270602716,26.396184563821194,26.291292657180424,26.30472379303132,26.40760062346598
Q04695,27.130314347580153,27.144316094131018,27.183557053449437,25.93835076194393,26.06118068929793,26.114160565859923
Q04760,26.27995698640506,26.135493632789107,26.069236518150063,26.177888670773292,26.29872643027213,26.214330275888234
Q04837,25.774395683949482,25.9358574517604,25.73454238849188,25.170889463445203,24.90698956249676,25.103122895767342
Q04912,23.167806761117394,23.205850659296594,23.049018266492723,22.517831434084894,22.683461992788814,22.625719431932108
Q04917,26.508594141733344,26.425315001927718,26.428115668039705,26.51416145211362,26.497687165702242,26.720428081859264
Q04941,26.189373507460633,26.408014094410525,25.905245733453096,25.743874508074367,25.936925212682322,25.89939832206487
Q05048,23.992934447563638,23.885070823012107,23.961226227296045,24.210487047887536,24.290016174330738,24.22286372422198
Q05209,21.848331507770485,22.204383828407835,21.687527243483988,21.963369978106098,21.656286281654438,21.81307520782438
Q05397,23.151490425273735,23.112153279372983,23.138428368832223,23.36998226151552,23.538792104892497,23.288886627252218
Q05519,23.840812396233456,23.66650564331034,23.832217858030283,23.914632395283938,23.82715766515975,23.70715288298526
Q05639,27.990530766731865,28.168403404508705,28.136844847931684,28.278623555086014,28.491904957721346,28.335774743808475
Q06124,24.527851370706383,24.504984058807846,24.502313089854205,24.599648993128962,24.658949845172845,24.614037368620334
Q06136,24.125376419062952,24.265477842791604,23.98365244542367,23.3871038515302,23.466200835055343,23.362390804996785
Q06203,21.339928380680906,21.55164232143837,21.905088192686694,23.193494980789925,23.346445965654322,23.251492812499762
Q06210,25.002163552474894,24.976040941836786,25.126834423111553,25.1621193772455,25.156043717198077,25.220529113280808
Q06265,22.569157950453427,22.479095146026054,22.509499458505335,22.32257405467584,22.270432357968325,22.374786648579782
Q06323,26.10310628337576,26.101929519394368,26.326029206002506,26.41089210969538,26.494832029707602,26.674849917976914
Q06481,23.550362226789364,23.450917606852247,23.278029256432426,23.066895753537914,22.95379050741168,22.844906759318278
Q06587,24.06930913462556,24.1877386785143,24.49423192428532,24.47546849925307,24.23347530009934,24.46101699013238
Q06787,22.522852555130417,22.56877873271474,22.172362343334843,22.492300029113604,22.505732217347838,22.43380559398009
Q06830,28.59614740601715,28.535950925750477,28.676329328601714,28.803639653490812,28.757775091009634,28.702576752080407
Q07020,27.543442867545814,27.59818521584264,27.663430766120875,27.608529143149358,27.365877367265117,27.61774564444052
Q07021,26.005793754138793,26.394637256917125,25.795911482449622,25.14019678939889,25.114380186132426,25.320942641776043
Q07065,24.665462030024372,24.93257891350544,24.613880045450863,24.548593699512434,24.48047713704302,24.491895655675254
Q07157,24.226094630205996,24.30519882515299,24.33404395545897,23.74506935031972,23.693753437867443,23.831248764739872
Q07666,26.545477701630098,26.33971604553635,26.514662773008443,26.68326183084663,26.594971402025617,26.574878393604173
Q07812,23.68877075440757,23.562832948188593,23.61147401114629,23.84730217781864,23.951491140528667,23.963898144415317
Q07817,23.878891916760864,23.999073489991478,23.994771896957424,23.914250807630278,23.59268491321378,23.57088791688655
Q07866,23.181744326879254,22.94527316367738,23.129778870722426,23.044821490266905,22.87491532824916,23.008412720767602
Q07955,26.506557346631617,26.58471144153493,26.541017274916307,26.373575170038517,26.355023205094543,26.311108959713003
Q07960,25.196491368668816,25.09252246946197,25.278682267941516,25.5842117731406,25.654439912301225,25.621284485505853
Q07973,24.28516174061631,24.103547307517974,24.40343766890092,22.705728770222223,22.735227316223476,22.87847250506331
Q08170,22.00021169511082,22.150759553051017,21.838433696331435,21.764462025704557,21.720571596191057,21.718574682047347
Q08174,21.99210237404521,21.864662168415983,21.731389556270443,21.77277828654855,21.154077143545422,21.653704135068896
Q08209,24.005692387728136,24.007054136718395,23.9299691769918,24.112403393390785,23.94888682362296,23.573991855524156
Q08211,26.439381758339866,26.31116769950169,26.310178680896758,26.410884833281212,26.432769634234038,26.316920497721206
Q08257,25.744781803991934,25.940138372506123,25.752376869111036,26.0553236486798,26.231287623433527,26.07372751164634
Q08345,21.83538410377856,21.826967056884676,21.414080683350953,21.933099610232738,21.9327308410888,22.049989264633773
Q08378,22.722479241016693,22.573602812578567,22.72241075965412,22.77767370447735,22.7609245659415,22.672497640317445
Q08379,22.547400099588707,22.458445289379412,22.546954731650054,22.4588103460904,22.4849160465637,22.482799218875854
Q08380,25.739505501418147,25.95999715798756,25.97384833505667,26.553533238579863,26.531322111336497,26.445404629762084
Q08426,24.977910672558497,25.271096084921343,24.815763905627183,24.803770679072887,24.759606724707456,24.72794496026034
Q08623,22.87965111215162,23.319945355317675,23.267014093765525,22.862453385353373,23.305017308886708,23.39525052696534
Q08722,25.23573802578995,25.424779596270124,25.04966196022142,24.317447255722666,24.055305773228838,24.199390930375753
Q08752,24.250973638282513,24.330405958590916,24.332954925672936,24.410330359605325,24.339936424763028,24.42984522639125
Q08945,25.176000529441268,25.33457704689105,25.232460891787966,25.047800895439305,25.091107745345067,25.120091744333322
Q08AF3,21.688128115475845,21.830377484327673,22.095175016668673,22.153124758102393,22.184734932039994,22.31442461879787
Q08J23,24.9028742831531,24.971879597688535,24.89560708356334,24.889807784236936,24.931274319698986,24.874743982545873
Q09028,25.707885365546264,25.588062365677242,25.785676355242256,25.649659003591225,25.645149359840453,25.687557442526625
Q09161,24.84665898749571,24.892088527098107,24.811374791512296,24.792438428018198,24.814732655378872,24.869571064505777
Q09472,22.309633859124933,22.679195288258857,22.820797650709714,22.696766789038495,22.841179829136056,23.019359968170686
Q09666,29.08862617868588,29.12577015012383,29.090780832365684,28.809241664191642,28.879443682044602,28.833145986122517
Q0VDF9,22.19642773158384,22.156185559235556,22.265634789007667,22.31003011354434,22.301976999061388,22.307187326289533
Q10469,22.575475425659036,22.479569113619057,22.377821754991633,22.0352112265806,22.04111049903293,22.279650534711735
Q10471,25.301681782579053,25.512059125395268,25.251436901515348,25.01998887256693,25.157863299314954,25.005705064272217
Q10472,24.777630165541552,25.2828766094513,24.663618796911685,23.7062672990291,23.855249176138194,23.9241397941274
Q10567,24.30682351973522,24.309871680332982,24.28112860892614,24.45429038138521,24.549120253959977,24.52082618558904
Q10570,24.769899874251323,24.763300520567583,24.824952818397126,24.880641112188734,24.857735406721947,24.855859851215286
Q10713,25.15713395271269,25.53686293643253,25.170848214603577,24.41098605299155,24.37749545655506,24.45510455663673
Q12756,23.057461807886998,23.14591131709874,23.123186804402295,22.91513545859937,23.126357723997355,22.95229112735989
Q12765,25.101402036877424,25.28266292613862,25.174305964362894,25.54933028133809,25.54496160370639,25.552285989303936
Q12768,23.4647115062834,23.488553251116308,23.08564199482956,23.635058247887734,23.674778141424195,23.544983882583626
Q12769,23.88859397474826,24.013590520150405,23.960357114709147,23.667060311066454,23.566701760014222,23.656152706924495
Q12788,24.23597783037355,24.72327232478483,24.195271419261907,23.649560774395948,23.52720637226893,23.64072419424035
Q12789,22.944684004650117,23.140451138683368,23.140373902384013,23.23185720574826,23.134598189811523,22.946898691169025
Q12792,26.610308129932157,26.22474965426345,26.311512050223413,26.50481280618673,26.425854401737652,26.45057964991593
Q12797,25.27633643209642,25.575645532254825,25.055242379797814,25.084550361616568,25.11593472455676,24.891151421633158
Q12802,24.587136328034358,24.348475986636153,24.3228340901277,24.692545907210363,24.635632110443435,24.483649496008155
Q12824,23.921307514953508,23.838679784224688,23.95191661662379,23.807026938432134,23.92251453761112,23.810952339539373
Q12846,22.829655482632322,23.089033058067294,22.80655060529235,22.738114118570646,22.982137741877136,22.95623558128585
Q12849,24.992958556728166,25.417576994498397,25.257301367673826,24.503939259135024,24.434594633963886,24.680176211270663
Q12872,21.260889679296334,21.430846984666843,21.456681780051117,21.122348516230176,21.467255774649345,21.501283631051603
Q12874,24.97020948114859,25.048192661742736,25.05844646485048,25.02282198740094,24.927264276061535,24.843071581986727
Q12899,22.8348513825221,24.470661480340738,24.530761728785208,23.74588190785263,23.087755141677214,22.774933308119223
Q12904,24.934841305041854,24.850152492879218,24.77285740282371,24.93340503278298,24.83820840274272,24.969320203994123
Q12905,26.006272867766935,26.061444824142757,25.979392310579076,26.068286389092563,26.200767638616018,26.021001253339627
Q12906,25.98230497947133,26.058054169502064,26.090898844460174,26.141557582255626,26.224151750302127,26.236967332820914
Q12907,26.30413167201347,26.496701729571537,26.245748822280383,26.024701924508737,26.110552246843053,26.12840172492825
Q12929,22.735075230004178,22.897452107990777,22.85536752947868,22.534022005010257,22.67720455090643,22.577575655929575
Q12931,26.15546621132642,26.540693662596862,26.162907081260087,25.504342332546223,25.34503876635039,25.504648685166273
Q12955,23.75608818018619,23.64458675217396,23.699492391332026,24.858031094583005,24.869714413942848,24.784681867421856
Q12959,23.742988837468783,23.87156810787112,23.69147528282144,23.46041289927384,23.482180542984295,23.35956928401717
Q12965,24.65329152381549,24.685812485969166,24.719774937439563,24.540302245911608,24.543892992462712,24.549338390343994
Q12972,22.751921768137173,22.484267911249418,22.74950621824098,22.70052692393882,22.767137785865714,22.83556799443254
Q12974,22.973232539062018,22.865818775216326,22.979884456793027,23.042882047939354,22.820380676352578,22.90546358063734
Q12979,22.094659070648817,21.933675600870007,22.025984204672444,22.467514880312308,22.278453144903448,22.205729872179827
Q12996,23.77200229436509,23.87599086184514,23.89943593985392,24.180903011292344,24.24687684195309,24.041765248304127
Q13011,27.45672930571153,27.763592580047174,27.214698141617642,27.057289919664047,27.101766354600713,26.99745128888796
Q13033,22.504381615267548,22.62594946982938,22.42517030603812,22.512800731987607,22.395691802379446,22.66736756154311
Q13043,24.04267218163189,24.012473822912188,24.065136533614297,23.978611753710428,23.961849552291497,23.9038786286876
Q13045,24.270294613474963,24.35560260293498,24.372824153083002,24.40620266939322,24.381430336572034,24.294078154436033
Q13057,23.89813543648158,23.732529953914863,23.87665857720561,24.600085197513817,24.390882537941614,24.46478951715448
Q13084,23.567110661053867,23.88056031178746,23.782806593858094,23.31070125007263,23.124165654316087,23.34212011946233
Q13085,26.152909372278586,26.19260379614111,26.070297453471902,26.230544455435066,26.232601015367017,26.22150961003002
Q13098,23.70126669117131,23.54615604415618,23.634384445901446,23.706071646972735,23.64499484332319,23.59092130085196
Q13123,24.709774096290744,24.521146914543102,24.677661582153696,24.74246055604091,24.483653554876476,24.615546911050888
Q13126,27.39077884844861,27.189604441990603,27.219868617750887,27.365830239143,27.31832831024773,27.276921651859315
Q13131,23.232175405983643,23.133787387454053,23.26048629772525,23.31321201683211,23.312350926756302,23.28396807056566
Q13136,21.512072752885356,22.019209614837763,21.52071434516331,21.309104934097924,21.374053089120256,21.292188603053233
Q13144,24.016864383485327,24.06814289502839,24.11867244793447,24.269332602109213,24.08093460445405,24.24836279922176
Q13148,25.24474054278397,25.114889763850904,25.095855657483405,25.2560098128141,25.254111265636922,25.227920248604626
Q13151,25.81579517077643,25.753574231108928,25.841489582919955,25.975404520048144,26.045597162632422,25.899566303719325
Q13153,23.545785810929058,23.428396723422022,23.462828869562966,23.681467594286403,23.73350156059599,23.63981728690688
Q13155,24.632221346691935,24.609329359775366,24.58825049902684,24.498786891129217,24.743288556298598,24.7579093952723
Q13158,23.235505193192463,23.468595333059902,23.357457906065886,23.535312520686702,23.803039572036578,23.449249924101192
Q13162,26.735691069867325,26.85036288943754,26.594623140256303,26.054967008115725,26.128335523713755,26.206401044633697
Q13177,24.799046591077914,24.65453081739902,24.72611159518982,24.78476342825245,24.761567869490516,24.77369560775388
Q13185,26.573081507370702,26.375770872525816,26.545618391438833,26.39328586774228,26.240051333881105,26.307182704561512
Q13188,22.170576706688642,21.951416702660516,22.201214431728097,21.952815101414608,21.99553461833294,22.28011672063096
Q13190,21.854776787816004,22.013295579288805,21.76721709080045,22.30314889796352,22.06010300434409,22.105828761351688
Q13200,26.542286050927984,26.63105773775177,26.82387786449135,26.6051774257334,26.61320153323363,26.70961341367806
Q13206,23.829746151751372,24.17364023654431,23.98224134267172,23.68348919296396,23.271378959890033,23.56756865049302
Q13217,24.607013506327906,24.80115604649519,24.56809679431954,24.07200515787614,24.14593991765459,24.05532100047882
Q13232,22.16852354137875,22.372831192362277,22.360702572803053,22.36989229744094,22.44197127262975,22.58982370365365
Q13242,26.048065245395822,25.96596016403759,25.89713816499092,25.848975786277567,25.696052842293124,25.575677381735467
Q13243,24.71833762611095,24.376140628230278,24.681606137134832,24.498166754905824,24.48537360984276,24.419186628042155
Q13247,26.696397575054007,26.73841505789881,26.729248042841007,26.974937573909102,26.865351152589795,26.721131817767013
Q13257,22.06478058437959,21.993521404170107,22.41030085415956,21.99738735185849,21.791961802282753,22.015292535717183
Q13263,26.04188315682352,25.845729885490545,26.06170664489033,26.09694472285246,26.114291055077135,26.005466118375107
Q13283,26.45760018603077,26.419253796477015,26.48721894601165,26.381606251787936,26.352290962728173,26.389618145701448
Q13287,22.940089252010484,23.056787855744442,23.06620434749823,23.183968483613814,23.23246996784593,23.39233825709803
Q13310,25.211119500725566,25.104161850857686,25.19449266488251,24.962691911256158,25.01776043060722,25.055272173402155
Q13330,22.55046392461905,22.624702657616062,22.75835437631771,22.62433687179062,22.669026038639377,22.704853073673895
Q13347,25.803250891069123,25.6955626285172,25.779769242162995,25.767754184118246,25.738657341123194,25.79969969921162
Q13362,22.617728972576717,22.61225794260196,22.702764953785604,22.83994821929544,22.810778225886384,22.5437733700677
Q13363,24.111718817994486,23.974952098539397,24.05379880486234,23.972502983012976,24.265727918571805,23.999240410675583
Q13404,25.447048155120637,25.44854674688128,25.561265858371385,25.58080416448497,25.577708756216587,25.609833872777287
Q13405,24.10421465096313,24.439295734207676,24.065398219478464,23.41137741217197,23.22159951087634,23.512029578625103
Q13409,24.788763031543102,24.78652509450806,24.91785534554067,24.747399726005153,24.83849176947219,24.922698266506824
Q13418,23.697603928864666,23.77958451131311,23.806190572025113,24.027911225887294,24.125535654594525,24.05531951086363
Q13423,24.773353944589225,25.17330824875053,24.765178030481795,24.4575819012876,24.401749044074815,24.409893669152364
Q13425,21.74458812432616,21.943169400840297,21.74702267554808,21.16235137300208,20.443131840534612,21.23582153838958
Q13426,22.86785494254257,22.770722964745392,22.8271445787321,22.488696906347315,22.28011686226286,22.431236794711392
Q13427,23.163157189593296,23.0982758207877,23.298366077656645,23.08882139040035,23.20495793792594,23.34496239891279
Q13428,24.05918055511026,23.838209364706284,24.116420432303542,23.98224639193208,23.8742928718383,23.866091675777596
Q13435,25.903729303781564,25.8481922465121,25.935923662167703,25.91583503155528,25.845828831941336,25.75019062407032
Q13438,23.867015304527275,24.19626922701877,23.804023558419455,23.430126838582964,23.52585805542201,23.59246958392712
Q13439,24.087765822631017,23.893178563269274,23.951048725741728,23.90453595246635,23.87989253109049,24.072767377476644
Q13442,23.819080972728287,23.657548846616937,23.78416564115337,23.87015585578967,23.770344802742137,23.97548485891254
Q13443,24.30206362721645,24.651174678345345,24.345083447551072,23.940708424382958,23.878371188191924,23.99307581312033
Q13451,23.377059968143925,23.171253166070404,23.437462927990733,23.253449920134955,23.38312061153781,23.301915337849767
Q13464,24.23464291797372,24.195592534896708,24.186913996678776,24.205638604095405,24.11058048179743,24.1091126471346
Q13485,22.52849703476023,22.310468142145808,22.57748103778227,22.437578745062773,22.372303948271348,22.53379286827945
Q13492,23.825208709970834,23.700194053082935,23.646916708935777,23.731270444501067,23.659634483767302,23.788817982355
Q13501,24.83034953198845,24.729880322034806,25.147446318643212,24.855193275763003,24.682510627865863,25.000574823471077
Q13505,23.260381055441254,23.730679712834824,23.419902844471757,23.042108212965477,23.2185123902077,23.31739549950264
Q13509,26.072450066623585,26.175212709058457,26.12820441038208,25.735818616007062,25.76968260409149,25.810829207284687
Q13510,24.93692211339666,25.01320134225978,24.947575766214033,24.69724174412136,24.62804609397738,24.90261966063613
Q13523,22.832681061233487,22.685150215688097,22.75133136272176,22.972957268313316,22.741167917758048,22.72134820461441
Q13526,24.072322525694727,23.771271027913528,23.848899685825437,24.066138638472836,24.29262340418448,24.195921086267546
Q13541,23.549138472431036,23.14980168784111,23.320284931562217,23.57218753088838,23.498414037874397,23.544539890441115
Q13547,24.88084930416156,24.924489961156677,24.938042273516725,24.985504439753438,24.966069466998505,25.029544207053362
Q13555,22.47643040681818,22.26679711870592,22.350731097557873,22.131915819780595,22.460659989759822,22.345399155267156
Q13557,23.66291106347167,23.639433011753347,23.78305208045511,24.347487556428582,24.262432685055348,24.27102254259626
Q13561,24.08870818638939,24.072226995510594,23.99243368085627,24.21807776130666,24.115595377891555,24.292376402887946
Q13564,23.399710017749783,23.54990731722712,23.36536636623144,23.655285152400943,23.684905570398033,23.538935697222144
Q13572,23.6021412069742,23.51814934682634,23.456547308725497,23.371287307191565,23.261630545234926,23.347810711813015
Q13573,24.508097721168312,24.420260819395327,24.565023378769087,24.54154651275192,24.489694376302104,24.369857694379952
Q13586,23.18420554492536,23.41571727251511,23.125638281251643,23.241420970765017,23.139666100514678,23.226028903663202
Q13595,23.92576285965602,24.118181318134507,24.048108994052438,23.923732155733042,23.686859755883216,23.74594210568479
Q13596,24.218703348985326,24.09935471352258,24.267484808865767,24.367979766468814,24.39951393595072,24.262383361951887
Q13601,23.5870344350376,24.768032744874972,24.46302164812366,23.6656307415705,23.62867013829695,24.016599354142997
Q13610,24.50922784759779,24.667521108107703,24.37335253481344,24.159985865461746,23.910342717220853,24.273407478579234
Q13613,21.868834232625638,21.884583433853354,21.9523527927465,21.995794817685592,21.852913567178586,21.954422750493475
Q13616,22.5749325430094,22.42413578322935,22.548134350427304,22.552572128101083,22.72115803002633,22.516083644984956
Q13617,23.092096737684727,23.057149584189652,23.33001143119004,23.241268788418957,23.385502237899747,23.262976417851302
Q13618,23.272803037431075,23.328488671200464,23.346590559547966,23.452699104658517,23.275138845571846,23.19311427779718
Q13619,23.56850541618409,23.36644215100331,23.347124038381068,23.378789758534957,23.33976751679795,23.589471939507195
Q13630,25.21474273120465,25.167650745729013,25.196779801579066,25.37351290998056,25.395388350137196,25.23233367457943
Q13641,22.566106196525908,22.94161810501904,22.74575647908738,22.220813887506765,22.320951453277644,22.18717700961047
Q13685,22.166000144655747,22.14716035314499,22.290166816953253,22.6112571900495,22.625254340197014,22.75460832820239
Q13724,24.963238656101275,25.248874953406606,24.765205149490576,24.69291320900362,24.717639401793885,24.586187757958644
Q13740,25.62063145522086,25.97538645740113,25.51314072355676,25.251974539609602,25.531253417934234,25.365574752904166
Q13751,23.76736220916017,24.072032807642714,23.69128187466201,22.655968694029117,22.565595335173867,22.722083004749518
Q13753,23.5296105852432,23.88733005257731,23.53163655981468,22.25938755186448,22.20194830091647,22.389094441196978
Q13769,22.869802035507682,23.055206957712052,23.00308190262971,23.152494983151197,23.32942354392226,23.21573842237428
Q13813,27.536256851316928,27.58041807590413,27.492082006185836,27.456318534552057,27.574790988250673,27.559996465275134
Q13823,23.51990531171408,23.798709495727152,23.47779482182186,23.08074402451156,22.52697841818144,23.168025062475508
Q13838,26.660603877948816,26.760956129005667,26.740776473173817,26.776146749607452,26.933095327264706,26.851416318620714
Q13867,24.440467352268787,24.365514816451633,24.37247732643475,24.671047204079134,24.710299975350615,24.713377599263303
Q13868,23.315451848546626,23.88132563226258,23.61848979787051,23.128798160610938,23.22234121873579,23.092320024582445
Q13884,23.990205435802576,24.068701207202245,23.822080147772997,23.66050062444221,23.8136714116609,23.31109721146827
Q13885,22.209413204796903,22.16314689887281,22.36272401475368,22.429863483063606,22.37549409011478,22.472658492102386
Q13895,23.552355183805695,23.824503345067793,23.646302816759253,23.29982091951927,23.402551904493922,23.32041619458784
Q13907,25.726352990678535,25.93193505747952,25.726919518848195,25.476476266580804,25.608494203729684,25.688796254282146
Q13938,24.65841286208328,24.218058835713087,24.587653123814988,26.15580510866652,25.89228469618227,26.00039584975027
Q13951,23.029693824208305,22.77304007841078,22.860553742639883,23.095662934397954,22.869124359194945,22.882504710378942
Q13952,21.77548521999416,22.04726738987731,21.966514323398524,21.733375857681267,21.7146869836312,21.594843272650834
Q14004,23.044520859793323,22.886382128049636,22.97138804584599,23.369731386163664,23.289892385239384,23.31830144815906
Q14008,24.22421767283879,24.228035374372965,24.230713272619763,24.116201320762062,24.016407054143183,24.002851747683472
Q14011,23.85197526052804,23.82749593235464,23.733507353093053,23.90015869319124,24.025515564401008,23.93267000710362
Q14019,26.26353849922856,26.10424537013528,26.19789937124674,26.08235547684246,26.25943589991826,26.261459963107544
Q14103,28.251197070099707,28.103328833508336,28.189651896814258,28.23561034863983,28.313183329029517,28.1101127218296
Q14108,24.620612160079794,24.95306233273879,24.46992433596702,24.527184771881902,24.710013825034345,24.607945665189582
Q14116,26.880234542189775,26.74651332167666,26.776535642626666,26.438010564260303,26.37950304032615,26.457859341083157
Q14118,22.63921692931555,22.836255641824756,22.636260960177893,21.838614505971282,22.04562469831513,22.215137919586066
Q14123,22.373187759969458,22.51343605708057,22.655838037173687,22.042027198469217,21.971554850220393,21.910773183373745
Q14126,25.633559681911755,25.529915788492836,25.486830971635598,25.227902259373423,25.227466557775017,25.17779345763442
Q14137,24.51598779308413,24.959683448591502,24.65622069626137,24.266826708135635,24.2218334185743,24.264732508677373
Q14139,22.971279013529543,22.547138709756407,22.861609934318494,23.267466663315616,23.16197235300426,23.188258469147584
Q14151,22.54060436828356,22.166619149853993,22.545583632670066,22.60447371147673,22.591579527049664,22.616023670491312
Q14152,25.436893866969694,25.30459586366643,25.345141395653204,25.480819901676384,25.462351928280846,25.457825094462084
Q14155,23.10754163754525,23.110945057326038,23.028706704782163,23.310793040716494,23.668058175951256,23.764530868292688
Q14157,24.592655033633648,24.422907846491654,24.606859367796496,24.557997893325492,24.455989613984983,24.420145531603357
Q14160,26.775520138235585,26.96381623186883,26.806177810388274,26.597589852573666,26.5917022691064,26.602571731610574
Q14165,25.481916423231684,25.80102309285132,25.36122831581083,25.25412806577775,25.24588675478669,25.215607722464274
Q14166,25.21971669238019,25.133494468272374,25.191437598533028,25.13368706325615,25.147351676006945,25.137403019842015
Q14192,23.50162899543884,23.41923061423514,23.472324567739605,23.107215159612945,23.16141532340318,23.138219450572453
Q14195,24.255297754129924,24.06055724645712,24.29129817332502,24.275981095554567,24.161989108222077,24.175935220849073
Q14197,23.193341568515777,23.865765736681883,23.14393012645144,22.996424180473028,22.74299181749621,22.859840245585588
Q14203,23.57784795099934,23.543472382675365,23.52107428934324,23.567900735367367,23.61242815451044,23.668976606276132
Q14204,26.749365042160456,26.717885120560133,26.73143867742883,26.902351030244308,26.96705585640321,26.857946645631976
Q14232,24.351517694190196,24.281159604233288,24.395370305727145,24.310607789549756,24.33161841382692,24.381232414563826
Q14240,26.886887185575635,26.940902527568706,26.9438921917948,27.029633823358676,27.22562867172969,27.061142775179817
Q14241,21.83769953030979,21.705224344467986,21.926485739723002,21.59150271522503,20.78953014266088,22.20407018783754
Q14244,22.234155514031936,22.386880137741223,22.308249861161,22.22062173195294,22.06709358906284,22.574416944368384
Q14247,25.707652127848462,25.22905627299033,25.4678277850763,25.63532544401632,25.71269071699396,25.783242963392937
Q14254,24.236025728096518,24.473464971232954,24.081006797106568,24.233813911517267,24.34568353090059,24.28134542058197
Q14257,25.411398619617202,25.475040077679278,25.386836929758577,24.65527051947573,24.76288371862997,24.7514965575768
Q14258,24.49126851206735,24.475462561850588,24.577381687811474,24.671076583537413,24.683819195177545,24.581048259222943
Q14318,23.279548806550356,23.275310518054567,23.139775375950023,23.177055561344385,23.229708066504603,23.184870350083717
Q14320,23.54644976010324,23.543355911667692,23.655919903755645,23.67588942914069,23.517194437004484,23.66445119086951
Q14331,22.157057141696722,22.270136176785886,22.59485431824399,22.54041671693975,22.728681494440917,22.66728959088199
Q14353,22.966554737286433,22.77802688308664,23.30988610929651,23.482656082884393,23.62494322920427,23.597328675980158
Q14376,25.35435795002143,25.52346013873494,25.468136643567398,25.573105639340156,25.69097733206161,25.633048040335584
Q14435,24.179904990891583,24.469360112719915,24.047530506328467,23.355513619539995,23.43142351108375,23.55933892696912
Q14444,26.08829281330493,25.756913486871618,26.036529353295144,25.838286512095532,25.69603920095306,25.86845145126157
Q14451,28.24125218342254,28.120763541026694,28.128930753473337,28.52736557564254,28.644205065990324,28.549644024029522
Q14493,21.123342492422797,21.243506287879324,21.37513692522463,20.693145841846714,21.026867044503568,21.272682289642997
Q14498,24.73660104808235,24.86597051882957,24.94559904080179,24.672250623996682,24.958513244959132,24.93980848014449
Q14527,21.232123719693384,21.809220091240537,22.057884004035355,21.957063771627492,21.73596850703675,21.962476667930254
Q14534,24.385173063194664,24.69872713071682,24.23622109928643,23.41661908740176,23.434048881712595,23.440693806907266
Q14554,23.591733480785997,23.778727668037625,23.342729980273013,23.23595431901913,23.035733437548107,23.0707060032797
Q14558,23.930760614240118,23.953603325505213,23.907245524136968,24.082012403234845,24.16118079311991,24.038489363673136
Q14566,25.178993481768607,25.23239384430061,25.391033959745556,25.369630757584044,25.405408850578002,25.401724569922493
Q14573,25.561385729069144,25.91664655784643,25.410178684839494,25.320584973298402,25.458909322238508,25.36376541764176
Q14651,26.14820773688247,25.985800600872892,26.013026655175178,25.86248053337024,25.981722219234424,25.86920664997577
Q14653,22.864985505196366,22.805020162916826,22.874633867888416,23.143371068405283,23.08874214852538,23.14181278293584
Q14669,22.832013058580067,22.59811907965586,22.6848481203428,22.86257010874297,22.55857591082363,22.79090665125012
Q14671,22.729614520563135,22.824000883898762,22.811161620653408,22.668405902199947,22.629942867981498,22.629714799840016
Q14676,22.445158859962373,22.336814072981415,22.34315548219631,22.414407819390043,22.241425626186032,22.200163602750827
Q14677,25.33204187674525,25.157430053298047,25.335643456875886,25.60190688777402,25.66124847405586,25.660461834466183
Q14683,24.033960978482163,24.217555737911983,24.069996269426216,24.105917138266456,24.14245923478285,24.076923542063547
Q14684,22.962629521354483,23.08228339226025,23.009252001627587,23.038046712139923,22.85359730034908,22.88878969072313
Q14690,23.33599734384687,23.941811414382453,23.419621543686706,23.119082175732085,23.214014453505488,22.9990942270652
Q14692,23.22824886136788,23.949700098149123,23.512221561523333,22.88548469043546,23.005937847487278,23.223017713004513
Q14694,23.511619720603186,23.483077696451957,23.748268513572302,23.465531780175247,23.53290924052715,23.584249628520872
Q14696,25.79259133756727,26.18657976058406,25.659790597291046,25.323934218531093,25.308641358065664,25.23176113150664
Q14697,27.64371364351174,27.846721638729804,27.505904602285913,27.210512501444025,27.373755695740783,27.227542794856944
Q14728,23.713389346963037,24.002840419198893,22.58576979068444,23.15464229707084,23.35658119253929,23.020586815440115
Q14738,23.19717469005768,23.141427704100742,23.23698232725009,23.547660147830015,23.481458501085374,23.501467913431316
Q14739,25.865207864598883,26.033281333391468,25.759572744856765,25.457913745835196,25.817546109642336,25.467495352606306
Q14764,25.42722485028136,25.359309820842956,25.35512657201438,26.08059375431507,26.204535697897917,26.155713367210968
Q14789,23.007072106703877,22.925406209917547,22.932203035272657,23.265699164923944,23.098274053555482,23.262671390781534
Q14790,24.119636318878975,23.934147514836468,23.856545970079782,24.052562578441854,24.07369147831099,24.129764095045612
Q14807,22.06691627715646,22.708572013189563,22.753738455382216,21.831991610918212,22.287141669522146,21.68132206707642
Q14839,25.268543999117774,25.252532260983333,25.447750171537248,25.439289963146063,25.379075364832282,25.364605118647646
Q14847,27.880530279039636,27.676374965090627,27.908131547174747,27.714116901669,27.776654107145294,27.80382752414369
Q14849,24.72184454337057,24.512500084252213,24.61292708705417,24.743986905133244,24.624946797882753,24.84766280112645
Q14914,22.832625824625005,22.57746109918375,22.850555038492068,22.91607261314954,22.83068975927968,23.129390094283426
Q14919,22.638680061221763,23.082720636514843,23.119346766054996,22.974765804691202,23.145292691333836,22.828954418975467
Q14966,23.13396999093935,23.070396960625047,23.1430613214469,23.398950574016578,23.3484739604727,23.17661343360983
Q14974,26.728935560805528,26.677913183267403,26.654592437308896,26.63245559229845,26.724163541699756,26.62405904016686
Q14978,27.686805815846927,27.369527825654345,27.61060988206608,27.428617222181117,27.27231383396316,27.392844101300863
Q14980,24.69120912688746,24.538721546458476,24.563276119062532,24.79804476205383,24.84366864925605,24.708636945162564
Q14997,21.912735067108724,22.22239826873473,22.519084903274482,22.194771880814514,22.391357276365156,22.037336980429966
Q14BN4,22.335204690937033,22.49355864487746,22.21056790318017,22.027938552979606,22.028071301303957,22.431588908340483
Q14C86,22.00708340200876,22.074320012451235,22.19411493107651,21.955811465877467,22.23204801716691,21.967928065967026
Q14CX7,22.844125604442418,22.969670465661554,22.965037824464982,22.90878052425667,22.853428353524585,22.99545163585122
Q15003,23.60910511271461,23.588988152302896,23.644856369266236,23.37146080756713,23.39378308400783,23.4400651714458
Q15004,22.78602857781954,22.798613097677418,23.166233586326186,22.664412886760008,22.613134212592563,22.74503056261745
Q15005,25.183517490313008,25.551355294005354,25.07068234019166,24.7976504447178,24.792625293203084,24.874467929671884
Q15006,23.554069209493658,23.823833681812253,23.34542297946102,23.13288217937839,23.128927450596294,23.105066385601923
Q15007,22.47423472641518,22.491207458953955,22.613220787202533,22.473296749318926,22.383788126946243,22.0563527687273
Q15008,25.513616890401693,25.510532031367067,25.67847543820869,25.75054926542066,25.70112759056626,25.691296146854985
Q15018,21.64947144141467,21.4211391460812,21.348906306284185,21.646937467723326,21.51155665147494,21.538225030053713
Q15019,25.741960566103383,25.70677264585675,25.719643771771963,26.009450212587073,25.913879798913726,25.831326671858466
Q15020,23.62178181809698,23.55421456888289,23.606441247632482,23.715236321566145,23.770502592328622,23.69698991115669
Q15021,23.050513627616965,22.935366599893847,23.230360298687962,22.99238060357221,23.10187775738713,23.10536073692248
Q15022,22.191542721056898,22.817715017705225,22.74684384951077,22.39281369572215,22.285574508731514,22.364616940051455
Q15024,23.540668568526943,23.457228183669365,23.637102428480464,23.127058382647803,23.190715992258763,23.34215742929478
Q15027,25.845829884526673,25.75858647260915,25.818663160562124,25.923241332114213,25.896725503050924,25.78284377936585
Q15029,25.17852596187573,25.334643328524788,25.33129010696027,25.158182291811148,25.203600271156933,25.171559668228916
Q15031,24.798294295588725,24.927012836900794,24.574458522421626,24.33192232494474,24.354155471368813,24.1480482681666
Q15041,25.250266752418142,25.831178006738426,25.443437203205644,24.873856635877125,24.98974278011061,25.103008726748783
Q15042,24.517994182453254,24.555946275712945,24.585274672783505,24.643211151931116,24.502520209446853,24.6671278966228
Q15046,25.796484570172645,25.770390376970195,25.75333311396593,25.743205952319215,25.71280730123945,25.69451358279901
Q15050,24.597688985568148,24.84311203968447,24.662897268070907,24.26539557154603,24.33593412204694,24.292795676245493
Q15056,25.635082112629515,25.482431073444598,25.4789607117237,25.687349090440172,25.60287700282921,25.518175285991237
Q15057,22.43295433696386,22.8219297484151,22.879267637517593,22.5340621506751,22.632680426758025,22.654610026906678
Q15061,24.42944352113763,24.793835260056696,24.464255195276547,23.956697055206682,24.01450733125127,23.991286638432076
Q15067,24.045327401790203,24.408529033506937,24.152041548253276,24.122970139563648,24.078788312983804,24.141364086044454
Q15070,23.217090785829477,23.788263599958302,23.0534267886019,22.499469901122392,22.598518037778337,22.756328990074437
Q15075,23.655737498655526,23.622485325201087,23.60463613536856,23.394814218051653,23.21150439443723,23.337771329367715
Q15084,28.5010919398866,28.74107787381447,28.50658335886592,28.092200500209923,28.130018423844728,28.02187633520113
Q15102,24.320364682505232,24.463773051417977,24.439348623960814,24.479663222438102,24.71295199531427,24.599328904983402
Q15121,23.31792194616255,23.465401245305884,23.199540705415735,22.94215266439845,23.195564151034155,22.970882111923757
Q15125,26.660857845778644,27.65803743262183,26.986189860387025,25.970132842425226,26.21061245340191,26.316536351109587
Q15126,23.590734029374445,23.445775683985616,23.606439101376314,23.859883078627785,23.865277822826336,23.719625808666166
Q15149,28.2177107194576,28.098311024405653,28.118126570569366,27.871224882022474,27.859274128220534,27.811455334945155
Q15165,23.857164641289707,23.957447753782024,23.49660525164534,23.40712562409337,23.460734845949915,23.38390635690771
Q15172,22.598795039751746,22.745828476326764,22.790476770101993,23.056708322840862,23.16767264095728,23.026428883590388
Q15181,26.655663591280938,26.715842859641498,26.820575131691513,26.784879122916504,26.878627436888017,27.001448355558015
Q15185,27.87944508433112,27.99537445009532,28.071224692366936,28.077274704930634,28.022725598409043,28.128035947862013
Q15208,21.65168589907206,21.297020637308567,22.013067048117648,21.647298644780964,21.815494000596846,22.047874931619322
Q15233,26.813537551487773,26.63854896150442,26.861459245874645,26.81241067187891,26.762233599650315,26.786546506000636
Q15257,22.701308894710564,22.774093710268968,22.706394205679718,22.967232768390414,23.22791026277337,23.101137822431518
Q15262,26.680864826311478,26.779058815616906,26.526655998577606,26.976235354136232,27.15329594176176,27.043076735502414
Q15269,24.27400896417231,24.914551195461215,24.22328851656115,23.765548950036692,23.674718131869344,23.62882986093284
Q15287,24.68395665598257,24.581026875277065,24.374002952744256,24.267408224520373,24.323351134007954,24.274565413744163
Q15291,22.637104087260145,23.160760542529047,22.638204654100747,22.525488788697096,22.789560807479635,23.04158362610629
Q15293,26.272882076062583,26.591855182768597,26.184052806819786,26.1278765945866,25.919746292602305,26.052818803683788
Q15363,25.052653615951254,25.19544445209515,24.901191820017768,24.92885347890185,25.10713269029585,25.03174730107641
Q15365,27.047690728393693,26.94325517728758,26.985953217359178,27.209861622561018,27.322758188271646,27.156776199109107
Q15366,26.327487886140876,26.12324064972572,26.23127582952427,26.4283836879576,26.52302574911298,26.32824417353545
Q15369,25.722872867629118,25.658039884945456,25.82157231679307,25.80644941955096,25.67946678379212,25.592682632351615
Q15370,24.126166748109473,23.93257566971043,24.0669509203622,23.96384647568645,23.92966674596218,24.154509883218516
Q15382,23.709080025228502,23.982620423335426,23.855952784228403,23.571649079563162,23.37732572571723,23.57570876894154
Q15392,25.973835463047195,26.318284172020046,26.055371729233546,25.426129594004948,25.272749227474627,25.261702774733507
Q15393,25.24082276967947,25.24717305460909,25.21022728446024,25.169672508817193,25.211774249009714,25.062237062188327
Q15397,25.068280032841383,25.659808776777584,25.095790239130267,24.666980807336824,24.75853960904285,24.692189262609027
Q15404,23.472880445824742,23.76027325870581,23.52599923823047,23.782495877477107,23.74333571241984,23.581153909658795
Q15417,24.178119550793873,23.801443034564734,24.080444607052925,24.5207162631858,24.326683206192346,24.38020473785188
Q15418,23.013515044203395,23.03315494627001,23.125056002833148,23.198184224849925,23.047068148343943,23.270220032034544
Q15424,24.273189328298642,24.150599978829693,24.2404611968616,24.389477209957757,24.345206652178007,24.255528711122793
Q15427,24.368374039717153,24.62444073806651,24.454607673236524,24.419252220996647,24.50699660145075,24.17893362580006
Q15428,24.308812283486496,24.255871692549388,24.23183919231529,24.23762223616063,24.340505918735655,24.16664182685289
Q15434,24.064992355984284,24.152719171849746,24.210486304711257,22.975376135787013,23.339987650382398,23.255422386170356
Q15435,24.440014970192003,24.239840605886048,24.497544281112706,24.627081960700366,24.68649123007171,24.666165912350184
Q15436,23.62307236139648,23.60847999084228,23.48905022264668,23.6839321409575,23.730509940243174,23.642957197196047
Q15437,23.532074430627173,23.791517351330764,23.868240991270394,24.037572423533398,24.071720121703063,24.122894962526395
Q15459,24.793989311113627,24.670525619110453,24.72769863830139,24.740143907247504,24.711939356882453,24.74523290392238
Q15477,23.613555793234976,23.513848892498984,23.4545299883681,23.893379861677463,23.84145656616053,23.684563296899373
Q15532,21.72660517567282,21.528379944629712,21.59822337377922,21.965304551074347,21.80570168378698,21.845438824927605
Q15555,23.20666131155664,23.126714711773978,23.24093439644058,23.73616179855307,23.7353138907551,23.650103801650673
Q15629,23.237781221026964,23.337720024991793,23.05690805619885,22.650436598031135,22.310072285477645,22.467438260535804
Q15631,26.359778375636093,26.239696413502916,26.396818730106673,26.505070949922175,26.502628856428213,26.481546789882714
Q15637,25.163482768519216,25.114638571519095,25.253555813495662,25.389922682681462,25.298234890873303,25.31488717008776
Q15642,22.66674725333206,22.759187431519305,22.789091311634763,22.642055439949377,22.565354422837242,22.590833149257836
Q15643,22.918929004215382,22.73374792805353,22.748887089275183,22.80979442236654,22.876577085083113,22.954082775178694
Q15645,23.21586725942153,23.093778766797435,23.317999896376527,23.309019144196384,23.189823955762648,23.246444876929026
Q15648,21.5044237096385,21.621914053553258,22.021668960302968,21.799640517602153,21.782326074890253,21.920469966693773
Q15653,22.065364032061122,21.995185231553982,22.067320614993516,22.169746892858967,22.203650002661455,22.453587522259717
Q15654,22.005671145701864,22.300869904845207,22.36551868770085,22.27380072034285,22.349577797938426,22.194391664972326
Q15691,27.766185872413,27.65501736821698,27.68826805346435,27.768018719647046,27.569134984009263,27.500125167476018
Q15717,25.765688450198297,25.613337823318734,25.800384211490332,25.621654511020132,25.54808506696639,25.466057412231343
Q15738,24.64005071637484,24.813206859709155,24.35246295719287,23.90993125268705,23.975165488751053,23.85913985868584
Q15758,24.479157577523083,24.716604932022932,24.614090180409548,23.77524023102676,23.639704366333834,23.85756570993906
Q15785,26.490060305831218,26.43471920657268,26.49644702119278,26.373395020037247,26.446773391574833,26.33046973084687
Q15800,24.261484210240965,24.673891426704863,23.848529725059606,22.216236084404624,22.448955515861563,22.663032174910118
Q15813,22.701799909305905,22.80428043135782,22.667359331505583,22.81593028705179,22.822556924884513,23.004755728405083
Q15819,24.204963160124848,24.028066409905197,24.274714266366598,24.25789234482484,24.146273756119175,24.01653440687704
Q15833,24.070179428271597,24.265625776150152,24.06359553676881,24.0591691651995,24.123086214059516,24.218420153386457
Q15836,24.246368472338307,24.16066146123415,24.247769642836147,24.056489047264904,24.123026519770917,23.90594268279169
Q15843,25.303618840284972,25.2382620800663,25.388850151442117,25.2641902250736,25.365076764240122,25.43088127809293
Q15904,22.489983772023006,23.045010040142717,22.287119823047274,21.76311987051099,21.81992704823992,21.798705857435678
Q15907,27.459485745252593,27.45102240995499,27.44406411854774,27.295361840984622,27.413773270747164,27.166034826084744
Q15942,24.416746638967073,24.381024164432333,24.37242259167135,24.005530152390538,24.120569806155533,24.124694818523615
Q16181,25.835900152570023,25.852160192597555,25.917904955821236,25.985917745778178,26.00698353817984,25.96257118832692
Q16186,24.56457179030036,24.336128411252794,24.782303895688887,24.60079584643633,24.431578962086814,24.644844380021347
Q16204,24.72453945757222,24.716287893489312,24.959492254000686,24.729768946497177,24.79972894331773,24.8583373466099
Q16222,22.033236628574162,22.49249661123553,22.09742794337153,22.280295024183406,22.133968737088644,22.376194427076648
Q16401,24.06313797035472,23.90223055699403,24.05829088089093,24.303092165626325,24.24908378716792,24.250373313418294
Q16513,22.389897941451057,22.291599175276485,22.50124253850866,22.535061631318452,22.542790297667143,22.29928684652911
Q16527,21.84995594876613,21.171909889779283,21.601693043957226,21.870057924009537,21.616642078235643,21.802933013714743
Q16531,25.257918593671462,25.18156509362163,25.32946186789598,25.31942061140538,25.207719929474592,25.24958078544234
Q16537,22.484975891900692,22.46567114549601,22.473939677371085,22.592789600905935,22.651599084247987,22.677399425228405
Q16539,23.508517647937282,23.50873753778335,23.53306185826942,23.53419528850842,23.487425820980633,23.682023936970968
Q16540,24.244090714998343,25.044694109295392,24.569161775743623,24.02057308215376,23.761380285827933,24.12969634505783
Q16543,25.017305509417238,24.965662235107143,25.12128861796166,24.95433211481078,24.986567991893274,24.96667820737427
Q16555,25.168458735087732,25.230903942292358,25.020388178699612,25.454550821877387,25.63583223879157,25.50043965042924
Q16576,26.29022311049722,26.232047614483275,26.415617576866264,26.27660536168028,26.201530039732994,26.28302905947541
Q16625,24.713266306040662,24.686113203660017,24.824560058863064,24.17319690822272,24.412755377279144,24.386017048201225
Q16629,27.36210592387532,27.3617016854914,27.16152423245455,27.076683508328333,27.04630434231384,27.001561101517417
Q16630,24.27348246456675,24.06003206764686,24.21110895221183,24.281098745237774,24.3440874054261,24.34724436502019
Q16637,23.609310307458472,23.391920596043125,23.72473074800229,23.581519545292476,23.66066861162611,23.634774277000012
Q16643,25.23371357965923,25.06684280125367,24.998849923687686,24.86942299396102,24.869179722387962,24.971395150642586
Q16644,22.57788735635462,22.458776685145054,22.479707869560343,22.667809748736534,22.442288627081528,22.443638533671812
Q16651,22.1902083919397,22.2253907447229,22.242604418905366,21.88736510416958,21.420252979603315,21.888412614206707
Q16658,24.10620556412637,24.087306470196747,23.800802562168556,24.337102732519526,24.36129070661828,24.059578980321756
Q16698,25.089659551407617,25.273835643110065,25.013785240081074,25.0308109131553,25.037177259427086,24.989907666382955
Q16706,24.740589357252418,24.994098227104242,24.80740916927958,24.64781290905323,24.656132407721262,24.628311921573417
Q16718,24.480821380527487,24.676039810988865,24.43907857417842,24.569844253810622,24.35227193329674,24.310972999983925
Q16719,24.147905468566968,24.284431310348065,24.424948190905603,24.36802933969342,24.140458315988077,24.257784899361976
Q16740,23.780685233799634,24.136940592895773,23.69058801191735,23.29227402326888,23.146386261548905,23.343550362610195
Q16762,25.052314144499142,25.584979584229995,24.99602206560003,25.420065454504503,25.565499463158705,25.48250031559062
Q16774,23.22305587610382,23.487404598109187,23.270609723845467,23.39139503890212,23.382457932530972,23.39114353226541
Q16775,23.107868839576675,23.088648184661864,23.04616647364471,23.010380756498336,22.935649766003614,23.160160104030645
Q16787,23.98572313585919,24.025904306696,23.71304012672531,22.29582259310425,22.329882269792982,22.32151046056808
Q16795,23.97055329573996,24.388374718554648,24.12373953133876,24.21693127999665,24.262490035380942,24.17592380295941
Q16822,24.32394205002112,24.741132214675645,24.278650368708853,24.082055784396484,24.188571792944614,24.049401060376972
Q16831,23.362689506837853,23.432580893878477,23.593675834738875,23.339040429671254,23.27043093210926,23.185871141587604
Q16836,25.924787092414515,26.330092014381744,25.98637919894984,25.31053027096189,25.687141990046044,25.59927169025916
Q16850,23.54351852005898,24.0189236287425,23.647134276942282,23.719333876845226,23.894385099924772,23.729464849569673
Q16851,25.61935781388628,25.50719591051666,25.622607309002085,25.93838531356609,26.062055733966552,25.897217395875217
Q16864,22.522001004942712,22.406095727280693,22.467294089892352,22.22553960998611,22.162362130429543,22.173671037234786
Q16875,23.69726550368179,23.4525617480797,23.79366740205935,23.891128053426314,23.875746727103373,24.04591510319647
Q16880,23.484042169375734,23.567336424145285,23.402790372989564,23.497701904057656,23.49475587067697,23.14122576946293
Q16881,26.0270985987757,26.037052847476144,26.177344483877466,26.659008907647642,26.630929469663798,26.53237188927816
Q16891,25.90874108819538,26.096696337107886,25.789756899653614,25.47506061710623,25.526504611981174,25.476321870359453
Q1ED39,21.879783948972392,21.7907132007015,21.67844024492568,21.387467296030675,21.570526895572826,21.918015985640043
Q1KMD3,25.64945744015023,25.761547073152993,25.644977905986764,25.59484908013819,25.70662237768066,25.668609975122845
Q27J81,25.91916275731802,25.917563702731908,25.960564102188698,25.882801148139226,25.979408273297864,25.918842587837958
Q29RF7,23.480211718911928,23.594961922948226,23.500736136617604,23.70584191168841,23.786829661170955,23.65886738784435
Q2M389,22.452300948232647,22.039781872228772,22.245195509324066,22.556189465884316,22.391909717154935,22.589272019709636
Q2NL82,22.40809503761935,22.618532029287273,22.74168289044484,22.299464753082596,22.336202114407303,22.600898473097498
Q2PZI1,23.356757276254157,23.630306013197956,23.26506629652248,23.121946542631385,22.968644383784742,22.886128765275146
Q2TAA2,22.670307443865795,22.879216119628644,22.745850320932522,22.89605222653226,23.07617085693396,22.905630582187918
Q2TAL8,22.933189608168078,22.65742869146643,23.478169214123113,23.213211632500634,23.13620434486348,23.133175144481758
Q2TAY7,24.079275291841377,24.307639419571842,24.2177144352607,24.27469635368338,24.289759159430254,24.237025813861578
Q2TB90,22.358332611410138,22.74669862031007,22.733392015960348,23.510260856303464,23.313261985538624,23.369652454551222
Q32MZ4,24.242622589147288,23.90164693483599,24.114882299391592,24.358879871230936,24.320462746705996,24.41638160530432
Q32P28,22.075641214029844,22.32662848893433,22.24723739021889,21.66242056137704,21.830831803157444,21.268607959820514
Q32P44,21.628775339218677,21.6679326362506,21.4109600534626,22.10190852635833,22.303672068464348,22.159425758345066
Q3B726,22.658396408441362,22.46471075855496,22.267587105492485,22.517602714573997,22.455541823011504,22.37533433280196
Q3LXA3,23.923989605878308,23.696190416224802,23.89064177902048,24.296059900269764,24.424738085145748,24.40222529611609
Q3MHD2,23.75800072113163,23.387532900893433,23.30638118422914,23.26058679478673,23.310780146008838,22.251828810656647
Q3YEC7,22.125997495871804,22.151931650082947,22.43212080549902,22.67599793816203,22.737696679127918,22.56027043619059
Q3ZCQ8,24.493578800192576,24.87362931677464,24.305958607006602,23.818510112855286,23.968112871152346,23.96131261512579
Q49A26,22.397739253121546,22.89391667441304,22.706157248012275,22.58970725841846,22.776548192294804,22.319298630715874
Q4G176,22.514267510082924,22.806628972656434,22.45912714594933,22.57585911803581,22.179205388398064,22.357357760208835
Q4J6C6,25.748010584461813,26.009394852956433,26.06529421653741,25.79988532994535,25.410508802927367,25.386515755900557
Q4U2R6,23.38055024043361,23.93103620681224,24.337293188955115,23.26535293173288,23.03205060485647,23.08893410042619
Q4V328,23.33520441828546,23.273078888704916,23.2619961743728,23.38297778668131,23.267418655090136,23.345275831701965
Q4VC31,23.9804215008332,24.24110815024896,23.971536537589706,23.583822493382318,23.556352388554807,23.622268253426494
Q52LJ0,23.764768856108184,23.843240691457744,23.782556466425206,24.24572140825553,24.147137989076356,23.905096733664767
Q53EP0,23.270016945625688,23.301959979714262,23.38094413133837,23.1198164487208,23.00991897565775,22.961358191896235
Q53F19,20.941325056294108,21.058945112325564,21.403233119925293,21.00240629958307,21.150032030288127,21.57366775665229
Q53FA7,22.02276603813139,22.099286001932185,22.0043552435126,22.516065485327097,22.674811646570884,22.454524717191557
Q53FV1,24.335789546269645,24.077712339037888,23.733191110792692,24.10504080090135,24.337925639756403,24.115652364503028
Q53FZ2,22.79143120312477,23.077983159297393,23.050281615937156,23.135960671345195,23.186765473651846,23.211634501237018
Q53GA4,23.26934915458436,23.249138921183476,23.27834282392842,22.654094376964718,22.64153759750318,22.697471474185313
Q53GQ0,26.47712840520671,26.956393861227273,26.26836038188195,25.787857833870515,25.992844056212952,25.81249726565781
Q53GS9,24.076597888807527,24.065841267716465,23.994513481106207,23.98044372805552,24.16563204858743,23.787031806091832
Q53H12,23.26251827957843,23.61264277513795,23.168528132032755,22.982406740284677,23.174293009459145,22.949259538576925
Q53H82,24.72032881377641,24.84104897729748,24.810148751315474,24.226896782048588,24.2979505186516,24.3224119041418
Q53H96,24.13373330730786,24.3407423720056,24.382009818588514,24.423735561944067,24.529017863365056,24.632219904209215
Q53HC9,22.407134702806374,22.51952599978476,22.52460591672741,22.69231081477899,22.627124720823495,22.50618334811274
Q53T59,22.275090381347457,22.372843677037267,22.318591490880422,22.467111585767746,22.480784778517172,22.476623724886323
Q567U6,21.754729809659686,21.877233761933503,21.984347178465597,21.905725412835537,21.99825325028466,21.882465062574084
Q56VL3,24.884354910580463,25.354551791659397,24.621273752231726,24.649044851690732,24.436422062076424,24.454781225447363
Q58DX5,23.602680630981354,23.730773504142288,23.335637732923107,23.35718765741318,23.285917333994465,23.250044496077663
Q5BJD5,24.236056539510734,23.37007567980938,24.042303464261867,23.7243626110492,23.62207260389017,23.95149763253818
Q5BKZ1,23.700695817264545,23.529964148109084,23.798149308308467,23.813734325565658,23.598742460030966,23.67329451646701
Q5EBL8,22.64023975000938,22.517222916851946,22.6011879430024,22.607518378190516,22.579849119249776,22.582234916160328
Q5GLZ8,23.98865079902098,23.979391525522775,23.889936422353685,23.769693599514213,24.069144389957255,23.865499193245036
Q5H9R7,24.181293471856154,24.15541938473959,24.229677559220452,24.172421709509987,24.230007824925984,24.192105553487597
Q5HYI8,22.455618199323297,22.86302054977434,22.340954345696268,22.187882722907624,22.264216789189845,22.394585547856465
Q5HYK3,23.04431373347028,23.470307107144837,22.854642141845794,22.604990101805868,22.392282305131975,22.39280374049843
Q5J8M3,22.14565388657838,22.538864790677387,22.27306237896711,21.846836091839265,21.892202414051262,21.855710727781304
Q5JPH6,22.21608551570256,22.60410049706251,21.997277354929924,21.88433405940685,21.557530170870415,21.721219789964273
Q5JRA6,23.065217082686868,23.29310815643097,23.2879355291798,23.11643248961207,23.16565029462811,23.15083344697814
Q5JRX3,24.226917943293248,24.69627108619396,24.23349753533882,23.743945315647828,23.748623026847216,23.798355510263374
Q5JTH9,22.898632476198888,23.361098437879384,22.94596680326581,22.591318372988813,22.42791254300562,22.509689724834246
Q5JTJ3,24.12531319295262,24.279740072227558,24.0190471952692,23.588087707050374,23.304201038673632,23.472490919826395
Q5JTV8,25.365094123304804,25.55169946194856,25.116178471589013,24.874416896784314,25.195383172006803,25.016357572278196
Q5JTZ9,23.09661205796447,23.45545816812567,22.985788442962065,22.856221762104067,22.696608577413336,22.86288703037819
Q5JVF3,21.965201876240997,22.064239340392366,22.43622836519514,22.02737588160396,22.596974416436197,22.07884204991298
Q5K651,22.967334278452302,23.017264130382554,23.1152332460168,23.594344538645487,23.690269147164877,23.657854314014507
Q5MNZ6,22.652124600770023,22.488610739440034,22.34955336737473,23.10577282379782,22.92358890653485,22.749285650121774
Q5QJE6,23.673406240275707,23.99469957280325,23.850982930054734,23.268211015011957,23.44753718109568,23.303299151212794
Q5R3I4,22.702428688453683,22.62526560137976,22.814180417011798,22.81295901138489,22.952558461262438,23.076133171581798
Q5RKV6,23.525675882907194,23.52600807662695,23.693956189434637,23.378761320453126,23.15416527211986,23.353833868788374
Q5SRE5,21.923760604418867,21.984992675973512,22.199229755064273,21.468076493463148,21.83300208698271,21.760436722228924
Q5SSJ5,25.602693655316735,25.960004142285193,25.606695386972824,25.5494415117698,25.694585207749327,25.49684817109979
Q5ST30,22.167459645994445,22.17565888254898,21.889111398635546,21.849110389267736,21.668390406194398,21.5123112734155
Q5SW79,22.354534843325535,22.37634971692647,22.30731839650209,22.229855167093852,22.125166390474938,21.84377904464442
Q5SWX8,23.38324522555446,23.583566243397698,23.50033740387565,23.27332281229586,23.566343731329862,23.23859731059459
Q5SY16,22.676256044881832,23.148715203448216,22.76090173049672,22.167449385917703,22.418099794687123,22.166701735317677
Q5T0N5,23.488417549974653,23.250860184030053,23.31954382210597,23.63605192738428,23.59995959234242,23.661229225188627
Q5T0W9,21.855732700032963,21.96050824854423,22.023441854900845,22.046420464896773,22.290819279361113,21.82371211052285
Q5T0Z8,22.267609964082354,22.15058680929485,22.290863141247378,21.857179850707606,21.74830137855871,21.909179679268895
Q5T440,23.195895561647962,23.819964653071455,23.314658609465287,23.069155045654096,22.66120214583892,22.695880325575693
Q5T4S7,24.069100454868288,23.94117050204279,24.013553378981445,24.092216290820414,24.00853633595985,23.975361353007667
Q5T5P2,23.64547692411412,23.599284291315882,23.32504311895762,24.15759488713398,24.075380890014834,24.055404085468393
Q5T601,22.517260168124483,22.555342041502513,22.435748205093603,21.927950373463165,22.17242995037977,22.050833765718124
Q5T653,24.45567011785726,24.765330618865924,24.489279347907093,24.056576033872155,23.959092449849077,23.981159174508235
Q5T6F2,22.35487484801665,22.070672268932636,22.488725831779746,22.463367337256596,22.289417668152904,22.180180668942697
Q5T6V5,22.162121298529506,21.858886881316383,21.892796815467786,22.287392246071132,21.99667111863516,22.082004116797165
Q5T8D3,22.808731403987174,22.713899545367944,22.64053301762229,22.69419165168994,22.490666310220732,22.817078801644897
Q5T9L3,22.664092416220154,22.965885896688928,22.603384795691316,22.701159960421517,22.134892686264642,22.09026541741557
Q5TAQ9,21.65956894153496,21.703219453173823,21.757268527868558,21.866230937082953,22.13246380112439,21.890604654793457
Q5TC12,22.299657309057928,22.7708453345245,22.67300535319524,22.081152797331264,22.13501579302719,22.2002483319435
Q5TDH0,22.26287064039195,22.65134714936323,22.27079733153972,22.292751451884367,21.95894877634221,22.37061477945951
Q5TEC6,28.619806462482966,29.819334990025077,29.08646817568895,28.18996217613174,28.274741979052866,27.928879834858083
Q5TFE4,23.76102371832524,23.7991915870495,23.8266292668715,23.84360980659608,23.894244828822433,23.859524739154526
Q5U5X0,23.6205614881328,24.127889500889626,23.66170417306357,23.077023163903984,22.940865034942643,23.004739272312133
Q5UCC4,22.17657097856626,22.556384432916214,22.399534927363884,21.80311221644535,21.29642166954642,21.62046819340339
Q5UIP0,22.963841714311148,22.75852547851483,22.844826134901282,22.628260072902965,22.792208735363793,22.743623444372176
Q5VIR6,20.964961615355893,21.21477889092133,21.11611325425044,21.41310580456939,21.612710371774092,21.355516818736017
Q5VT52,22.20437203639775,22.37268429009313,22.405201074439898,22.54964602881387,22.78140594172056,22.612340069823723
Q5VTL8,21.817617715024433,21.59047384154059,21.928273119329702,21.736058754268914,21.920814048745058,21.80531051686453
Q5VTR2,22.23345759943345,22.17967861010908,22.35790485308622,22.303736441282695,22.352235423029963,22.376928726492572
Q5VV41,23.481158765427878,23.395623822073816,23.50942370740226,23.585267221795153,23.517016094712627,23.508322632364393
Q5VV42,22.27300715536777,21.91832152384025,22.156021027352036,22.564766209255556,22.560330734883614,22.670810310336673
Q5VW32,22.801631105131793,22.728865698961105,22.68952659699598,23.067894504606915,23.116951968712048,23.13435784869176
Q5VWZ2,24.68975510647842,24.906704291972382,24.724713160332765,24.791349919016596,24.636869516879575,24.601896689265683
Q5VYK3,22.93239851138477,22.941848658601952,23.000580668540003,23.14805680465145,23.180291016482364,23.055741506994128
Q5VYY1,23.225539904171026,23.59173701844748,23.2026599783605,23.556092849781468,23.377594743809652,23.293894812642243
Q5VZE5,23.201623213161017,22.949195941547874,25.700407385040414,24.49565902385953,25.122173948483628,23.038358240429606
Q5VZK9,23.64804746299686,23.6027737240822,23.545121202458606,23.812558566112642,23.848876100554307,23.724730435797007
Q5XKP0,23.242267719256148,23.604186484086554,23.124898449268738,23.128409749111466,23.31410676217655,22.56315751114873
Q5ZPR3,22.97094405822468,23.395546686693905,23.146376316671038,22.944566412046694,23.122321055759887,22.90465648599689
Q63HN8,24.20411736516909,24.28719283126229,24.483460930537483,24.708177938663912,24.73326818637126,24.75672723094587
Q641Q2,23.511419453328724,23.57963393689531,23.63885745632302,23.8597217847542,23.969649740407398,23.951934486541454
Q658Y4,23.22963986423318,23.400590623063326,23.269619247021836,23.248190351403778,23.271403325869535,23.252763877599502
Q66K14,22.411689026800506,22.572539717883558,22.899682828349512,22.90577516659697,22.79481731406053,22.591855810365903
Q66K74,22.01347602687221,22.13817335009823,22.378620709047887,22.340907228035597,22.334486484345337,22.6551468980948
Q66PJ3,22.27536082218025,21.962990057136203,22.361982849337107,22.77166113654057,22.5539423448107,22.605701051796217
Q68CR1,23.740545199296022,23.1521939987544,23.304529718865684,24.03482397706483,21.93619939381264,23.14594862205905
Q68DK7,22.598235415970233,22.338821511341653,22.548530556504083,22.62607416981106,22.576800895297563,22.737030258193734
Q68E01,22.613672464990728,22.67050454864656,22.866236692172855,23.031503838101617,22.84850565617844,23.30367555191547
Q68EM7,21.337567897472436,21.30474011843883,21.41576703718004,21.46921690425527,21.614820897111205,21.604427220492614
Q69YN2,22.297955135077196,21.863292089347183,21.715823859611,21.67176728206163,21.90617196027747,22.19497712566365
Q6BCY4,22.884073515448357,22.919426479937563,23.008714131770496,23.690444787271037,23.59208560673621,23.506584463505398
Q6DD87,22.951811526361055,22.77962458509003,23.091190005643618,23.0906799000171,22.77828782462924,23.17869144203927
Q6DD88,25.082171461117266,25.329261613895376,25.038821723612212,24.665021617274533,24.78424283721316,24.79844322369463
Q6DKI1,23.79140477138669,24.628201323659717,24.144652953292173,23.39929578970907,23.308963336376145,23.373346427459666
Q6FI13,31.940744362936133,32.870125175637966,32.23205955766603,31.51322194705599,31.704998552839086,31.391205101681138
Q6FI81,23.584856784845268,23.627068709259138,23.543831884825607,24.037287205686688,23.64196176149469,23.81808135631348
Q6FIF0,21.426347790335807,21.486166998009445,21.683436205692526,21.708597270706257,21.345664583291576,21.849857284976576
Q6GMV3,24.01784027125594,24.268914160953663,24.28381635545151,24.08229102730485,24.309638438316476,24.21300392085769
Q6I9Y2,22.708114144042707,22.92775120175746,22.57074689102351,22.8123323486298,22.889367023546257,22.824211486259383
Q6IA17,22.499390701679673,22.749324118974776,22.3281530755751,22.396898834400837,22.322853889955166,22.45473027880699
Q6IA69,21.93881754276257,21.969159887878924,22.033875137399612,22.19205150821796,22.174231586391016,22.261279459803298
Q6IA86,21.922318534329047,21.627390851826913,22.05028493777065,22.538914390112524,22.57575584847032,22.579089508811318
Q6IAA8,23.53577181762597,23.345242934612063,23.35315315360425,23.45003446735401,23.41161533149211,23.359783870584074
Q6IBS0,23.631697519680266,23.63764629541679,23.686023198041113,24.003246815844967,24.08032797844045,24.007383893102574
Q6IN84,23.040945511499118,23.638841993109793,23.011160529944494,22.51547029930926,22.456208881802123,22.691112195162773
Q6IN85,22.952698329674647,22.92798352991721,22.92091370019406,22.865387521070467,22.907079718265855,22.949015556570437
Q6IQ22,22.50235716292619,22.50517686032607,22.512991768661863,22.312552987766026,22.332909457626386,21.452304593471037
Q6IQ23,23.452870373636515,23.417890877570198,23.43314325138539,23.014912157266135,23.162220433312022,22.959489600798516
Q6L8Q7,23.312738820133216,23.450188429532716,23.167213537172554,22.694015191486148,22.448247531190745,22.57818240143619
Q6NSJ0,21.979553238101065,22.374477838070753,21.95165823377419,21.330567459350902,21.40762294964545,21.277593325520925
Q6NUK1,25.838327681333272,26.324824812344293,25.77446556229215,25.159351841220133,25.129566652332173,25.237234327085424
Q6NUM9,23.038041351924768,23.44597466839444,23.54667807293146,22.98806175302091,22.750781905232564,23.00587567286555
Q6NUQ4,23.639004127703625,24.155631076684774,23.557706168770647,23.384246889404604,23.30608408557974,23.380488016441006
Q6NVY1,23.51196216148398,23.97170465775449,23.414875138520742,23.43523990286771,23.381940398619175,23.387839192735616
Q6NXE6,23.024231514508166,22.935641853574054,22.99143456680178,22.81649767632502,23.006148159403207,22.680417152585672
Q6NXG1,24.056739574338383,24.100395582723838,23.8604171529345,24.249068158244786,24.12234491385074,24.029351265632208
Q6NYC1,23.408291122995294,23.281600118500993,23.5380937085814,23.238018207224975,23.14087750225244,23.326263654169978
Q6NZI2,24.366251234738606,24.385190972230518,23.96162146672257,23.168488498905177,23.257436473620764,22.77979969443548
Q6NZY4,24.653953603868572,24.765443633147466,24.73036513061564,24.422380241121164,24.658200039900336,24.511881956309345
Q6P179,23.811246206699312,23.859466160525642,23.699940723414976,23.42625246788923,23.716709061207332,23.653976338342087
Q6P1J9,23.250789216388554,23.26945445812549,23.472192538459243,23.375682196586133,23.196233501047185,23.18746247770786
Q6P1L8,23.98582621899245,24.370153523767037,24.039616063376616,23.353773038815714,23.306189106372447,23.40495365194531
Q6P1M3,23.766727347528526,23.926473451579913,23.755532891479703,23.420224190493418,23.59833947449035,23.434609140418573
Q6P1N9,24.06458670718545,24.277425613790275,24.220397665738897,24.12947263746767,24.291539598175863,24.344513319938038
Q6P1X6,23.300211637326314,23.690405568519093,23.211553260124884,23.107743553907678,22.943836515940134,23.03353827519623
Q6P2E9,23.84573792394677,23.796275228647627,23.987813406084754,24.01608292557941,24.030692390839636,24.05369574359431
Q6P2Q9,24.927933180258133,25.054117552280168,25.02018832745721,24.954962949558205,24.9779603556923,24.950049635914784
Q6P3W7,22.42882912736384,22.12510851686461,22.403187602858274,22.43202507338255,22.088655300900143,22.26541717714478
Q6P3X3,23.15750468573087,23.59343261353838,23.754408826893126,23.581389324803336,23.525285060192186,23.607291817345004
Q6P4Q7,23.418450496312747,23.13469390775285,23.113914769184586,22.54325571783687,22.523603231302776,22.547890739635697
Q6P587,24.752008674207254,25.082009153657115,24.711093057206103,24.298778580955656,24.45722179491224,24.4587781867653
Q6P6C2,21.786968115556093,21.70529235963186,21.699820744173998,22.247009449560252,22.27746804017344,22.032592960956222
Q6P996,28.79532202634238,28.815718631024552,28.75612291682056,28.76964485082104,28.769676690234288,28.719176031497177
Q6PCB7,22.99448818942629,23.262211865014553,22.776338849553017,23.026233836222758,23.063470131922276,22.98442758590683
Q6PCB8,23.492142548488847,23.165185945438786,22.729213081002158,22.21884433483452,22.4280660718661,22.399985452018665
Q6PD62,23.024407217569053,23.135873333244568,23.063274597106567,23.38913147506503,23.33234884039007,23.387744683005362
Q6PD74,23.57148197301674,23.641480047978167,23.473788600789515,23.047359094986497,23.16924990715652,23.369334554694507
Q6PGP7,27.674663062556846,27.75507682353025,27.65857643485684,27.915414222887716,27.94377635633402,27.8297757123295
Q6PI48,24.87709752512477,25.215088730680584,24.725473189148932,24.3989973988186,24.230550575265667,24.379451744469563
Q6PIU2,27.134559023520197,27.33905949846843,26.913260964992052,25.903115525962026,26.03008801133032,26.013684391044464
Q6PJG6,21.341241254959765,21.324945887349834,21.589527486916918,21.395334242382095,21.481307963463117,21.55830635386783
Q6PJT7,23.173485918234302,23.122848527693375,23.168762083022926,23.212726282386125,23.25762378809103,23.27423566542298
Q6PK18,22.256147055828773,22.876913046536227,22.677818874947565,22.330837434897667,22.26227438632625,22.303353924247368
Q6PKG0,23.933936522063014,23.923177121884038,24.0338833689577,23.87082025762759,24.03606475554943,23.815832883461137
Q6PL18,22.215229773895327,22.131507523122213,22.376191511919632,21.648874430561925,21.800191731409267,21.290176493551375
Q6RFH5,22.398588706607292,23.221949915826603,22.759606013627597,22.08862667400093,21.8066989982102,22.28118890055527
Q6UB35,21.78626914897957,22.412242009364867,21.929257866759226,21.17030316083482,21.606400151920145,21.244952588104944
Q6UN15,23.12410411099586,23.230385660575052,23.207718142426565,23.37424406382372,23.450153056193255,23.40917324228466
Q6UW68,25.187801341102677,25.414759548541667,25.037496348611455,25.017933016759795,25.2526615349234,25.19509618734894
Q6UWP2,22.989519755301973,22.60755303084782,22.984428889774357,23.21557417547865,23.04873397257371,22.8769265320647
Q6UWP7,24.0724388218843,24.345739154229488,24.387833409286017,23.90853308063186,24.12893091075301,24.102605940592525
Q6UX04,22.802634490218484,22.887859082982285,22.97447025777183,22.94491380082373,23.377968135095774,23.663470915073265
Q6UX53,24.63946756869169,25.059552411062068,24.778759746194154,24.560802423948026,24.45657801390687,24.410314830498564
Q6UXH1,23.778696992633304,24.050322640044755,23.561278970624635,23.42393158425511,23.425261627195685,23.45264619941862
Q6UXN9,22.855747525411623,22.94879888662594,23.155691135336436,22.990590219752868,23.014407213775353,23.14247201128773
Q6UXV4,22.766730683252806,23.16251303331416,22.9127311206429,22.63131340699554,22.311957525998668,22.345858243196982
Q6VN20,21.79588151696555,22.048761573152213,22.300455345828073,21.755857209304914,22.24498669241682,21.66383551088128
Q6WCQ1,23.78316671318585,23.72456714317595,23.75506951202373,23.655584002887505,23.68739693612305,23.752194927633457
Q6WKZ4,22.562494221245732,22.72654414475253,22.654354792840383,22.648214711680026,22.791223313374577,22.78215059188553
Q6XQN6,25.606199491336373,25.663866264213752,25.74447674930988,25.914007951455844,26.0178127522122,25.92747859786971
Q6Y7W6,22.694199517485686,22.44795531377191,22.47230597279735,22.75699256203388,22.627005791091566,22.701554581528146
Q6YN16,24.833392671100487,25.42293234876445,24.906521634180987,24.416428125494953,24.46856724407436,24.66693856242824
Q6YP21,23.725791647542792,23.854219234889243,23.562731187089774,23.769508683691093,23.61437038764632,23.746445843589807
Q6ZMG9,22.78841974068893,23.183233436782523,22.96171736771983,22.134505598984486,21.98185021505263,22.539885201281216
Q6ZNA5,22.743775556499333,22.874125674590466,22.4419879838993,21.793371122738005,22.044782643597138,22.06870776657813
Q6ZNJ1,22.11585076829021,22.065833873739916,21.96158605415343,22.46498876219792,22.378982593622084,22.382473500537067
Q6ZRV2,23.48832548167971,23.53020187279857,23.477754314455655,24.216233863741483,24.428883168745212,24.212620614372142
Q6ZUJ8,22.462180095935224,22.496640845010987,22.654071972228014,23.166750610202012,23.251622829666584,23.220371389555307
Q6ZUM4,22.13706446341262,21.893228381222087,22.078716334930572,21.89080939200988,21.95318420926179,22.264912723628132
Q6ZXV5,23.311393972618685,23.654230983684368,23.30607963419845,22.80855466541819,22.868965884434047,22.69900779459829
Q709C8,24.684803185744283,24.639360030962358,24.60069117106173,25.197963843039002,25.190965356323726,25.10728397357636
Q70E73,24.660871932640394,24.791927652228875,24.695330151419032,24.490323673558436,24.496453482406267,24.443917845808656
Q70UQ0,22.79822477076445,23.129143851699606,22.59096103581975,22.473832934737963,22.261478614784806,22.187915636693766
Q71DI3,29.819905432324774,30.566205850477623,30.259815673022498,28.889236547220037,28.72095744847833,28.306177300608443
Q71UM5,24.391942091436437,24.327535649686148,24.67894071478636,24.95515421306502,24.91168245819243,25.119525111505144
Q7KZ85,23.470073334549667,23.682850603166937,23.58705057811571,23.263417790208752,23.32992605461296,23.416880749208246
Q7KZF4,25.88953803388743,25.798980364484294,25.861319901850383,26.101876435268192,26.090201481838818,26.040054553721617
Q7KZI7,22.264769297831187,22.45669193068621,22.476584667825136,22.625606182749966,22.555006818744364,22.617767639798004
Q7L014,24.09771839267556,23.992646143328866,24.093182677888876,24.03668541550871,23.98268091034547,24.01460522852698
Q7L0Y3,23.548361103226483,24.01511827186406,23.633700352926148,23.131298856340656,23.07422869839443,23.165474571066287
Q7L1Q6,24.45319652009674,24.366901527273725,24.467889835628196,24.193763864126286,24.161341969503933,24.142605690370413
Q7L266,22.551050132720047,22.422806754180645,22.583195615997035,22.60845303109179,22.65221871598928,22.5487045752403
Q7L2E3,23.843010701559322,24.28028794344583,23.958314017644096,23.17175389000005,23.08647706418573,23.351847090621924
Q7L2H7,24.04672569489123,24.342587575886526,24.322062785411944,24.085867579254014,24.211929425945293,24.233571699087438
Q7L4I2,20.778549300478698,20.91769199277364,21.611122983304032,21.415155715309538,21.205718985930545,21.375892783103804
Q7L576,24.126727470955263,24.23687550222353,24.189037728692632,24.114166961496917,24.20242996601535,24.173974891971124
Q7L5A8,23.671421855349667,23.64823501285805,23.467454803786538,22.390024202598195,22.515275138396373,22.27095099200772
Q7L5D6,22.556519970353754,22.79912951830158,22.875346087918253,22.78447779540036,22.752004589432843,22.714444885834038
Q7L5N1,24.250994449304365,24.424713357272513,24.479038140995264,24.20942495567457,24.136896172089344,24.334110807305265
Q7L7X3,22.089011714836467,22.88412970568315,22.62996120522804,22.74037431894464,22.976816511440227,22.534388738092456
Q7L9B9,22.882412912390457,23.04197858758767,23.14210082329848,22.61093189729368,22.67873197398947,22.806063885032852
Q7L9L4,23.31236228391733,23.43434405647705,23.537968510946932,23.605735409083476,23.576916657440172,23.636587340445764
Q7LBC6,22.580351278334664,22.534656603342224,22.666944736761295,22.871378314351187,22.78533871542067,22.93063024196485
Q7LGA3,23.02041742910451,23.465499770331792,23.277516424592633,23.17503323370408,23.13404600360282,23.01368081349984
Q7RTV0,24.16906529070585,24.242489286933715,24.118117458978432,24.10825197064815,23.975922729848428,24.03540305032361
Q7Z2K6,23.42147611444668,23.76166129714245,23.44074221061849,23.145298134033947,23.08301990675739,23.083082416034625
Q7Z2T5,21.211063161853907,21.609651835615523,21.643804236320104,21.25373890122515,21.406312718048223,21.34267358981698
Q7Z2W4,24.23465198031488,24.300314712192158,24.34692540987191,24.423158365813453,24.356903794831968,24.60018310976877
Q7Z2W9,24.182546812556726,24.62305214969918,24.292914443534734,23.67935520617115,23.582942354661864,23.822918827920976
Q7Z2Z2,22.74963295804028,22.691432897128358,22.683404699403614,23.051901596589957,23.093504448194018,23.059806531764977
Q7Z3B4,22.792104254317707,22.865151971107522,22.874640808924216,22.576684201346588,22.515867999321873,22.73281633030101
Q7Z3D6,22.579880991126185,22.952372185956886,22.552286810275103,22.67665021969688,22.595671002322884,22.66937093637184
Q7Z3K3,21.81890697946134,21.63998193862376,21.65483615977619,21.682545539830784,21.74688248601033,21.479412704256603
Q7Z3U7,22.639181041259718,22.70539076919735,22.819284594629668,22.942989602583204,22.953023422467762,22.871991786571034
Q7Z404,20.971000386687905,21.28901179767306,20.85246138770955,21.655824697938467,21.854635122944472,21.739007247702563
Q7Z406,25.281598137690672,25.274148487789905,25.140627674414173,25.458758728148513,25.54425887632496,25.4241345014678
Q7Z417,23.284456727738608,23.346114251193967,23.50650432198604,23.200299975388607,23.158325850100773,23.392737457915523
Q7Z422,23.504866135438625,23.671266455460678,23.657169920487302,23.46092990368344,23.812046833078547,23.674427960693123
Q7Z460,23.247049881586154,23.334363452020842,23.209976544238675,23.079568767409096,23.370495455164747,23.130587529614957
Q7Z478,21.41367105214677,21.612181976384832,21.60650755407896,21.587680108860848,21.738645230505018,21.692357751186076
Q7Z4H8,23.040312800814853,23.385068633285886,22.91776185510939,22.416300030268328,22.667817651437407,22.578696771504823
Q7Z4V5,24.178460615536903,24.089427689248804,24.220573320066034,24.39651489422643,24.433210123455215,24.5905343986183
Q7Z4W1,23.771861892558015,24.146793942528777,23.788983618515882,23.52516077765094,23.427852328642395,23.241132596341725
Q7Z5L9,23.349382206851462,23.587315481976386,23.435142215075143,23.54981756341382,23.53553453444237,23.664083082113528
Q7Z6E9,21.619796024587913,21.30026904171712,21.760422630575203,21.646291586735092,21.538125355685988,21.61111555202885
Q7Z6K5,22.093794399130452,21.672248012239514,22.308992628809683,22.512441128732345,22.609860130576283,22.374786913852493
Q7Z6Z7,25.528547349595645,25.484276394324002,25.52695645630437,25.765405490552485,25.831315459678727,25.73535123604043
Q7Z7F7,22.985175985904753,23.168615657708134,22.975881633175206,22.33722934324468,22.4975431847568,22.35431126809524
Q7Z7H5,24.20034757553555,24.376756147401647,24.05209652234643,24.047652478890534,24.082417730656378,23.989691422501522
Q7Z7K0,23.03002467912339,22.972538128628408,22.47825008096643,22.289782794895988,22.054611107337845,22.25385296588519
Q7Z7K6,22.468414982312996,22.508306792992396,22.52320011900793,22.52252729642426,22.763026314317216,22.465116718080814
Q7Z7M9,23.991806483408407,24.276867427498733,24.05697269906952,22.76388858104943,23.176789175069715,23.0418865398163
Q86SF2,23.589747941040873,23.87228513090237,23.583105728237364,23.55596721577734,23.537049154127867,23.564090746604585
Q86SX6,24.733050708854897,25.1644435657678,24.66315859788849,24.32913950417125,24.163679615980413,24.34278517514568
Q86TB9,22.412538965809965,22.45103511665643,22.47211777849492,22.64252902918141,22.305470639244714,22.3208563137499
Q86TG7,24.129645255375863,23.837484343255557,23.871804304357017,23.838915657594754,23.884167630524978,23.77229473746956
Q86TI2,21.936181849231943,21.71839009952064,21.85958445278439,21.587872033734733,21.594287148687613,21.841864596431453
Q86TM6,23.116274467417174,23.61166311197786,23.050185943850227,23.04238045515613,23.105304141712327,23.236969485315463
Q86TU7,22.940411014632875,23.20465307795539,23.043370449073752,23.158846639481443,23.219602673233737,23.193342621400706
Q86U28,21.42978583315669,21.587524829224723,21.41895880440352,21.8152643725252,21.66657336320474,21.76874122648187
Q86U38,22.288336520080946,22.967292320653186,22.775406729985903,22.26835367070048,22.21177721905989,22.417222731863074
Q86U42,25.091069075733238,24.867837036873027,24.88600779048957,24.95504341461496,24.912324631659043,24.803614220414502
Q86U44,22.359034085891086,22.08533402811276,22.679258978309033,22.535927810056233,22.333566898083593,22.332329580239396
Q86UE4,23.98924930771209,23.697005824397422,23.814660202643886,23.96871248973793,23.887957784102884,23.86958706613407
Q86UP2,24.50147447368339,24.34933387867425,24.428677085195673,24.552310383676534,24.472469971923275,24.472396961765163
Q86V21,22.33664534379899,22.324365711487616,22.450384666577907,22.853525821600137,23.01478023527712,22.86549513430639
Q86V81,27.06847993378352,27.016120384346124,27.164918470440604,26.995903280598693,27.135147580800204,26.981860965034922
Q86V88,21.759932951495713,21.51660248168243,21.988974130266232,22.14484336450467,22.258579116305178,22.23837018748288
Q86VM9,23.251713256920375,22.985273808860843,23.345927526800214,23.265529063214753,23.18264455373621,23.45058263880511
Q86VN1,21.66157927518549,21.854740003457387,21.608687169300378,21.770076188033045,22.201519420870458,22.103930947694632
Q86VP6,25.05543586172932,25.06399504802783,25.10283625515179,25.22858664660191,25.32658439820532,25.26267311103982
Q86VR2,23.068891744922002,22.932611351054412,22.665538689965597,22.588417161591202,22.60680086988914,22.473933857500686
Q86VU5,21.538051921969657,22.028529669835414,21.596871828640943,21.17792569767504,21.732643186501566,21.594207496118266
Q86W42,23.3836589460124,23.585899158078874,23.49972754296278,23.49497603739851,23.79865393168893,23.530518381247532
Q86WA6,23.005527411193256,23.422162958406524,23.201871297328466,22.525971289431208,23.70910264380855,23.979820189917557
Q86WR0,24.50393173984862,24.304741371554158,24.41270628379271,24.809325381461015,24.69400923823545,24.58482708669247
Q86WX3,22.047852305234862,22.07114022162952,22.206664441180962,21.999508217791973,22.00043556629677,21.701613929296876
Q86X29,24.625806034806065,24.517666384886578,24.547910385294895,24.317794043501003,23.985079285824394,24.068488339267585
Q86X55,23.16217924325283,23.504594014418036,23.785734715818414,23.50961337970892,23.44532142702059,23.319163130469224
Q86X76,23.130138627470227,23.22825399993645,23.216549311705585,23.613659426996907,23.58697215083057,23.41129193266207
Q86X83,22.529318902133184,22.3539595579961,22.580302738169152,22.936796070138417,22.426402206287698,22.83194958416979
Q86XL3,22.56974727329689,22.502127798244636,22.720697772635013,22.327287426472147,22.389209873415197,22.386251291229037
Q86XP3,23.63188787289256,23.70517748724307,23.674114234328016,23.881547354589838,23.8139125830364,23.75743833458926
Q86Y56,23.045377233228102,22.947458498269434,23.109258062871984,23.083389889776956,23.06087747210793,23.2185790512904
Q86Y79,23.922776287503048,24.283148138807032,24.060903852102726,23.51074352702308,23.452472641530623,23.776822952467676
Q86Y82,22.307080432009112,22.43353463188012,22.505281793630296,21.847784243888587,22.416258274436725,22.57244500017825
Q86YP4,22.48666601947454,22.361702337984774,22.524985090795322,22.517278793400063,22.42421178965315,22.67124809578584
Q8IU81,21.20903117476747,21.33385170502997,21.53586349339579,21.488923857363087,21.323209278142805,21.394144562061225
Q8IUC4,22.353764829264563,22.337499272885037,22.490916350567606,22.113929549156207,22.420082935598735,22.19156350368626
Q8IUH4,21.813550350936076,21.772167958981182,21.6539019034677,21.864880516987224,22.039637480727965,21.920069233719836
Q8IUR7,20.919980595048962,20.80358414845631,21.34289854177466,20.828952908654266,20.935249666380916,21.016119661541442
Q8IV08,21.868011202485093,22.4011938473641,22.160988834392143,22.073798350069552,22.451468712947356,22.34558743688567
Q8IV36,23.561441552664775,23.535130707389218,23.59734595470852,24.08069637559199,24.04516839632993,24.04874644277999
Q8IV48,21.33703574686741,22.1476870509682,22.01373260185195,21.891566607848578,21.772799102803372,21.851719308212935
Q8IVD9,22.98374019675327,22.595590766004477,22.825741121840498,22.975983323445945,23.110004841488067,22.917789074467713
Q8IVF2,24.865124684478005,24.815759118091385,24.51673928400382,24.770628408334673,24.886813105413648,24.713461928843603
Q8IVM0,24.22768850076881,24.017039966235362,24.06524732852413,24.300967488315916,24.259101453400273,24.233374798393296
Q8IVS2,23.89250909498914,24.18895022633071,23.72653052885097,23.493704856139296,23.479058993746154,23.50896295354883
Q8IVT2,24.699011926274796,24.601858274237056,24.70279232077051,24.003977458314456,23.865483995764922,23.96605432443243
Q8IWA0,23.39184562179885,23.760858189913733,23.304884776452138,22.738838060696043,22.646245347123646,22.665717041392053
Q8IWA5,22.164109454663663,22.446268044575955,21.979071710390595,21.69925760203325,21.9677261774919,21.7506996269857
Q8IWB7,23.462808529610577,23.709700171892624,23.69573019270328,23.49748641674592,23.551550211334153,23.180786489766213
Q8IWS0,23.933221851858924,23.81368618640136,23.560798576428734,23.698281389113404,23.675139438839068,23.88264948557957
Q8IWW6,22.514284488267457,22.22946252323671,22.0752506287691,22.083516496662885,22.08048559562324,22.19967563941182
Q8IWX8,23.55956871001071,23.480606808034178,23.68650832816159,23.78753744305257,23.6692573855456,23.721566931767406
Q8IWZ3,23.528418101316877,23.576983873624858,23.65369256895421,23.508178862529885,23.543592737971565,23.59236430266813
Q8IX12,24.278072374231712,24.24529301458134,24.235309578923495,24.309218757484206,24.360532596041512,24.254393885744644
Q8IXB1,23.75877523299146,24.096633289052296,23.67764459393593,23.497274430609426,23.47286805399878,23.445990449612612
Q8IXH7,22.61209659962403,22.804826331436352,22.614996219451974,22.936602177399486,22.800093852006224,22.90308471755666
Q8IXI1,24.38259025522832,24.527362219620393,24.28362732491477,23.897499655164506,23.95640629154981,23.943867539122206
Q8IXJ6,22.11545123457625,22.104782050120296,22.303537043417258,22.306588950018032,22.67978847422462,22.471867930607484
Q8IXM2,22.93035366938073,22.825679505657405,23.10468208760817,23.04432123856642,23.25127854753729,23.069623326776615
Q8IXM3,24.30675566946364,24.708699559127183,24.36991918078468,23.808271936878306,23.740031982657598,24.090996577509152
Q8IXT5,21.545966522057558,21.725115250370767,21.668131364517468,21.340182345492156,21.80636238823636,21.491283071446322
Q8IY33,22.38890794415176,22.534108708745332,22.49648786045184,23.118565522619363,23.234562231394357,23.117709359163722
Q8IY67,25.017869488431565,25.10367119747617,25.078352888628135,25.309198492026194,25.30390070435442,25.097414761661867
Q8IY81,23.43722796348108,23.682471621479156,23.554756872602226,23.249133711760333,23.31691676997456,23.2651192489027
Q8IYB3,23.68564173423402,23.636742981235326,23.700310381390334,23.913930550142243,23.827130038117705,23.892871098428422
Q8IYB5,22.66406072342649,22.643640438605782,22.952827700326747,22.930253043361887,22.908937708158845,23.172413010763037
Q8IYB7,21.929566523486624,22.19795604660331,22.168055217920543,21.86273042247901,22.083706710737747,22.242849770533446
Q8IYB8,23.05211128586271,23.666442146249803,23.3164414724108,22.93712377767215,23.05774570915896,22.98625905301348
Q8IYD1,24.24173023264792,24.272979400441066,24.34927501870766,23.80826447264412,23.963857761846615,24.211009703263727
Q8IYI6,22.82087602687465,22.066823179681183,22.769882425256558,22.855256876530348,22.93240193581088,22.859367386641996
Q8IYJ3,21.34900120729616,21.40137475246056,21.4737058486969,21.669041398022223,21.81739014241978,21.399693174535162
Q8IYS1,23.421627761773102,23.419985244415326,22.95513177019112,23.03071309927577,23.23136080211909,22.65745169835425
Q8IYS2,21.67554016414561,21.932210497917556,21.75666292126644,22.00034581566137,22.14054990150239,22.01999820142904
Q8IYU8,23.37894238870737,23.833127704779244,23.43844948817409,23.10052567868963,23.02514311152071,23.080770043735065
Q8IZ81,22.691781849789287,22.804651575300905,22.836324417437197,22.59875415719722,22.775376687237255,22.43265492763788
Q8IZ83,23.56402851090825,23.80436680051813,23.662573744397843,23.843236569410426,23.79658130857151,23.785563318557315
Q8IZA0,21.11537379128417,21.384493303622317,20.99290653573374,21.038729139343214,21.55073232079014,20.957501830808866
Q8IZL8,22.878039028513925,23.175920910413016,22.918187565336833,22.919567960893943,22.806768194512948,22.928032341194644
Q8IZP0,26.2312308506251,26.18918005955917,26.154461673524008,26.173738316159074,26.187978895486147,26.17212332779616
Q8IZV5,22.95600022326919,22.952641548644273,23.201026529910845,22.56696914936179,22.563189986708885,22.665825776153824
Q8N0W3,20.99813457136224,21.051100183351213,20.754135739600315,21.403877903468537,21.395634960604855,21.417811576399675
Q8N138,24.945524744794962,25.27930635857388,25.302299561425905,25.56582929424934,25.54247611614426,25.487617426067867
Q8N163,24.657697663760462,24.46733053818884,24.58732051857081,24.731179275605378,24.87717505527791,24.686063284372505
Q8N183,24.216642408222615,24.656947970767924,24.327527152413527,23.77568582635505,23.621094405295597,23.805709141614713
Q8N1B4,21.79520568697049,21.864880516987224,21.896334067069645,22.33528103135064,22.42797070948382,22.24919564479572
Q8N1F7,24.04269939752183,24.020513739290063,24.08707285329186,23.921520907469787,23.848682629485527,23.938735988144874
Q8N1G2,22.263945683346346,21.963606623907946,21.988436030974437,22.497268338593358,22.548933824640574,22.304190313524472
Q8N1G4,23.787524590070834,23.708155726665414,23.70623124875851,23.92917685374638,23.907590830724256,23.745984047834384
Q8N2G8,22.666004525663453,22.779058940894835,22.272003653408788,22.73128556969247,23.04525840157301,22.409581666452556
Q8N335,23.051055230486135,22.896987817504876,22.586824444075667,22.171869311307272,22.866210841261122,22.77162356093594
Q8N392,22.932772536835152,22.96493809103744,22.940115874092527,22.56219594993843,22.6791408326473,22.703913075764152
Q8N3C0,23.091511736403106,22.524112793568875,22.72392180558959,23.062655557974796,22.858820500596824,22.955356892772013
Q8N3D4,24.5632714633911,24.605079653988145,24.775300321581696,24.764052951990546,24.59914601423843,24.66384808150727
Q8N3F8,23.898182038346423,23.795054322978896,23.80350967529273,24.03153698647906,24.16792234554441,24.236593224267928
Q8N3U4,23.417242823237896,23.327796710849665,23.213857276362173,23.41572848905317,23.412471257883542,23.460987004000184
Q8N4A0,24.12844105873288,24.202413823421054,23.929808580467665,24.295047640873445,24.401598807889734,24.22857167474642
Q8N4P3,22.480293827460947,22.64244210227686,22.975438589171155,23.702070567413895,23.543998804006367,23.748326359542887
Q8N4Q0,21.039822694088294,21.572745785474027,21.21094031409044,20.8343108637217,21.370959793297384,21.383247599050318
Q8N4T8,22.52408301424754,22.652786341322585,22.205272728141736,22.01278325097528,21.854607237215987,22.13335123994871
Q8N4V1,23.882782027969117,24.01575191959016,23.742786592257705,23.491860067342948,23.32588816206879,23.282657482915106
Q8N5K1,23.085249406796517,23.320571821525633,23.130953053061933,23.98372036837648,23.73912421812723,23.765335677886068
Q8N5M4,22.820364119535117,22.685939707999278,23.062215648277416,22.776435642970362,22.96369771937169,22.874942242774612
Q8N5N7,24.875536391342862,24.77545134080626,24.3895863099999,24.291194873868186,24.196848374696664,23.94714963220756
Q8N684,23.56741627430275,23.436786253635486,23.60870704188961,23.694311547272502,23.723380036340977,23.622512917677764
Q8N6H7,23.24247838380864,23.140855352546595,23.268706322421114,23.609889092487,23.540275400667728,23.402409689296697
Q8N6M0,22.885962189668657,22.79511854955611,22.728598257416177,22.386192865629425,22.90340601227778,22.638402326704092
Q8N6R0,22.855175307325258,22.824353780874596,23.02556743655188,23.095433886346903,22.973586844361478,23.141868431578704
Q8N6T3,23.304121503527977,23.20499822297085,23.364626156671974,23.47520389003463,23.469281975928748,23.485242523703537
Q8N726,22.310174103419655,22.059095376208024,22.35758690408999,21.015357198589285,21.230904675024966,21.822152540114654
Q8N766,24.29741183424712,24.60196717081742,24.310729259317238,23.98040694399614,23.935624589940748,23.827317600795716
Q8N7H5,23.170598404753942,23.259938178409218,23.271523012424908,23.303934836403222,23.276865866034075,23.31198523378891
Q8N8A6,21.764346079261717,22.42181097567829,21.822062267997822,21.28486616842881,21.274241752016938,21.545222893252024
Q8N8S7,22.977709477666547,22.999060755043285,22.91994396365514,23.092668276700284,22.947167472069925,23.19773847906894
Q8N983,23.49660951801974,23.989529543133408,23.576006913346575,22.963472218935035,22.848278892324068,23.00148155747393
Q8N9N2,22.577187924160448,22.482705806713028,22.525455333790806,22.489749492107833,22.38170070247732,22.540279776358293
Q8N9N8,23.795672682359207,22.832024265339612,22.500237946648834,22.75113784512435,22.054141902747567,22.599062337682042
Q8NAV1,22.691291247461372,22.861965390674918,22.705510475964502,22.58873201778641,22.59206404348905,22.673057883617847
Q8NB16,21.78453812145627,21.768057406727273,21.69384360044643,21.78741765679442,21.850895492954315,21.82780677746276
Q8NBF2,22.207036520027827,21.929073977823837,22.066534654285448,22.498598224574827,22.240896412293154,22.363002187959218
Q8NBF6,22.587726135624266,22.397891980207994,22.501556231359487,22.636612009579782,22.539189227676008,22.549153282115405
Q8NBJ4,23.075188921968458,23.3097169761272,23.00359099643363,23.458530147962616,23.426265138663315,23.544988715522162
Q8NBJ5,25.647003037169807,25.81086092268791,25.47846025182831,25.137478226443683,25.20616831096588,25.219164605254488
Q8NBJ7,25.017452238234924,25.38678806437722,24.960747290500503,24.904165928795436,25.022371199759757,24.914215308095102
Q8NBK3,23.691775887315593,23.88496978222542,23.57703782877653,23.372943152130148,23.3711874519219,23.242160557849587
Q8NBL1,21.522089152691468,21.742672302954897,21.730872760831968,21.05577823964057,21.236700829183654,21.250450633894815
Q8NBM4,22.913958937191115,22.960471041039906,22.87034515164687,22.33404518337795,22.27887974393607,22.240637627769793
Q8NBM8,27.253651925910443,27.47404409052485,27.240464727147003,27.021638316349925,27.05898507773963,27.09898992671695
Q8NBN7,22.065585414097704,22.587671091013636,22.200829027099815,21.587260284327986,21.559556340702834,21.36629275550583
Q8NBQ5,23.459733275937083,23.67642145430803,23.26196462117634,23.60065215684494,23.562783232850563,23.472857149103888
Q8NBS9,26.792507040735973,26.976041488282437,26.60760560083891,26.284932973886637,26.19592679170899,26.181319256130063
Q8NBT2,23.279158545923917,23.021053499917883,23.33892852712267,23.03247996589542,22.93931762565455,23.013121414891838
Q8NBU5,22.573517179001914,22.93781299615309,22.486645890092305,22.354694902984097,22.27449019965403,22.332947279495066
Q8NBX0,24.48538847452932,24.794730272152403,24.417096896824912,24.175941614827813,24.136310753270553,24.115832992423684
Q8NC51,25.858457438859666,25.63130174879772,25.719897633379308,25.713173677519357,25.781005148048617,25.845415967889323
Q8NC56,23.645429866752387,23.776039090152786,23.524506325172457,23.335020912088805,23.390439264022568,22.977060904714257
Q8NCA5,23.3311305736976,22.86169729233329,22.625349667233923,22.657071219791245,22.947953099200937,23.09878196338303
Q8NCG5,21.290979425024943,21.53704299071862,21.381392444333184,21.041552211668083,21.300772147231253,21.34415327866962
Q8NCW5,24.610268022983725,24.605368738436443,24.439025040223854,24.58328457984863,24.61273230344641,24.728918932281168
Q8ND56,23.301890365704335,23.2063530848178,23.006388062516546,23.431418282333908,23.185222680043715,23.199610944553495
Q8NDI1,22.91030803646099,23.165040537225682,22.954508108976285,22.903506137879717,22.927413038671343,23.111585588790152
Q8NDZ4,24.709469751635023,24.649084443369084,24.579990983963,23.83092413868146,23.65181945013975,23.77982704082975
Q8NE62,22.83167517254743,23.399606113360456,22.854557208944275,22.85175409218775,22.79826146209208,22.861600090830297
Q8NE71,24.24262607780755,24.255708494840473,24.401580190011266,24.48426864891006,24.445296544206037,24.458542538400074
Q8NE86,25.436966663410274,25.76826429922635,25.43480216418183,24.510489776806676,24.54926576023224,24.5632714633911
Q8NEB9,21.827602358654264,21.213331972878464,21.658624149395187,22.112199264147236,21.960861786846795,21.817507368263392
Q8NEJ9,22.97130594343592,23.085529837720877,23.073495362748755,22.531889591839956,22.595573352426907,22.791187038909868
Q8NEU8,22.779892449699425,22.766845912629297,22.580870854853785,22.730615869075834,22.886878768623856,22.54761873151989
Q8NEW0,22.57927990935016,22.861588259625805,22.7380600892424,22.55893236990655,22.858139922064716,22.580775647662197
Q8NEY8,22.35947746177557,22.520412704394477,22.477463196053463,22.61930866527213,22.449205835977523,22.555639977912907
Q8NEZ5,23.38097754503463,22.965453071349145,23.39407732023133,23.150959538147667,23.03362648861174,23.079884964056152
Q8NF37,22.632208808140085,23.164096100889328,22.72534274860014,22.32435760758784,22.27500197613477,22.290134045433895
Q8NFC6,21.52463248128442,21.81604770971916,22.31907269799492,22.378878772721112,22.288254556293452,22.067825919003937
Q8NFH3,23.43679667227853,23.62830168550284,23.249482846198678,23.17916376905043,23.19214845706509,23.1826268244325
Q8NFH4,23.131818818583223,23.392723441248034,23.497596539777863,23.08381933421362,23.15824971898121,23.30017755675341
Q8NFH5,23.580070136798962,23.478074513904865,23.520331288943474,23.528736789478145,23.245596660611675,23.281600118500993
Q8NFJ5,24.8209528411209,24.657589731976934,24.60569946953302,24.29902980059511,24.305838543565198,24.250091206009863
Q8NFQ8,22.965512256760377,23.296065503273038,23.144093241520565,22.966333027834704,22.928742358522186,23.008388270035063
Q8NFU3,23.467668978222274,23.42448719928649,23.600372561891277,24.140474698832445,24.29365742966501,23.918037302241856
Q8NFV4,23.742653904820006,24.447779803594813,23.888493459120784,23.31550630034103,23.499235939989884,23.62481497396192
Q8NFW8,22.308687458548803,22.50585103889263,22.311436520474988,22.55627625110435,22.679343500222792,22.549956303536742
Q8NHH9,22.27576333411369,22.314595413599104,22.332800355778406,22.02467791736038,21.931291617429768,21.828467277770798
Q8NHP8,22.309748473305948,22.29157613159537,22.421201927463123,22.06908291324634,22.09963273729379,22.23168995042726
Q8NI27,23.651652071470522,23.74669103560291,23.793615810571467,23.84400182211158,23.992746226687174,23.76003310633742
Q8NI35,22.91368581418651,22.754014636412048,22.53973921900505,22.2555601172654,21.768242286499383,21.89357661437504
Q8NI36,23.233015597519397,23.851835759758547,23.177981217243143,22.680193706360136,22.682913703539256,22.591150903616835
Q8TAA9,22.25812590682033,22.345637244160006,22.12275249445358,21.7688635625947,21.950640185446314,21.988754713158013
Q8TAD7,23.07100728479409,22.60395034690532,23.23987104465799,23.307478639023994,23.226052430286586,23.653419787290066
Q8TAE8,23.32698623914427,23.64514749034449,23.30463387814803,22.745034154115174,22.57160626324812,22.738114221678117
Q8TAG9,21.62443190247239,21.215133504505832,21.375934822501662,21.229700439744047,21.460162791109454,21.138961199974684
Q8TAP9,21.434060185765205,21.466183779442165,21.629996656577138,21.6687634760688,22.044368936709308,22.08761094106076
Q8TAQ2,25.482830970249505,25.33873407070026,25.250286561503568,25.391174940208348,25.365634286425376,25.370671312050998
Q8TAT6,24.174236311335257,24.229325505422345,24.325005775765867,24.3269281056298,24.39138481164596,24.348643067789734
Q8TAX9,20.565280990614635,20.427921594119372,21.204212013770494,21.727836467473733,22.381164409741338,22.112435370491887
Q8TB61,23.761536116913142,23.759954400775342,23.54268404325327,23.557859106620448,23.591131038884257,23.286329462945215
Q8TB96,21.70895040866626,21.751157136744528,21.550178894231824,21.60871495926945,21.9684675393545,21.771894748208354
Q8TBA6,21.67053212387868,21.257547138842067,21.677907222325572,21.9257221196682,21.899025687014927,21.922671683971178
Q8TBC4,23.573525731031555,23.469601577104296,23.626073278339163,23.458192311093754,23.634610115446613,23.390245723522224
Q8TBF2,22.99181158578349,23.23854089760089,23.270247269680542,23.21546249468258,23.40226759021286,23.473135198178806
Q8TBQ9,22.33669001333203,22.913357304329093,21.97603088719988,21.49614648183602,22.267923661635425,21.637333754539497
Q8TBX8,23.90158387367982,23.890168702969497,23.943806386159324,23.975657329636658,24.007470127279436,24.107591919756178
Q8TC07,23.60418885997104,23.60981820802583,23.710243212350193,24.063362327704876,24.29585145308528,24.09745028770182
Q8TC12,25.478220574353404,25.924362827003044,25.386585021843736,24.723349411242815,24.81248159739198,24.847057346091336
Q8TCA0,22.009236963822747,21.986774464026514,22.064648211339204,21.849386010281126,22.451529081555787,21.9468806517064
Q8TCC3,23.631472726258064,24.009193045699906,23.623567403735237,23.226967024429754,23.1424745042511,23.04256464879964
Q8TCD5,22.732241035999863,22.637596218253847,22.52595815091968,22.9816468864102,23.4538382956827,23.034762867082435
Q8TCJ2,24.203776489183568,24.55504275591691,24.106246626166307,23.68453526089858,23.887649948127834,23.82589413206598
Q8TCS8,24.409405827735085,24.75592493608017,24.430469014050047,23.662286988329072,23.533715649674193,23.660775769397038
Q8TCT9,24.697198997141196,25.128734297778735,24.851300595831525,24.545599657155645,24.687551782923908,24.89578955703098
Q8TD16,22.477957580808756,22.492989415812566,22.639717612606436,22.48252979634899,22.10347591389891,21.27291381129246
Q8TD19,22.370965910762827,22.198016168026726,22.38026803113079,22.73533455216659,22.729436739148017,22.661203994646034
Q8TDB6,21.987339485913097,22.104237050424075,22.219633689696895,22.391802496735927,22.43295599309796,22.311395774344884
Q8TDD1,23.247049301923536,23.553733222160922,23.175144889572515,22.951177443836194,22.936381657879355,22.99561362840143
Q8TDN6,25.347285192678058,25.719215625037037,25.501520637576665,25.167778437692885,25.136935900621673,25.210929318497556
Q8TDX7,23.998834863126113,23.909559863766308,23.905259369953217,23.565699683168702,23.6527180805447,23.59343808475658
Q8TE68,23.553828004753676,23.621106034451195,23.473282131171825,22.83665794228374,23.203198025145905,23.02548582577958
Q8TE77,22.495862466427756,22.786917779105945,22.789398819818782,23.293473332759714,23.359871652890817,23.291344550267183
Q8TED0,23.522886549231362,24.084137845526975,23.68721921558751,22.94681250653769,23.00192389043167,22.919030877927998
Q8TEM1,24.882476537227294,25.322105157358777,24.61059155062932,24.083084689048217,24.172884041102414,24.102748650260835
Q8TEQ6,23.37710472795465,23.496087951675875,23.579491691794377,23.372230737901507,23.300028095553788,23.535148035231718
Q8TEW0,22.31209231939546,22.35532259586108,22.524484564757884,22.717233465022208,22.236843540739752,22.62012315184759
Q8TEX9,24.330949966769904,24.427876874928288,24.372293319047103,24.4472077343049,24.4292382839641,24.47354040458712
Q8TF05,23.137373936820147,23.29257131135264,23.141552904974013,23.141930780449474,23.102947235062636,22.99956352800512
Q8TF42,22.377054671033008,22.352124674059507,22.364542804223113,22.43152451150856,22.602505527195454,22.155787779742983
Q8TF72,22.31265006116154,22.250308394559998,22.435380317482,22.642906973619297,22.890194870475206,22.829627032449277
Q8TF74,23.9401559407445,23.506301769269243,23.78450944642613,23.961001842099748,23.796593883096815,23.656974148432308
Q8WTT2,22.21068605671753,22.477922017438544,22.246649424141033,23.008064044921813,22.749606567619754,22.441920251419752
Q8WTW3,25.16686612607435,25.268542571391162,24.9679067001873,25.331756302299482,25.26007145791249,25.36460224676656
Q8WU90,24.578977489982673,24.591566516121894,24.671388271384995,24.855668454964917,24.73983642842856,24.72467964950507
Q8WUA4,22.298321604156197,22.749948582787162,22.356042869001392,22.542894891591157,22.552432232082957,22.137443985254635
Q8WUA7,21.403669230673,21.620050866151583,21.96605670147367,22.112190990178345,22.313490075546643,21.89202486139306
Q8WUD4,23.926612162169032,24.672354550826732,23.668847879482943,24.251861308477448,23.85009744414514,23.654857569554046
Q8WUF5,23.193130073478745,23.05676851030657,22.974604429749434,23.164328930025135,23.20196340210896,22.924264682285454
Q8WUH1,21.607870961166427,21.68371491321349,21.866243013310715,21.612973394899342,21.810711731670875,21.677886710907433
Q8WUH6,21.330448906865207,21.44053677510177,21.534213672678217,21.814990170467688,22.212506923568142,21.563625717061807
Q8WUM0,23.554494353264186,23.702475508216875,23.615799227104688,23.529519678900215,23.57723910519107,23.638739931745558
Q8WUM4,25.05007930185955,24.981297604233802,25.083002533568195,24.964479863018326,25.012677388015828,24.957392665044228
Q8WUR7,23.537139468758834,23.628085264619724,23.601952666856647,23.90259068159831,24.09035749905362,23.873971220409448
Q8WUW1,22.889356067795493,23.075455319732146,23.150188722737028,23.211755389048424,23.35721853786371,23.096934029235495
Q8WUX9,21.24128191223271,22.00571465725856,20.925100556403535,21.02266513774601,21.669410622981477,21.48166779865474
Q8WUY1,26.346409037107634,26.641838647734517,26.221361545359077,25.695106559985796,25.6439233302393,25.640162285630826
Q8WUY8,21.989067883641066,22.092827938077345,21.808098403088763,21.681112619398018,21.653990962540025,22.01021904755548
Q8WV24,25.507225495945335,25.24040762281045,25.35689184291145,25.27187731191249,25.00286874024355,25.24718587848998
Q8WVB6,21.80457741322937,21.71012621045343,21.230554210506046,21.71945784280399,21.945120443168822,21.683884073170816
Q8WVC0,21.937969364752675,21.784442029904046,22.191834704613697,21.974109673306735,21.977553846747128,22.46401782159195
Q8WVJ2,24.40828088522465,24.057285787483536,24.394699233393553,24.624598698647965,24.653976338342087,24.582592583461118
Q8WVM8,23.77631505183654,23.7082399409638,23.82995775537052,24.125427187150784,24.099711383257542,23.956376423143308
Q8WVQ1,21.66078044716918,21.637988697040093,21.573280591272123,21.850862957753503,21.467531173928407,21.482965376657784
Q8WVV4,23.702377005280294,23.3668375114783,23.46877069042338,24.11156569089962,24.10343669392754,24.022395245323402
Q8WVV9,23.222973065317387,22.948678866694497,23.08031545291026,23.186111065018903,23.07848751206196,22.938195404036033
Q8WVX9,23.46604371659788,23.68239264103259,23.432282426667168,22.859191814063873,22.796039212631214,22.585411076384897
Q8WVY7,22.650338750494004,22.704529114818243,22.694215992999943,22.92980839991064,23.109636521520503,23.08432230005661
Q8WW01,21.755527879463887,21.454700161720265,21.71606241775661,21.85087260777823,21.72422022291613,21.596614724449573
Q8WW12,24.645259435890996,24.387450861479543,24.71657353481425,24.85481522589806,24.77647309345269,24.775317504206633
Q8WW33,23.068057259304016,23.039857324842206,23.45253812092727,23.23097941179634,23.383995187761396,23.68197923591742
Q8WW59,22.85896226714389,23.266642157385196,22.82687603841493,22.66492432009036,22.685052769037497,22.877305105562428
Q8WWC4,23.30757327520647,23.272575683809112,23.15148934139754,22.587838049375378,22.645045874095775,22.98108851708655
Q8WWI1,24.17264373871626,24.0693496212314,24.00723587996978,23.884389289203302,23.857402732885436,23.772815328805304
Q8WWI5,22.797287193577013,23.204060632747076,22.883714703639967,22.50151152639894,22.235390954175045,21.99319858944515
Q8WWM7,24.139680462901474,23.715451473427258,24.164072769860528,24.106012381104318,23.91990651322897,24.091857601687884
Q8WWQ0,23.206727926380136,23.088783710622963,23.163829306484,23.010970917174564,22.966227926179027,22.601352664338325
Q8WWV3,23.222460033502834,23.435096167233265,22.659360427753,23.053716952945656,22.968654753672855,22.780064421812835
Q8WWY3,23.94307351122503,23.920392293390876,23.89575452465485,24.013547075110143,23.945644402347845,24.097953506090175
Q8WX92,24.594985264708335,24.363140719605642,24.421789920743553,24.691321176106218,24.72349961383266,24.711656051958077
Q8WXD5,22.46471387408757,22.43745848307135,22.284070476311395,22.117506454934077,22.484136109827755,22.338065239697016
Q8WXF1,24.792826329936197,24.652924603258178,24.831796635115946,24.817142055193617,24.891306087363496,24.82420371550083
Q8WXH0,23.457397913816838,23.395358275995058,23.37087228410441,24.07556630428378,24.222506908101288,23.987140642879904
Q8WXI9,22.597375168929815,22.403580302866818,22.614266580244987,22.683844568601515,22.666321754218554,22.713661615058673
Q8WXX5,23.828714006279675,23.82987967753851,24.037007127893116,23.961149904909544,23.96885080083689,23.973935108668012
Q8WY22,25.10266264174686,25.31248741452235,25.024473333198973,24.77016218890496,24.1969290977348,24.42212252711966
Q8WYA6,23.469949542642013,23.174899783704323,23.553659641268993,23.51382239362755,23.560152514054867,23.552692899167198
Q8WYP5,23.711351894018527,23.409501907215972,23.7743537553192,23.504559586542307,23.374905353243996,23.5125411949579
Q8WZ82,21.860005790148342,22.305984204408706,21.97478783919637,22.05430190988095,21.896712737095346,21.866931945653768
Q8WZA0,23.998701979129628,23.90798619053854,23.724470137151194,24.08869282230332,23.886399339844772,23.943834817245193
Q8WZA9,21.91449820326973,21.833245473596616,21.979321217637377,22.114307578897126,22.00383183969403,21.852840435709354
Q92466,22.798758829262926,22.685626122860462,22.457118944555763,22.659413566241362,22.41426379988099,22.474033287379733
Q92499,25.146424952687166,25.114583212790823,25.094498967489788,25.1909263348223,25.29353163733216,25.25797864060687
Q92506,23.0033708744445,23.091681532242323,22.835694140660426,22.64766339805796,22.64970537509496,22.94882231919661
Q92520,24.87491185839575,25.051643922387644,24.83773648228137,24.668578814210928,24.81636730105056,24.432825917084504
Q92522,25.130461844808845,25.344824277322452,24.85059872033595,24.882091386795796,24.86314006373843,24.78230559563974
Q92530,23.305600195681233,23.450924778495697,23.736690739709896,23.782226595807234,23.749868711501403,23.9445840158048
Q92538,23.10384837044068,23.19843529915118,23.140207401185666,23.304147690715098,23.11010889755364,23.35907256993607
Q92542,24.827706800361753,25.064136364277413,24.838682573005908,24.464552979186035,24.682417503729035,24.486177802762246
Q92544,25.366429610807995,25.484981175866615,25.229189941802105,25.212469593628434,25.419404102253168,25.290934413968525
Q92552,23.997265207198488,24.146679449253444,23.992447943962915,23.60938719159865,23.58267618717907,23.558516356173914
Q92563,23.576933836488543,23.79558024259015,23.591948463554555,22.957980376402567,23.166459481433915,23.03356465577343
Q92572,22.807992689290046,22.899589535646744,22.925907069968822,23.214546949132544,23.35274580931196,23.075559612810032
Q92575,22.315018648630698,22.37543191281529,22.307105036465867,22.38100158128616,22.497002336089068,22.277958052508552
Q92597,22.771734975293096,22.492530594732518,22.102621157222774,24.26864750553282,24.854912695414086,24.3757212995034
Q92598,25.328491684358585,25.381492057861593,25.47008450882305,25.395769060722454,25.26415177425999,25.3892924694133
Q92599,23.56334932752021,23.587374202996063,23.63265014395598,23.871487361723347,23.802682605182078,23.849134371685683
Q92600,22.760823782789302,22.130948341273243,22.45676223127278,22.625718874625225,22.751792471628303,22.44243190107198
Q92609,21.810583715303533,21.563718804776254,21.625536958153674,21.994609015779062,21.897908219294056,22.045588039499098
Q92614,23.801344647905907,23.932660096110666,23.867938436572608,23.88767848520298,23.86847151589757,23.960497731555968
Q92615,23.655564569114908,23.613608847457435,23.64182564137009,23.585608666796414,23.737598076487696,23.414241989221566
Q92616,25.40752282920056,25.277370415056307,25.419477915142554,25.719327243718592,25.713472417252703,25.67699120217138
Q92620,22.220297429862594,22.197150537748815,22.581274035955666,22.338207546979703,22.005447571537488,22.15965102822238
Q92621,23.469204580308805,23.42460739417696,23.5250856054178,23.443016999756562,23.423445389777235,23.396223768378572
Q92625,21.77221488543917,21.907796838348375,21.842284041566746,21.994731575394102,21.920933593323667,22.103897821340723
Q92643,24.343429320816195,24.578128719473053,23.894069285677674,23.75500898049773,23.96140111753778,23.917435455914774
Q92665,23.298098236944305,23.610627255885618,23.248963382202795,22.737718337800963,23.074416547503596,22.960332896470824
Q92667,22.04245543799957,21.859822145400127,21.88331890061328,21.803638774117353,21.966021661728416,21.99054806732684
Q92688,26.426598890294766,26.569171136070043,26.84216626002521,26.699731054974176,27.032716665266182,26.75436325476233
Q92692,22.030251382112763,22.331629756983684,22.09292517771255,21.440491811588906,21.412111086174576,21.445043245575057
Q92696,22.73990336677243,22.592683658740036,22.597547714015633,22.383266982453655,22.295217661518127,22.476721733678307
Q92734,24.644566839652196,24.630534765533973,24.813622096200007,25.034881978788317,24.995996455432195,25.185120575234738
Q92747,26.105285875693898,26.182580605992534,26.13786170351034,26.036092599571067,26.230834184443733,26.141308417943847
Q92769,23.252584015257654,23.736207742780312,23.539953928502733,23.353369100421077,23.13660271014658,22.978504226089026
Q92783,22.746966621863017,22.47922950611583,22.60773847050004,22.389208428928008,22.615911453162646,22.724178871718536
Q92785,22.8602873712616,22.860646942062044,22.740715133114378,22.850288149943772,22.91052086618916,22.830788678992935
Q92796,22.568447545753784,22.79570309800851,22.336063696506248,22.47621493294704,22.34216285609912,22.462967997130626
Q92797,23.922144831387754,23.89906866345005,23.987421548390195,24.01548090079768,24.084895305154475,23.908887330567822
Q92804,25.964285953496017,26.140395903448027,26.152195120792275,26.277717465048738,26.340495460114234,26.17077354356173
Q92817,24.41869355651827,24.32932991964801,24.291615333735777,24.002480264339614,23.919527591135967,23.962353455576245
Q92820,25.33003811033426,25.611960726740527,25.411512668945782,24.95359213644366,24.81982981669666,25.018148380755576
Q92841,26.58149854185591,26.50217403230789,26.57786488852078,26.51789701607871,26.51410975995084,26.52200022643996
Q92878,24.647521776438897,24.524069140940163,24.578852336358935,24.954454505361994,24.843490484714447,24.89753113699396
Q92879,24.24294307459683,24.160809157570295,24.250785891953154,23.992722113974065,23.969858647882187,23.953470916047575
Q92882,24.09665934496034,24.08269319082941,24.05910742701705,23.899222390560574,24.124750342692206,23.927132592527645
Q92888,23.326125788446333,23.272326934704193,23.200518803329242,23.686107538388796,23.79040547539203,23.588539429567753
Q92890,23.866914311428694,23.852968051522296,23.973653754061495,24.10795469786676,24.142567987267878,23.92914280344112
Q92896,24.506119290082328,24.88357525554435,24.57639876875514,24.90399259974818,25.008178540962042,24.87597755498903
Q92900,24.451355389217078,24.360071053001356,24.483465604995786,24.362011218631498,24.240577364192756,24.23096373204955
Q92905,22.880764125613013,23.001156635502955,22.841312108953137,22.9517868975019,22.895705995551655,22.82159844484828
Q92917,23.4911129989461,23.22234121873579,23.385343585068036,23.47343474723884,23.234249528269338,23.480254992918837
Q92922,24.068655126746016,23.728705779650383,23.878732173068453,23.57108079201029,23.40455599861534,23.58724943228142
Q92925,22.619910872252422,22.825409721935124,22.764713184041693,22.863824903387624,22.58613895552439,22.56691551291908
Q92945,26.0240825982894,25.874172448612196,26.029020298368092,25.95205823631511,25.934984385888768,26.029987916533848
Q92947,22.378184633951463,22.71699796725586,22.270767253224825,21.91002982816779,21.812285906003027,21.848110945654376
Q92973,25.02060733035277,24.963283289988212,25.128700320341505,24.93466964327729,24.83947311932909,25.09169863984037
Q92974,22.59041641162026,22.376990442015515,22.601638416341622,22.338831302187735,21.938584799348558,22.094693859327496
Q92979,23.61201895954324,23.976547255190038,23.5153095521638,23.24601945342633,23.081169054793932,23.187739131506632
Q92989,22.09659372177354,21.85320693184418,22.00627402361278,21.968706865626164,21.5979659195,21.597742603763432
Q92990,22.394834231509684,22.319271752228147,22.64386840737051,22.782184094107663,21.633111948624553,22.480787982770654
Q93008,27.417339766628707,27.315509634410148,27.3239713490344,27.62795931942742,27.585557065530935,27.53990117089318
Q93009,24.531417158095167,24.49786389424044,24.551654172120333,24.69335635776702,24.688452981766456,24.743842106930746
Q93050,22.84834203445043,23.11524134377738,22.833061190108953,22.715677903388805,22.55584227278916,22.75187111306565
Q93052,25.129944222229465,24.93041765124387,25.066231451599347,25.26808248429411,25.366379982582806,25.260876761350076
Q93062,22.796442585471333,22.56877305122647,22.83089426322669,22.80887552808117,23.133524962231604,23.05253670881181
Q93099,24.272342028888758,24.955300304979374,24.59273121393611,25.93395178046799,25.91232956612976,25.804022179376883
Q93100,21.63909888185682,21.43100874859266,21.427291613551066,22.281623322076502,22.358300681511697,22.043375288859117
Q969G3,24.23708316165044,24.08921753450142,24.393864633242732,24.181182139171245,24.087509134190572,24.10940968143644
Q969G5,22.393881256678466,22.698816453232023,22.3845129074376,21.605825367051864,21.791101666090977,21.44340065213661
Q969H8,26.504780534971818,26.619137359747807,26.5628734643399,26.12564971003588,25.91886328275761,26.092981051254352
Q969L2,27.271206427007655,27.19971902976604,27.25313955299458,26.924863981412024,23.95903185039172,25.246377461323707
Q969N2,24.062056022264805,24.500140063343785,24.059210927766017,23.778928044583665,23.513257852041267,23.407717047712985
Q969S3,22.452495515669128,22.275995299333776,22.550621741697917,22.92539507168197,22.64367742681201,22.768305900343613
Q969U7,23.4858209575648,23.52399462942938,23.68463873457783,23.691887466667488,23.480061421038933,23.53329550804866
Q969V3,24.536452247983696,24.79795277090937,24.492905215843454,23.969938374243334,23.97047412997048,23.860024456546103
Q969X5,25.20333829373145,25.427027100324494,24.979278385720036,25.091333526121073,25.09836353704823,24.961119516168836
Q969X6,24.04594509004369,24.71794025055784,24.07126594372033,23.40346276413961,23.493038540375117,23.365746539139636
Q969Z0,25.082676625725178,25.496109047194782,25.27627622135114,24.4597751677962,24.727986182888092,24.610265769751294
Q96A26,24.08897420172619,24.971958598695636,24.205388183733877,23.93751040917057,24.308657049058127,24.279024183415356
Q96A33,24.38170400252937,24.72506716196526,24.302228080851854,23.91138320973653,23.94467194202028,23.90522594422873
Q96A35,24.6220747270144,24.91650939138512,24.627068041116022,24.16862652153865,24.03329595459124,24.06169403903205
Q96A49,24.05609109107791,24.022285343667352,23.995768013317477,24.17862245628917,23.989340184450914,24.030600967117543
Q96A65,21.846851008922968,22.20448831036266,21.948819200815624,22.335877983126462,22.429311723146103,22.21420022666943
Q96A72,24.841831031713664,24.778959416680607,24.665942632493934,24.813381365586437,24.768977511572746,24.743545687414596
Q96AB3,24.913257768790046,25.279532228997564,24.874791721297537,24.75967275202414,24.82021324895607,24.669213260527616
Q96AC1,22.52816958777502,22.767824081864646,22.902715885265582,22.63346400891749,22.324003051751326,22.48779011870787
Q96AE4,26.315286856736133,26.103355849398103,26.23125996986076,26.327704351302653,26.33364076632976,26.233932955137256
Q96AG4,26.970013201503104,27.031326325676865,27.07440409304801,26.696863872089587,26.71625230211391,26.588719066920643
Q96AQ6,21.853156017187263,22.065586728811592,21.403955998507264,22.02921644408499,21.946767270928653,21.772737096052772
Q96AT9,24.280365121610394,24.228602645765953,24.14471284841711,24.37926055879371,24.462067235951345,24.662487256338423
Q96AX1,20.381129310075835,20.313408864136562,20.521153266078148,20.94385775839848,20.658138682872575,20.641221289297196
Q96AZ6,21.90253980587947,22.33680671957844,22.009264305169506,22.767892461209453,22.93430645914885,22.746675251084493
Q96B26,23.59767398393589,23.46699463165546,23.735141666377768,23.34578516704135,23.184047054226294,23.315455580080364
Q96B49,24.450894204399333,24.07207027304896,24.261320498309132,23.80159153933115,23.605308032115605,23.341361231607735
Q96B54,21.578649096903618,21.600844835985267,21.668425163762524,22.105788646354465,22.081960734081857,22.36019780782896
Q96B97,24.292684480985262,24.10418729114972,24.23953793090654,24.389069226104535,24.37561326682917,24.31916340616932
Q96BI1,22.445153301790373,22.85424739449036,22.34263613058043,21.87363553051444,21.975273457946916,22.0683902585712
Q96BJ8,21.4094449077353,21.07894899673003,21.438716838833702,21.75059912872872,21.52873142494014,21.521567277905252
Q96BN8,21.900124153802125,21.7298805086905,21.651812444489355,21.667854349713906,22.05536585372686,22.07359326043265
Q96BP3,21.643072638710617,21.41304793981373,21.4541293240516,21.7364637853572,21.754110491913128,21.5629806869398
Q96BR5,23.433547875571637,23.585440533284498,23.46200480960162,22.954234745223452,22.712366309268766,22.83539181454932
Q96BS2,23.27662680005454,23.413456844055787,23.578858438857324,24.820148961023477,24.720715618040302,24.617742870479905
Q96BW5,22.054781659257152,22.070761843353683,22.09130721241176,22.337109131392655,22.423468087627402,21.929353703704706
Q96BW9,22.495008498163845,23.016011491864226,22.611191439311327,22.10680556081032,21.947682770469637,21.720594223184257
Q96C01,27.334810382918757,27.243349211232697,27.05889943326267,26.636851903207646,26.78640890856375,26.76278674652504
Q96C19,25.278762579997274,25.407578517355542,25.311017639717157,25.08521649716638,24.9291498483978,24.92321276435622
Q96C23,22.41066962886691,22.422214554784095,22.467967674831225,22.69132511684238,22.738095146670627,22.68465617563568
Q96C36,24.11661603382644,24.590350275287914,24.14787628603985,23.613597607318955,23.64373246703004,23.76573427290646
Q96C57,22.722296616825677,22.818440190149946,23.485189447014978,22.780439844731376,23.283572786837897,23.76552264682692
Q96C86,23.95494050370875,23.79420166232591,24.030831283197745,24.222672873210147,24.323679603250255,24.205625927515907
Q96C90,24.71920277553766,25.783614962636147,25.366338624424333,24.946705526940338,25.226519060400253,24.952096105891847
Q96CM8,23.624283875911708,23.895991046001708,23.40210699619674,23.21032383718691,22.99556506704864,23.360537686259054
Q96CN7,24.239944590236334,24.290798613202533,24.29557249578993,24.17315770821093,24.199429424045608,24.18408081253938
Q96CP2,20.572178577625486,21.306255870583545,21.071412736588712,22.17044085715821,22.090190616951887,22.101738166989904
Q96CS3,25.089260052893604,25.083650882585598,25.07482825985971,24.809804527636754,24.8772149423567,24.949183471213427
Q96CT7,24.33904559628647,24.038637888635197,24.272774139741003,24.351036133310583,24.454526474252546,24.23147448176393
Q96CU9,22.935923976805967,23.32807073998841,22.975444799373893,22.70232500316358,22.41346820730911,22.778774983068647
Q96CW1,25.315827441200078,25.58014445367749,25.483408280329577,25.5604400125527,25.570099245535864,25.521992740815133
Q96D46,23.314388244499874,23.433281450246675,23.511977478356116,23.52914276751732,23.511734318886734,23.504740808569526
Q96DA6,23.2677755351797,23.76938640227264,23.802877612106574,23.07985778981472,23.248146186388492,23.136393527324635
Q96DB5,22.218461542433058,22.68650864874884,22.21374783537093,22.146119435368792,21.908117268779314,22.024660841610324
Q96DE0,23.263197550817065,23.267272191555023,23.40942706418197,23.108893698646387,23.577574503492517,23.36848088400031
Q96DG6,23.049358348073863,22.75584824672652,23.150862569750306,23.623362217352096,23.798669355373182,23.723782164812683
Q96DI7,24.911508749873004,24.986810131502658,25.067268745261526,24.965934498871636,24.94050815670784,25.000106453333306
Q96DV4,23.63201583385036,24.010400563317095,23.559804523417142,23.22517874702104,23.226434684154263,23.173566281706506
Q96DZ1,23.049305496080674,23.261005074484476,22.68784786780525,22.634820021797278,22.669999846094278,22.561170106171712
Q96E11,22.664558068063567,23.058784331460245,22.578173761770124,21.91617122559343,21.980812475644655,21.935327479215175
Q96E39,23.729100305142445,23.475821607061885,23.331594360572932,24.11073020941487,24.096916179562932,24.023264680372204
Q96EE3,23.639324256881352,23.684788207233762,23.756335607960512,23.686680473263205,23.74435807669769,23.522753440996322
Q96EI5,22.184693471907458,21.791700659978375,21.75167828071536,22.40971035955937,22.31471115534248,22.440614482130858
Q96EK5,22.951202438900282,23.017747689669363,23.142416541738495,23.16558068244375,23.129497635328907,23.134416292557066
Q96EK6,25.145794266524277,25.204075935791163,25.206427464705914,25.251285483111964,25.407042745771975,25.358603115156985
Q96EL3,24.372032479917895,24.303410228201887,24.124868009009283,23.59016624269816,23.813261376711868,23.39539815678713
Q96EP5,25.481433987436883,25.29621803667712,25.417947132413506,25.472076615467795,25.543296610505784,25.534760126584835
Q96ER3,21.444940155003433,21.546077953230796,21.539529825767833,21.323350144364188,21.228873401038,21.415155044632
Q96ER9,24.14737279450821,24.389209479464288,24.345443013137707,23.642980546158295,23.63337908411943,23.726063560778375
Q96EU7,21.788303652463767,22.335129437147142,21.766231573151796,21.485619926194865,21.505613628291666,21.037352230933546
Q96EV2,21.487424078999474,21.344209313269438,21.021052618563886,22.051857796881407,21.19674588894221,21.032459450961934
Q96EY1,24.061009861842667,24.482396358798024,24.040092858833344,23.191540763257542,23.538472551792594,23.408903442811358
Q96EY4,23.56074062921532,23.734888923201048,23.400854947373098,23.484391832946216,23.493965727648487,23.433624279110383
Q96EY5,22.42594756783017,22.294046734084425,22.55783071678594,22.646677467065416,22.54779109555612,22.458626139782602
Q96EY7,24.96656292201699,25.218936396773877,25.10167349567789,24.698363532070633,24.601995838373462,24.780806861623667
Q96EY8,24.229199185180875,24.626739277169523,24.160080991246254,23.677742757268042,23.530112671081355,23.78979897988859
Q96F07,24.598739053071505,24.78321937922463,24.35407945045098,24.9533331653445,24.69450710024672,24.924400161929263
Q96F86,22.88801949210733,22.866753990404312,23.015173922862658,22.82314212794626,22.960893965770733,23.23273241688786
Q96FJ2,22.719094229264837,22.581302198089865,22.800975218643043,23.02184463691437,23.124619573555503,23.013628341826077
Q96FL9,22.07614018667863,22.191519829698358,22.293369627589158,21.568728155087285,21.69596661836233,21.579901379552936
Q96FQ6,25.319961474942335,25.776931557148277,25.311596029117585,24.838851428471795,24.957286910028714,25.087707238245123
Q96FV2,21.473279058864446,21.61372000771137,21.449567318825153,22.544832874567724,22.622464658425532,22.716905159486945
Q96FV9,22.677730178112288,22.704303461405054,22.561583607563406,22.764333443249736,22.677423836436652,22.649614165424403
Q96FW1,25.481492745585395,25.349589270712322,25.552284699205437,25.737776814594095,25.764569692038904,25.826564779335154
Q96FX7,23.789129430285616,23.867016341767986,23.74933220139594,23.466098498351666,23.245637567423053,23.59025135069325
Q96FZ2,25.15411697362924,25.227390757375883,25.30919453606454,25.45513209352712,25.473279034087746,25.390635533497406
Q96FZ7,22.737478320913468,23.008186150907044,22.768163219668995,22.455418533832592,22.495165178203735,22.492300640417938
Q96G03,24.401184731188785,24.3763609787655,24.434518663569026,24.581887501179757,24.60225801243793,24.633597705453507
Q96G23,23.785433110869764,24.12933679246076,23.797756800323388,23.287546967334915,23.325908331647433,23.030402778310933
Q96GA7,23.583887208525944,23.50052912541539,23.614929403624405,23.90145930828912,24.043895387708414,24.02255237829483
Q96GC5,23.288556334670737,23.470402815106013,23.40622317437801,22.955841079990293,22.83324653540288,22.849523552887607
Q96GC9,24.46210980917259,24.827881886540098,24.519198190112522,24.018197291757314,24.170259602657847,24.169498574326877
Q96GG9,24.069155865319825,23.857554794753582,23.922181679213896,24.136439528243027,24.190672292606642,24.27882176563233
Q96GK7,22.93613342076771,23.206432979695208,23.044320404668778,22.94106767166011,22.886774040896235,22.959788939662108
Q96GQ5,22.707474673463174,23.32905462361042,23.051414747809133,22.540479270099702,22.830055177421016,22.713477241895287
Q96GQ7,23.168764683965236,23.32827937827381,23.134307707295726,22.827116272867713,22.79427425725245,22.841510889846106
Q96GX9,23.994985137170598,24.04678496829665,24.048511984864838,24.218937431144315,24.23524602414345,24.19344625160018
Q96HC4,24.92634133385669,24.66725775165034,24.824878352801537,24.791285027559756,24.75829550759019,24.87194094793713
Q96HE7,25.486948537631445,25.82407908624191,25.159751564531945,24.990185609507428,25.299911030081656,25.046139989359517
Q96HN2,21.88683486947167,22.154312553213348,22.097954952328905,22.355821408848513,22.418334162910938,22.407898925588636
Q96HS1,26.38336218151126,26.650661496201458,26.395898665046413,25.618093412016957,25.70179303646634,25.846405437984576
Q96HY6,22.449747144844707,22.893598813564196,22.70022443271782,22.364106995548266,22.891518957439033,22.952641992948962
Q96HY7,22.434991854531447,23.031720046033783,23.029428782317154,22.443412540821235,22.43899839936404,22.547567665455325
Q96I15,21.20297661502616,20.97734596332633,21.473174695634423,21.921748630571873,21.966638342563733,21.982633652365802
Q96I24,25.113228843738717,24.906469520636254,25.202169270917075,24.979845914451495,24.82757413929671,24.891673120290978
Q96I25,23.065566514953154,22.915596954968883,23.229943889509787,23.079095237902933,23.17833432155009,23.128686634758775
Q96I59,23.57618284040607,24.039371581861214,23.28645905753968,22.875070900398228,23.484397733713898,22.92040919505048
Q96I99,24.820878752925502,25.202780126173753,24.8006346242998,24.301209533841153,24.49023246144749,24.437400570870118
Q96IJ6,22.76819442280549,22.6258420342137,22.788283218057398,23.08513219321136,22.858455067466494,23.052602542791806
Q96IR7,23.161429932224962,23.482959076252563,23.204131995800278,22.925911686633363,22.895983744828555,22.88496754714184
Q96IU4,24.370646304966105,24.481431646916,24.499999124038368,24.96971270561795,25.132655043434745,25.071888008607612
Q96IX5,24.691656100257667,25.06052558279915,24.469492649872624,24.286361615899956,24.38502003722022,24.329571769931785
Q96IZ0,23.8977433675302,23.706294072623727,23.90421601204932,23.9038072083617,23.86021338100976,23.825420786000663
Q96J01,23.75477141557353,23.53267196157116,23.740270545576642,23.64277964461174,23.686386927335068,23.629997656759304
Q96J02,23.149436257653118,23.385433380763818,23.446875310321154,22.856947970372225,22.81423968983507,22.80005849131558
Q96JB5,21.983559557130874,21.954631371983655,21.857369869469185,22.25316350746217,22.027285260029636,22.247613638119752
Q96JJ7,24.964870247221697,25.279253711796898,24.895329816527134,24.44313528131575,24.34226162037168,24.334035223560516
Q96JM3,22.193030031241207,22.29988560410537,22.572628416127834,22.431899502986706,22.46105609611002,22.142868026827696
Q96JP5,22.31695667016991,22.23495305154562,22.540186228298676,22.19702917002633,22.172599488198866,22.287871715290517
Q96JQ2,24.067508873321046,23.812724436392287,23.9328083934925,23.86936839323087,23.860659538676536,23.82894144565206
Q96K17,25.337537791252494,25.260446814821403,25.12580261057871,25.471209749414484,25.593873094172466,25.549201001175362
Q96KB5,23.446271578865048,23.091631983620335,23.398672985207703,23.08097525391449,22.992377405041573,23.109297603213303
Q96KG9,21.956146123168875,21.78985964091365,21.887923100071838,22.040613640522597,22.149262114738153,22.137219286603887
Q96KM6,22.20472948552468,21.74798199337047,21.96325340484276,21.558506663714,21.92945509681371,22.132243032990257
Q96KN1,23.493010312286142,23.683821015227032,23.615703379139553,23.41425928290759,23.462452471607634,23.313185855240107
Q96KP4,26.153963180463933,26.145514581346706,26.1793246576333,26.525607069466894,26.568892473721174,26.472342914514396
Q96KR1,26.536293821886257,26.61387653357722,26.66955689709935,26.716858727204084,26.701142823529793,26.807837105391968
Q96L92,22.88674213742234,22.995077292753184,22.96923455787501,22.97910364274679,22.942273854974395,23.134545863407656
Q96LD4,22.42932641053391,22.280480385529806,22.410633531926003,22.530236646873746,22.614825411827663,22.58750720356361
Q96LW7,21.90494150038442,22.212311283170372,21.883761288977368,21.54938751349235,21.69402122975819,21.487201186199535
Q96M27,23.819805166777243,23.828173778783718,23.69076031022773,24.099674628840756,24.08657327511561,24.088553891190728
Q96ME1,23.721869465315308,23.66317488870364,23.695913875057776,23.945592522194694,23.889157921469458,23.94737261463298
Q96ME7,22.024141033459227,22.309901648018922,22.580458935053827,22.7963041461253,22.854687316884,22.397995877600227
Q96MU7,22.777977637863042,22.741653988537024,22.87684842662976,22.893894646711743,22.965285718506127,23.209582765149992
Q96MW1,23.54239262987861,23.411055382778148,23.53459676541977,23.672899855110856,24.124690401736633,23.87230673943285
Q96MX6,22.14532705775289,22.37188802145484,22.460955517890593,22.067918131427977,22.668969250768786,22.681280776285274
Q96N66,24.31826020577606,24.800760702941577,24.142994660313693,23.937958071733494,24.248382779248512,23.87598505182447
Q96N67,20.26224754264544,21.185982717749376,20.593127925121973,21.049278371287052,21.024878246461707,21.18492871966203
Q96NB2,21.404346150409825,21.912266897097734,21.670670078567504,21.014582551001432,20.75159954704717,21.092335317825032
Q96P16,23.808686534078944,23.771604117946648,23.769146551271398,23.967707886547917,23.851716258618993,23.789772717190875
Q96P70,24.76790165227754,24.78496376680214,24.735833125602525,24.751779194079543,24.881033747049965,24.881197344500467
Q96PC3,22.1851887971749,22.199395124288472,22.125807733254483,21.822860785642195,22.03022443562891,21.731518001150008
Q96PC5,22.153418899216206,22.17022108696371,22.106649834850707,22.126522207715546,22.11607025045079,22.21687756487961
Q96PK6,25.166616238591832,24.914424277370788,25.137892808676476,25.26848360504787,25.27745243195012,25.044857168260968
Q96PU5,24.19874132586359,24.394584632056272,24.31042376278189,24.103391389531446,24.280551889843903,24.226631358410906
Q96PU8,23.593615318206552,23.456212015748907,23.932437801680194,23.614103776323216,23.53040431284208,23.164974883989643
Q96PZ0,22.506295594173086,22.450054484625355,22.376375287798876,22.552703568746214,22.465932528143032,22.064534574606277
Q96PZ2,21.967263380495744,21.984565250426773,21.98353676901439,21.97404201428642,21.927346554080412,21.775857316247418
Q96Q11,23.553506491933092,23.90828275385833,23.875400650383167,23.454560485511482,23.662830787597198,23.45224224605636
Q96QK1,25.467264482748472,25.433396075202722,25.564506202876817,25.572715027534162,25.700748407201843,25.682016165304532
Q96QR8,23.302226825551593,23.339617208770658,23.3295390602383,23.519924262698716,23.589762339671687,23.455012721385263
Q96QZ7,21.29002475477184,21.295536455785115,22.30406717752818,21.760550140815607,21.94887187382068,22.215490637873042
Q96RE7,21.297635867439087,21.317726265671215,21.527761522507078,21.669615981041755,21.463200453725282,21.81872875303827
Q96RP9,25.187819459898066,25.66294549708542,25.35249205311247,24.53932118318121,24.38481365032444,24.455715764493384
Q96RQ1,23.557962380153544,23.976399715362408,23.533847156424507,23.420037175815356,23.49216700312943,23.41511828586714
Q96RQ3,24.843461347591205,25.295149823861156,24.85069609365991,24.612131367523105,24.676493337463665,24.67002459900894
Q96RS6,24.465075977760456,24.51761256563629,24.393258335984246,24.32715514210314,24.354236197161555,24.377531068369596
Q96RT1,25.099274763743864,25.11733190275996,24.97477788083182,24.83101888522244,24.859448529598854,24.843232830799185
Q96S19,21.932075587527816,22.247637829371236,22.205400116601574,22.109007721852546,22.626207550086082,22.40795349744267
Q96S44,22.684576886673167,22.86167296891038,22.848157089946675,23.043718371580155,23.12254397922844,22.97783994317741
Q96S52,23.759645630399756,24.12921461536631,23.721259327455392,23.400997315905705,23.517140239623675,23.298549830981887
Q96S55,21.36786752746025,21.411553657261674,21.476749763215604,21.43010998935425,21.43847553001179,21.35219476216937
Q96S66,21.522008095286903,21.305608572614265,21.687091572247844,21.204751422106458,21.311257284336964,21.28308722229974
Q96S97,23.982073052902265,23.93411808211646,23.70303205027179,23.197422190416987,23.0463155427838,22.930590902410895
Q96SB4,22.898114949640895,22.660445132149675,23.13032829270395,22.775593804864858,22.86778548615192,22.888251152370042
Q96SI9,23.04827050326827,22.98720293609744,22.791210095661548,22.882939738479866,22.94428597398001,22.748295440392283
Q96SK2,21.887935962628642,21.98762833207066,21.667588238988845,21.39325207660995,21.410442034841374,21.577790776754387
Q96ST2,22.493063102029137,22.635113617913724,22.570374460901128,22.595855016855147,22.714332312242224,22.565024192523904
Q96ST3,23.026856375704487,23.062675812660064,23.205989328331253,23.329682621536424,23.349898596292636,23.298282443964148
Q96SU4,22.025142097452402,22.33746061737639,22.130656494499767,22.199340153107972,22.108905978501593,22.237282912611647
Q96SZ5,21.73294487587229,21.67437548013405,21.868406987787434,21.766592719346104,22.06285496367349,22.201860232397514
Q96T23,22.07687544067636,21.919059055654518,22.097710035239302,22.20575581989481,22.25990586201985,22.199499369058213
Q96T37,23.048138768995372,22.806471643655307,23.28195930763705,23.20204593256639,23.42691414300504,23.65768338234153
Q96T51,21.906253890011932,21.87402208138865,22.229612142388365,22.07613480300271,22.2373527970307,21.89259254539373
Q96T60,22.67258180397714,22.869567299390972,22.83252934862263,22.760830380089136,22.909144604215804,22.86484489593813
Q96T76,22.638681276330896,22.459734901614006,22.545635947244413,22.545799123538103,22.702236637544637,22.622339534327214
Q96T83,21.694152534663363,22.210435916466565,21.392976375302514,21.8174732125324,21.839134265176426,21.680918246030476
Q96T88,21.52769843933384,21.46808952329752,21.659910033414747,20.911606742221686,20.984142984274108,21.260271325365263
Q96TA1,25.09094280698548,25.05629322551951,25.060240578600787,25.58535628724433,25.64288219160499,25.545742573554953
Q96TA2,23.99230945620172,24.34505027527682,24.052156073133805,23.56332302411404,23.39838320795858,23.55491539147828
Q99417,24.92886151898752,24.837597522559037,24.999651435053586,24.92142801750059,24.560141899423414,24.693919404952577
Q99426,25.531427748207005,25.441742992498146,25.52837642700931,25.52533751855153,25.59615892514731,25.611799069163283
Q99436,24.815244023228864,24.84737377440383,24.973371468642245,24.85084791045176,24.87861534695773,24.986833996109883
Q99439,24.64220189677918,24.707135501096353,24.828527593511165,24.637613463565792,24.62523181756782,24.560273352046114
Q99442,24.661595127203984,24.66579249529745,24.130203999579702,23.97073416707822,23.72840851717064,23.837556813678972
Q99447,23.243412264771475,23.364895549840394,23.14097452019642,23.145196118868995,23.071753995195653,23.11232686819662
Q99459,23.902429860359266,23.864608218383697,23.97979036632441,23.96912808607182,23.87871000583072,23.76471824522742
Q99460,25.8541169614445,25.844184665565756,25.848294463180775,25.933235496667514,25.889085490059703,25.952330768427
Q99470,24.736370755547206,25.11016753533779,24.802213514450393,24.512463915507254,24.552069471170118,24.502475655749294
Q99471,23.953721604562837,23.88378908287396,23.883253802440816,23.99305766794969,24.078691744320164,24.01735402418666
Q99496,22.8019060624058,22.951020080622904,23.452826019058328,22.957753714833444,22.748022565517154,23.645364995442936
Q99497,27.562413748806552,27.568389354057597,27.67076644885996,27.73809898746944,27.73799780865127,27.787368638908465
Q99519,23.130844835099676,23.295759547448274,23.080574237556725,22.577247750456177,22.354909812309575,22.707880627458106
Q99523,21.80577988083398,22.07524246664535,22.113148705100404,21.446178422209055,21.50521139464637,21.53727101932606
Q99536,26.6899065287191,26.52897638516704,26.517925902439753,26.729721889304273,26.758962139373246,26.768829345865548
Q99538,24.46350915686756,24.70742938487179,24.50833895519939,24.721136434289026,24.495840635535842,24.718901667514775
Q99543,22.496595499885064,22.569070777454932,22.57204015357372,22.712415221735586,22.441225651765663,22.470319645125013
Q99549,22.1440977549387,22.45961059457045,22.543848164719307,22.430166535609022,22.613439336871465,22.31913294098998
Q99567,22.684234000022478,22.612262892868284,22.727764169032998,22.792677912931183,22.881303598203637,22.786572254208238
Q99569,21.6312116999243,21.867447674968368,22.650597653992886,21.882875667749655,22.28250888204912,22.213468560099113
Q99570,21.780166673904503,21.9364792513602,21.5896841510923,21.81844487127372,22.136356287411616,21.93056886818287
Q99575,22.142955877068914,22.469355516555225,22.501682563976495,22.511071452981614,22.74920850470315,22.574731637343408
Q99584,23.74471088350686,23.936064568296544,23.862403912217957,23.769811114165254,23.948812251256605,23.922066957762475
Q99598,24.08526837407484,24.24687191422242,24.229981136633466,24.268475752205287,24.219555999584873,24.357178661679363
Q99611,21.240832957616874,21.533538387642597,21.8802530608047,22.554167132497096,22.45836468161896,22.276842018000227
Q99613,25.231542157917257,25.22723172518517,25.211976346976126,25.313140244345966,25.289440746335956,25.368824410682507
Q99614,23.627008575139303,23.585504946665846,23.69983135340065,23.85012883267551,23.85957450068438,23.75788712227605
Q99615,24.192162456903755,24.213277648866985,24.430956674835294,24.259874406705656,24.206463237234324,24.275836635176578
Q99622,22.020616146589248,21.86026376300448,22.150341214180035,22.025387143234678,22.034943503393485,22.04921674026461
Q99623,26.09694009968192,26.64589199041913,26.230228167772427,25.94591047088661,25.852008370922523,25.84888030200735
Q99627,22.88348632238032,23.028914060951088,22.958308441361655,22.915980647781705,23.006337550901012,22.633652909861613
Q99653,22.34002161862305,22.57703252558181,22.88425838518988,22.121594538087695,22.09563026146048,22.3489909451087
Q99661,22.28838454137382,22.32107122928952,22.19421850581706,21.961035060376833,21.897607484501307,21.88484006714447
Q99674,22.569914349167245,22.845621744761004,22.709969141775918,22.75386380406386,22.635508123203678,22.7582902204712
Q99685,23.43409509028758,23.74107016946517,23.563805021913865,23.51150028744203,23.639571234540533,23.627450613766662
Q99700,22.440825076029487,22.341240413268924,22.382168046680757,22.290183413404417,22.200959052824516,22.325084991607607
Q99714,25.27843953248874,25.670070104350984,25.179467608242533,24.858862131148044,24.8950293760526,24.807381358005728
Q99720,24.04324394133898,24.235664995770183,23.825410110149388,23.47706662718745,23.59357018558078,23.489067622740006
Q99729,27.65622429753336,27.595443355705523,27.59501893880171,27.375850911467573,27.13479380951821,27.176327979291674
Q99733,25.45886965751788,25.31152590846352,25.317588437250127,25.43712748859716,25.409388346278988,25.37898510639205
Q99747,22.704688359711152,22.695462059422734,22.626375344345504,22.49051477177982,22.443902421198235,22.531147976569866
Q99757,24.02513567500322,24.45520792703006,23.878679887772094,23.61381565037701,23.546516526798296,23.640931999749743
Q99797,23.573794862926885,23.9666305982785,23.431974081646388,23.384852374812848,23.193505809275244,23.155564685034356
Q99798,25.230548669692457,25.561834587525805,25.288345885062647,25.34592779743277,25.320571821525633,25.315958695927606
Q99805,24.79107473135936,25.243573518198485,24.861857986978546,24.763964540373724,24.719877793892028,24.751662754955884
Q99808,22.585150752113687,22.860131617841713,23.043735890638526,22.547112462235585,22.673266368467335,23.094229457963642
Q99816,23.506069640124867,23.721410269336605,23.54744905342728,23.70642867092385,23.875878218241578,23.696418297260795
Q99828,22.28871768908742,24.658938408176294,24.350886050834276,22.95576642288773,24.629052953621652,24.537665954499875
Q99829,26.061517957458136,26.174546561505128,26.019170793641464,26.06874868001204,26.094618603595613,25.993178631443442
Q99832,26.394829064663117,26.41610631940396,26.453988776481204,26.51062921215962,26.369654284801936,26.417462425615447
Q99836,22.07529486667644,21.85176695728105,21.883351346041785,21.928290471156444,21.89755294306665,21.89340493404751
Q99848,24.887784820343043,25.07616482081822,24.96963691870279,24.461545393441195,24.56513637004463,24.532098098748623
Q99873,25.446467529024993,25.654597790687447,25.741944832577765,25.555029996567264,25.65732935419856,25.79277386453231
Q99879,31.956146035631587,32.45015770214063,32.376440742778506,31.346969690409132,31.37110314587381,31.27842852991255
Q99959,23.611276554421707,23.5969565647283,23.67629661876064,23.335490128868855,23.33107219679272,23.28076270074842
Q99961,23.549952309511426,23.66939807910297,23.741407013036206,23.686849606389423,23.860496910768926,23.808597379223038
Q99986,23.805461182611936,23.89371341445333,24.08567100514786,23.5791499470129,23.63230045911232,23.75239065162138
Q9BPW8,27.002784311851297,27.559760216540425,27.06108373844162,26.596989425344518,26.72359272741957,26.59851215985395
Q9BPX3,23.080650351421276,23.039729002857946,23.248195853835558,22.827973248477235,22.677577821850576,22.767844181890208
Q9BPX5,23.568143774903973,24.101917821022656,23.871577789585412,23.387688289688555,23.84631906220811,23.674968280889487
Q9BPX6,23.719556356182096,24.35451533904413,23.88781121701316,23.31392484143578,23.272986944140655,23.273321246990058
Q9BQ13,22.173330668338025,22.686702056736763,22.41294760095928,22.72987534454069,22.47346744858144,22.581402427838057
Q9BQ39,24.406568081641293,24.739343048526745,24.579735548391586,24.154134052160313,24.13762597020098,24.248840506680306
Q9BQ61,23.506659032280325,23.1115539112191,23.711457453331388,23.61540232573778,23.57481500504451,23.56735569072153
Q9BQ67,23.42952244091543,23.371256327534486,23.490840229313655,23.22996867215189,23.118002410288508,23.136162248782963
Q9BQ69,24.156479077028724,24.555889420150447,24.20299783123297,23.95841598015135,24.193429857768194,23.988461931730356
Q9BQ75,22.88845564782534,22.836574062697014,22.927261834237246,22.57667082475712,22.642701986023578,22.556053078561437
Q9BQA1,24.746420214928854,24.232913161330462,24.48039232689688,24.57402512786472,24.267406652784146,24.240534275647452
Q9BQC6,23.687254035157256,23.859844036171587,23.611046191614545,23.272922465587,22.757798331982983,23.105747411449748
Q9BQE3,30.282346129042626,30.23775720121457,30.26409346955819,30.29844491248275,30.413283151884418,30.340481745792435
Q9BQE5,25.158231610279344,25.077910978120453,25.18418897006576,25.600078900495955,25.794145676448526,25.60776459717802
Q9BQG0,23.504167365953535,24.247460514022666,23.559696131046703,23.331622923767398,23.432723351331525,23.378426502559925
Q9BQG2,28.44674397543216,28.35971041580699,27.713789576947434,28.431990901151057,28.810638912479018,28.501210415159424
Q9BR76,25.035911268314813,25.052361744969495,25.034210409394653,25.172411637271885,25.182310766822823,25.179026295154344
Q9BRA2,25.76693091366525,25.339095697898017,25.533202932118172,25.61259497194432,25.448397840005455,25.334944148858217
Q9BRG1,22.93976203815178,22.77201589065804,22.782202595001365,22.971996387880868,23.253239841636372,23.07427394776394
Q9BRJ2,24.85727486321684,25.241477416731627,25.009250805444307,24.38766081522282,24.357589991310324,24.44042033344722
Q9BRJ6,23.79179642824165,23.560186340381353,23.829126256095993,23.479829100494428,23.298995831882678,23.528093975833716
Q9BRK5,24.9854735173748,25.038702183312697,24.952916991297027,25.054609616989495,25.071912715459987,25.107422469688522
Q9BRP1,23.16717294892212,23.22490123452798,23.157026601240876,22.825017475105717,22.669268632883355,22.780586922994896
Q9BRP4,24.213664191943156,24.096024379691272,24.1210193229512,23.991171486026825,23.67673715394489,23.877170279990334
Q9BRP8,24.183870529285482,23.853955021590508,23.967026119687937,24.402970401648876,24.28531232646292,24.273332061795465
Q9BRQ6,23.625276304996728,23.79239801350106,23.4098708861767,23.22444659315154,23.02565512496943,23.258544612975854
Q9BRR6,25.07772073164436,25.36329728714224,25.00798827928998,24.498634620882484,24.470389905453168,24.40589830481467
Q9BRT2,23.046506395419577,23.46832125565501,23.121028653448676,23.134654117432298,23.104112409007048,22.96788067395407
Q9BRT3,26.88381476052859,27.231489423525407,27.046663734096917,27.030666273373882,27.413188490310713,27.32035721034585
Q9BRT6,23.740787176541104,23.76355157725834,23.45154731740946,23.206544914516112,24.87957838881256,23.255437081955666
Q9BRT8,23.158375009559514,23.12708389481949,22.934751248141087,22.69145483560738,23.097261394870415,22.702519790071044
Q9BRT9,23.25347978458081,23.201125719986607,23.327988947739907,23.066927113509273,23.12179718433185,23.180426093452372
Q9BRX2,22.801305765069593,23.308007049153858,23.07682472866372,23.127887612169566,22.69667224614947,22.57648480812025
Q9BRX5,22.272573121071915,22.13106848707817,22.158826920704552,22.295084085567698,22.10718977265842,21.771593439302194
Q9BRX8,24.572161041099434,24.78638958903239,24.233095931670213,23.656824820298485,23.940246736444053,23.700183255985444
Q9BS26,25.3446567532962,25.305205227917153,25.306370753430887,24.85970633674487,24.89344504152666,24.92551713480687
Q9BS40,24.602371410053095,24.07320359151916,23.95540523011609,24.843656574247927,24.561005861489118,24.682175502895227
Q9BSC4,22.765053559835234,22.9579812617295,22.818021948462032,22.467834624446354,22.287304873363908,22.496020882947985
Q9BSD7,22.74956534440776,22.745517488134258,22.691386463130726,22.86550598958185,22.82243798851169,22.799544478171374
Q9BSE5,23.813789898863465,24.107490395774985,23.669494318137826,23.295518547547427,23.222997525937572,23.417482095154604
Q9BSF4,22.78443516027114,22.776217246128812,22.492722500895976,22.22814168133717,22.151230891098116,21.908882933894596
Q9BSH4,23.60253214524679,24.034080240392985,23.424187180928996,23.02610074981099,23.279698420973155,23.411759098497022
Q9BSH5,24.11707281000707,23.981024565215943,23.92952245951018,23.579243419778567,23.636434227507745,23.889487067127675
Q9BSJ2,21.68188329013059,21.58337700461022,21.95174964221918,21.992429272231142,21.752992175847027,21.885513177278654
Q9BSJ8,25.573442173218584,25.549563308950834,25.479203844182045,25.44316070742199,25.40381899143101,25.36393140573974
Q9BST9,23.147172311567218,23.07753225290304,22.89703140880652,23.114960118452867,23.365546854063428,23.295189349495406
Q9BSV6,22.586230372818655,22.417494843190603,22.596770302523694,22.628305357145205,22.55444950240876,22.580500224334983
Q9BT09,23.817219263714357,23.953142726207517,23.691419158784736,23.433863268722522,23.25404492840557,23.30500672901347
Q9BT17,22.123820504390142,22.799509400447857,22.232007308943604,21.65629763057127,21.767739860722653,21.934187207553805
Q9BT22,24.257856962062124,23.890446685257864,23.965286863617855,23.236924683580312,23.629361956743512,23.558009575098875
Q9BT78,23.904411457951188,23.980416619514983,23.999929055412196,24.041904916428603,23.99250611868891,24.087699631810587
Q9BTA9,21.546032109650643,21.2758055537078,21.617394597984653,21.896617774053976,21.851295352816493,21.560448152649727
Q9BTC0,24.043809301522007,23.833103860250066,23.89065142633939,24.35540567612154,24.32791208346094,24.29633176091532
Q9BTC8,22.63723401907596,22.663246023107778,22.673778554560496,22.766042450969927,22.842965159402418,22.398447404965967
Q9BTD8,23.40474775888977,23.207659466453496,24.0293463785712,23.416487916556346,23.27471256040635,23.773014917857736
Q9BTE3,22.03042921628447,21.647280460698177,22.301892876889344,22.0804480228116,21.85168423749339,22.186810500558895
Q9BTE6,24.314514928203778,24.507862615212527,24.44873073245709,24.729765213089998,24.73881714022749,24.779059542228737
Q9BTE7,21.627793106135083,21.829064784322476,22.015356347780838,21.607444555096393,21.506548751444704,21.622668743824292
Q9BTL3,22.858385821067127,22.53269264776239,22.386449710061733,22.826675618538097,22.67108997691544,22.596491660317138
Q9BTT0,25.900406655828256,25.486301437752324,25.450219522107748,25.83936345125918,25.84969787240136,25.765494168003336
Q9BTT6,23.16288883889745,23.39169395743795,23.242627676774017,22.626198747590845,22.977563017384636,22.733870061895118
Q9BTV4,25.871237809701736,26.26723518036691,25.519657426704445,25.247919547909344,25.23454812539669,25.07186690109395
Q9BTW9,23.039237860891376,23.064432606387456,23.157342463204596,23.17049495400453,23.155850301828583,23.297096365639383
Q9BTX1,22.530277850686048,22.670183483152247,22.380643241143268,21.53561616426104,21.854196878057753,21.716400628609474
Q9BTX7,22.04745229202882,21.6248002740676,21.794461003807697,22.320524446606917,20.77556856825159,21.883149202863454
Q9BTY7,23.759945666732165,23.881303784934364,23.95088939117169,23.74094514489082,23.436776216091143,23.680402235784136
Q9BTZ2,23.015265648722544,23.4886804823267,22.946621918513255,22.68364274653785,22.801221778514318,22.87769602848368
Q9BU23,24.53902044905399,25.000851836511583,24.54155773771213,24.38788204211723,24.568586477272458,24.615073699478046
Q9BU61,23.066759797715818,23.496810754661592,23.343889442428896,22.695619441115824,22.74403373037827,22.848656080098262
Q9BU76,22.37568895682727,22.19423609324201,22.142696983884267,22.369879920287545,22.113498642898726,22.47209050192147
Q9BU89,22.6927110556241,22.836200541909797,22.735098684563216,22.543934869754054,22.473157375365115,22.422568235491863
Q9BUF5,25.10979479428312,25.166981479512444,25.140634148800537,24.991493820402713,25.215295401698818,24.98423364422034
Q9BUJ2,25.747564039992408,25.995873830753304,25.864681983590025,25.985214082045236,25.938799330194957,25.928734724328248
Q9BUK6,24.742533334699065,24.51596674570364,24.5502452536773,24.756535046622115,24.641725664806835,24.569687366902773
Q9BUL8,24.64003074114635,24.79872936775509,24.921663181877317,24.890841112918796,24.784920646952642,24.869668012827937
Q9BUN8,23.756981672918798,24.089995923695763,23.770241045424015,23.32308514281784,23.377344791643072,23.54602695038984
Q9BUP3,23.901086192229705,24.20494271883844,24.171974190122285,24.11328465194662,24.018127830846954,24.18983948595452
Q9BUQ8,23.016441231347642,23.0707733058581,23.221368663136776,23.247537005669386,23.23333968697679,23.340463812135628
Q9BUV8,22.805606224122712,22.857587729887985,22.86502280353928,22.70091357158199,22.584105887514372,22.773513015157032
Q9BV10,22.531713770812093,22.85141746245698,22.13215892195689,22.00185810735747,22.262811585103428,22.148552454988998
Q9BV20,23.681105411316864,23.57204697907226,23.54743093128645,23.87177620341941,23.590993690749865,23.867556171501732
Q9BV38,23.003417372222174,23.04987097840985,22.987827107902863,22.779744599393013,23.05647945526472,23.029092565682213
Q9BV40,24.305799726016264,23.93424471955364,24.293762096241068,24.267631822270165,24.083258076957563,24.245232074567806
Q9BV44,22.546169235569383,22.553838783096722,22.630755262228618,22.99246851716532,22.793550227189947,22.7446033158279
Q9BV57,23.934392944138875,24.035344649994755,24.19813865205278,24.860975838652955,24.963122566245236,24.830655817521947
Q9BV68,22.41121899303938,21.99776807220972,22.22107315362926,22.208070297043513,22.084978487938226,22.07161571434072
Q9BV81,22.210589008043858,22.437244729784233,21.832661670720913,21.641478151671226,21.554738959108054,21.248793900976736
Q9BV86,22.979963456654882,23.225776703570126,23.07765856001243,22.94993639708929,23.03026788658558,22.93552576964741
Q9BVC4,22.16721323085041,22.211623362415487,22.307792818360422,22.22017445056284,22.291559270132094,22.34993165727652
Q9BVC5,22.036725989757436,21.614091079316886,21.993819827771894,22.041539344918807,22.115446154372894,21.108258480284555
Q9BVG4,23.669301725503217,23.615941303824187,23.53554082295016,23.751652949126967,23.73718791620624,23.615241109499127
Q9BVI4,22.55604266767866,23.016200783477302,22.51429074967515,22.170059982399337,22.170004340590292,22.08425757331646
Q9BVJ6,23.254348900942645,23.166940884732764,23.053236683573672,22.946002333492654,22.877235821772775,22.833304547448257
Q9BVK6,25.844009582770997,26.05090108862749,25.88441714553533,25.706345352156948,25.763235368370523,25.797448891705077
Q9BVL4,21.386583772060355,21.29225028813598,21.440731921797987,21.79827263743235,21.61128848814955,21.89826444152409
Q9BVP2,24.299784035433177,24.299301940788332,24.256720800489838,23.83108810427189,23.633568883035636,23.759671533085672
Q9BVV7,22.52711233065392,22.767133642649146,22.61158623647506,22.362648310260575,22.07259108865695,22.20123283162549
Q9BW04,24.92803912040812,24.688952231152047,24.911340049933916,25.176247883667116,25.179917060499218,25.12829481022836
Q9BW19,22.309336180493567,22.07985713892841,22.033953083331685,22.065122231574126,21.967769969290536,22.07396174723855
Q9BW27,23.440578239647248,23.312888216429567,23.19574766010991,23.440531351167216,22.979113065274223,23.439813767334385
Q9BW71,22.68461540817088,22.109369665886746,22.44524437731856,22.36380725058079,22.266089364554603,22.197387542922655
Q9BW83,22.31957138458081,22.030239593088005,22.119726544897507,22.612815078446793,22.315772172478948,22.458855518095135
Q9BW91,23.779591023377606,23.782094286398543,23.764054268502893,23.62240589613799,23.47174652487246,23.52601810933572
Q9BW92,21.692058013084303,22.51149063584571,21.939784793121884,21.50853914277124,21.589207431350054,21.23217613807077
Q9BWD1,26.682192545026616,26.74381078342184,26.528631581286803,26.512714606551746,26.38312671062247,26.398774510900047
Q9BWE0,21.42604265441015,21.700630632709817,21.79485151473993,21.18508968521542,21.450064833068048,22.06713988358397
Q9BWF3,23.95378242747988,23.92848873710999,23.996086994392197,23.886530700944014,23.8830362588803,23.92702332948295
Q9BWJ5,24.726019475841813,24.735611902968273,24.873407970036926,24.5770895915447,24.72762666530423,24.697048471017034
Q9BWM7,23.144002970192567,23.382783506354283,22.879010590757503,22.698960862160245,22.84059575227132,22.535131894234382
Q9BWS9,23.116899474129912,23.160080991246254,22.991332575707474,22.62111442080331,22.595580181305905,22.639841238619503
Q9BWU0,22.178971909599163,22.261434137310165,22.554802884675695,22.15013168927548,22.14075239874586,22.25683106002343
Q9BX40,22.420389205993025,22.496799297968547,22.554019776936382,22.882369436914637,22.498604189250027,22.722376674111363
Q9BX68,24.981853889822702,24.985937717644653,24.539350412947236,24.44837231697093,24.49339898040102,24.395516485108114
Q9BXJ9,24.08736070017333,24.08115068384766,24.193570928868702,24.09827774867492,24.10050097579573,24.207967712034613
Q9BXK5,22.47280051667645,22.582059725610108,22.629128570433373,22.52886255237589,22.76184864142287,22.804355278363477
Q9BXP5,24.231066599803246,23.985032453896157,24.094178868973767,24.209804799581825,24.19808873019846,24.2412779547316
Q9BXR0,23.14781015749087,23.18891959925017,22.979933636023247,23.152590294681126,23.10051364811232,22.933838936470877
Q9BXS5,21.909686862620184,22.63402919688933,22.65543027240776,22.53778857213974,22.666704784905086,22.525705390442933
Q9BXV9,23.590958523871432,23.464816682889307,23.40270230165464,23.981781350568507,23.938372928923943,23.83304699862851
Q9BXW7,24.7242363383187,25.037785713542174,24.534756327698055,24.187438162255937,24.35305567076156,24.245413291006223
Q9BXW9,21.21441636357884,21.49894179835404,21.845252971776194,20.864228395375115,20.79073992347247,21.928822853895483
Q9BXY0,24.031465640803443,24.557205648395783,24.250010077265145,24.91567262592023,25.07190347089258,24.8639621157986
Q9BY43,23.40070696299195,23.163971152690078,23.405599978199955,23.402824715450446,23.415997788709472,23.401115446373822
Q9BY44,25.08831238769676,25.10415897079636,25.250773316845603,25.14674019240759,25.217346136002902,25.107308321118357
Q9BY49,22.677710610318666,23.279071381798275,22.767878826000576,21.991748453432294,21.836742221429613,22.36935026495919
Q9BY77,23.40339293848112,23.37384382655399,23.463320934145866,23.4343681107499,23.462475812135114,23.479452671668742
Q9BY89,23.143892613603022,23.11108837765158,22.560071677586514,23.192842113608965,23.20592595972722,22.826536074181337
Q9BYC8,23.06849719572464,23.46055163510566,23.18562512950888,22.656730896001243,22.556055067148478,22.88498645211453
Q9BYC9,23.051728878658853,23.083413588834162,22.72027755912718,22.073660265034558,22.30908799863153,22.156621493430155
Q9BYD1,24.39371475188599,24.874851650421395,24.55089729307926,24.135191194185488,24.119706600684474,23.92685100629246
Q9BYD2,23.115656015379127,23.448825614477336,23.084106532961925,22.561485137853662,22.36049763379887,22.56517705403665
Q9BYD3,24.835000826539897,25.4637413766441,25.035047073678427,24.371922841653095,24.57103367543766,24.518975808282164
Q9BYD6,23.13892515087858,23.89101834761804,23.393127250111093,22.952504696288916,22.85351478062542,22.90473989812361
Q9BYG3,23.964941350984613,24.36735955743021,23.766542354380746,23.105311336141877,23.180584982418388,23.176256863730437
Q9BYG5,24.99794644216771,25.064388445333645,25.094359064016974,24.39299955761412,24.6157754340588,24.52761934287995
Q9BYJ9,23.501868641490894,23.568259305834086,23.570944994864547,23.20577580229976,23.392193065773046,23.489025470039632
Q9BYN8,22.602352605470664,22.752416684892786,22.387250344879728,22.238714356875633,22.130685084897657,22.146498136701435
Q9BYT8,23.99986034332815,24.31870015568549,24.10151296686943,24.008780628611795,24.021542229465652,23.953768931229146
Q9BZ95,22.006399191956785,22.080550491811373,22.051532243741004,22.07030638073132,22.179271612330034,21.771675844151485
Q9BZE1,23.978866576134646,24.508930200951674,23.962347277029284,23.610253940223302,23.70328008452633,23.807025463959203
Q9BZE4,25.576340060666865,26.293348857592694,25.84989526274655,25.04803813054349,25.01883332343343,25.143053845585307
Q9BZE9,21.3101653645594,21.63755920646533,21.43897850720124,21.471221622033195,21.49411736806512,21.586524174893974
Q9BZF1,23.51447773650024,23.49129518375888,23.26623308818787,23.217593454147536,23.1181236390203,23.16547472441206
Q9BZF9,24.869460177758196,24.707475726669315,24.774184922435317,24.994199159497914,24.80801115685659,24.852538938747752
Q9BZK7,24.56235633229645,24.372141179692985,24.432367946001122,24.270934315364617,24.302566414188757,24.326065699560868
Q9BZL1,22.015338650851355,21.637454268239413,22.58699848455503,21.599179983037487,22.090301927680493,25.0487703852739
Q9BZX2,23.222219150695516,23.267192594890776,23.423695046490508,22.66510003598171,22.653396497327424,22.741917684130087
Q9BZZ5,24.714316693796775,24.593283514855493,24.809823168240754,24.748301992850397,24.78482701654573,24.664589315940162
Q9C002,23.968871010370005,24.532021978783355,24.1307411644171,23.51059879105016,23.73235656870118,23.667125080621165
Q9C005,25.459154731270058,25.51809638624985,25.620592864680663,25.66125429216575,25.783926337079954,25.574023394949258
Q9C075,24.347996246789165,24.229790931592575,24.293745120006726,23.045541381476898,22.797946341201463,23.04792184696224
Q9C0B1,21.2837744261517,21.603320813442604,21.609840859877764,21.857104276737996,22.119926604922604,22.27988541718529
Q9C0B5,21.587958306930034,21.646842480097348,21.390013834375743,21.33607053597033,21.344264587047977,21.357689449961004
Q9C0C2,23.839863762107548,23.71261578749217,23.640189542090155,23.98131816283366,23.984238077961113,23.91642337666881
Q9C0C9,23.71516875265248,23.562999313289144,23.444414885128857,23.54526935182017,23.709291258437165,23.774492205661023
Q9C0D9,24.916376904720074,25.20514040526729,24.90584162466431,23.98211223230476,24.25377421203816,24.170836603605817
Q9C0E8,21.845621170540802,21.809193669334086,21.933248979232808,22.14032740257743,22.217524380918448,21.81908740641137
Q9C0J8,23.787173330549777,23.656359829779955,23.812724534302994,23.869004209991715,23.7733966066018,23.802344386086695
Q9GZL7,24.3525573820903,24.638233715550037,24.3952620345271,23.989784609662166,23.87279829304422,24.003394724045343
Q9GZM5,21.91903933676104,22.277716613842635,21.763693195294053,21.93940086926199,22.16856776407158,21.979121789781793
Q9GZM7,22.671643857006565,22.630633632199412,22.569570327891874,22.932024208661463,23.229929811606333,23.847046064284104
Q9GZP4,22.090312428249323,21.96027519532178,22.100782307109398,22.294244362322306,22.24524339219353,22.264934479589353
Q9GZR2,23.149130291786467,22.96221999307455,22.767547198241882,22.83000312951738,22.835504965370536,22.750704226514628
Q9GZR7,22.956975268514885,23.43971943194714,23.379498545401315,22.92655660714798,22.967751415096373,23.14963224020937
Q9GZS1,24.688583065731624,24.84991844968745,24.939819149039746,24.615454638556585,24.733214699460714,24.5892145190635
Q9GZS3,24.5374027948947,24.692602200256033,24.536871945607622,24.722928093907747,24.805717307793476,24.7055080502872
Q9GZT3,26.277960853924558,26.663401040517414,26.289666055845355,25.566709307505697,25.412021643166405,25.603300798596734
Q9GZT8,23.25196168601242,23.29455049938874,23.416769828949224,23.271106631381535,23.394255167922857,23.39925745097842
Q9GZT9,22.611685847432447,22.523978243556886,22.551209294120838,23.244186697712017,23.39963388276938,23.282271739356464
Q9GZU8,22.534351807731984,22.39391280141179,22.60499485092481,22.60549522999318,22.480643044801685,22.475286284082845
Q9GZV5,22.933976940730236,22.294678376169315,22.84780538160624,23.606690643448484,23.20162381136583,23.176706404269872
Q9GZY8,23.570650897555165,23.728238788531403,23.67713657530399,23.535413386328617,23.55167341460448,23.653669064749273
Q9GZZ1,24.30375357901643,24.178131863357187,24.305208290098665,24.248406088930007,24.060285279162475,24.296547280167044
Q9GZZ9,24.280168415350932,24.374390807362975,24.350124880199722,24.56222448695605,24.405473904329806,24.371379843321773
Q9H061,22.246168090414557,22.89975519057014,22.354577348294292,21.981039725725008,21.523364679964686,21.93193442646062
Q9H074,23.168759023084792,23.01530751053491,23.056405197795083,23.184212053722263,23.114365728527925,23.317991342753462
Q9H078,22.908994220562857,23.25540192708272,22.804747078460085,22.16708625472149,22.331048544587432,22.257356620197214
Q9H089,23.355298127946817,23.39986605582981,23.500169368234715,23.15928238647045,23.233165433929106,23.350965881013327
Q9H098,22.50194588333135,21.749861327530567,21.949199486666135,22.449667057032944,22.23207818151232,22.460489518098893
Q9H0A0,24.309084389408074,24.610182059672642,24.401027402973856,24.287749714436067,24.307081683093312,24.104248889998654
Q9H0B6,22.02646738333106,21.97188247371672,22.23884713387469,22.13136480395792,21.59642263971918,21.887457145410682
Q9H0C8,22.539287219105987,22.544304045105623,22.859848111040428,22.544008594425847,22.620848717474562,22.696331055024295
Q9H0D6,22.83587057268735,22.728733800537952,22.901996897168686,23.100950373985196,23.101113771383822,23.07960945537112
Q9H0E2,23.528321396000596,23.97293404925057,23.762186043196564,23.943503175801432,23.678671591452,23.928729981169656
Q9H0H5,21.59563538022451,21.941174801411353,21.79483672428474,21.953309024311704,21.873726649775996,21.690609409140716
Q9H0P0,23.119663228983775,23.321554913066755,23.12683899084743,23.299514780981326,23.30228763662017,23.470164216129252
Q9H0R4,22.44013463898656,22.446844397936907,22.63217219050644,22.870391625062783,23.075990251950248,23.14676893188335
Q9H0S4,22.13530801205423,22.271647532896765,22.044397454775705,21.608723981871567,21.589716057846946,21.859308612024158
Q9H0U3,25.24179539320583,25.322809202459123,24.998209581984717,24.690692331039205,24.599764865690094,24.548203744331843
Q9H0U4,26.75426315924071,26.568792327613707,26.723201771440156,26.708276230547405,26.662100251126525,26.60361013166174
Q9H0U6,23.707464141359488,23.92162396021238,23.559610834876846,22.793957966577988,23.174395731029517,23.188487280703228
Q9H0V9,23.115367250167925,23.42265869504249,23.101778074234158,22.889996468110656,22.82213929147876,22.96225706723017
Q9H0W9,23.032093664450347,23.01790176253079,22.77598686438912,23.498935859414456,23.866319242165506,23.524959751878033
Q9H1C4,23.02456835854157,23.182264917185005,23.115295962779207,22.78085811241783,22.72882003918796,22.75299144108955
Q9H1E3,24.404187217184298,23.553410633502686,23.77247214823025,24.620511709321683,24.428065304901573,24.684592188391232
Q9H1P3,21.42136349218869,21.640719693662508,21.67530402860902,21.6407326658782,21.65194707837752,21.8565806188818
Q9H1Z4,22.940456091519792,23.353599551642045,23.532693242188788,23.455692815953,23.695690267895305,23.7526011503424
Q9H223,22.804778878624475,23.081619638749224,22.7780888634839,22.668844742300074,22.81089499023461,22.709315030756485
Q9H267,22.293366119164798,22.513241223267723,22.3484796337232,22.481412429864108,22.639604021868664,22.54793544194508
Q9H299,26.046934306501015,26.060944327969388,25.982863313368654,25.867632613768457,26.096879675490865,25.915290583808602
Q9H2D6,24.39935655581401,24.199948763500917,24.263304593940063,24.389369808596726,24.166343932995854,24.310554677979066
Q9H2G2,23.672814091780836,23.652066924805073,23.624328169443043,23.47658133062214,23.413567373721087,23.53915857440071
Q9H2M9,23.560777589779224,23.4630609493292,23.4672507985691,23.469836543764306,23.466727716817395,23.66528852713808
Q9H2P0,24.135127926940708,23.995555147565945,24.123507478123702,24.4974463366977,24.41078981611352,24.36231561816785
Q9H2P9,22.077167611505892,21.819547437853164,21.888532124093917,21.94696158664094,21.490278594682874,21.35503013679251
Q9H2U1,25.492254302815034,25.506126676881202,25.60333362823205,25.55883045004762,25.597862061300727,25.633849212040616
Q9H2U2,25.229496408933144,25.594503550897794,25.20222024768895,24.799928399974714,24.821153473490153,24.845347720054843
Q9H2W6,24.107901076931515,24.62143731419359,24.260447101973696,23.63916425638566,23.771204723139704,23.613721918378975
Q9H307,24.179897248071256,24.06484684855714,24.07466855358456,24.04487934152299,23.94235619431376,24.001588588720157
Q9H3G5,23.459579453603208,23.744721557724592,23.745332730227233,24.55041589501316,24.446167061229726,24.492455169844778
Q9H3H3,21.327264260448377,21.457178701380077,21.62796530116857,21.833322191913886,22.091908917610482,22.01368047278084
Q9H3K6,24.777724063543047,24.626829160120554,24.878546406695826,24.652039235145015,24.68892161321987,24.643625246746353
Q9H3N1,25.916016650779582,26.101481227656112,25.631853688859742,25.42723271622944,25.393837276148044,25.45022241733367
Q9H3P2,22.663540514801795,22.619973652971147,22.429267276922555,22.702448135221527,22.82038272159331,22.687204262140103
Q9H3P7,22.916066050899293,22.89605305827386,22.934400323471326,23.015865892198207,23.26386747853289,23.12608464591905
Q9H3Q1,21.78427587147064,22.006445934668253,21.891056648226744,22.22703256130802,21.96424355435088,22.249894956278975
Q9H3S7,22.731481250508818,22.751914006588372,22.78252577234212,23.029942477857794,22.930512129850207,22.931207579899226
Q9H3U1,24.768724470067916,24.70712886431989,24.808369263028837,24.915362714541494,24.9458069956986,24.928217266720377
Q9H3Z4,22.587348677388388,22.998246775888315,23.140438032208717,22.315224344962385,22.667779869640633,23.007527442779576
Q9H444,25.993352282727727,25.654281142425063,25.970250344691483,26.00059648449013,25.88499529918414,26.01082421044832
Q9H488,25.181532489577922,25.213258956899043,25.09738405745651,24.56033365061727,24.69272478167095,24.546353667160833
Q9H490,22.82625558701605,23.12958913323993,22.415045281472807,22.239789484781,22.286621351652258,22.157764173004168
Q9H4A4,24.771710597841793,24.8005131755657,24.88141012415731,24.85451450283031,25.013193673514607,25.034547030756247
Q9H4A5,22.238248593407558,22.83199489571593,22.16364353440783,23.024737089188,22.880991910933382,22.011396017860235
Q9H4A6,24.22375839774523,24.392351622351974,24.37885192355249,24.533962853444805,24.752225763325846,24.571370519318105
Q9H4G0,24.10511083794016,24.03879928963314,24.00202831275506,23.262541075253363,23.496498222468023,23.53292814032904
Q9H4L5,22.725230189939516,22.6978616981047,22.702115813112442,22.222732415540467,22.27362801447622,22.28872247594108
Q9H4M9,25.500867159479522,25.515570997789926,25.546823590258523,25.193241917000073,25.13825867388385,25.083009515342265
Q9H553,22.911592132476578,22.3090167842079,22.133819834568726,21.4953276730606,21.909621203997272,21.665089081480684
Q9H583,23.94567145786655,24.491769930766356,24.009249267492912,23.32877037427431,23.452090011511256,23.600994969519363
Q9H5Q4,23.103689443935504,23.287579515870764,22.936935678336887,22.221887834284463,22.206320439928604,22.142666293705954
Q9H5V8,22.793696967118905,23.177996875442624,22.90354116640819,22.36098274294778,22.238049121938513,22.25350128082828
Q9H5X1,22.347667186236198,22.270947856243392,22.45517907438872,22.38385679903979,22.673960956724926,22.508377645626148
Q9H694,22.096270387491217,21.930745637816454,22.20351170600467,21.71851740755027,21.750309942534614,21.72253364854914
Q9H6E4,23.40708788197403,23.73554373229442,23.21273741269547,23.161202017757187,22.815785498193264,23.118150101977125
Q9H6F5,24.673159595200115,24.73493253127611,24.723188775080448,24.204275159147436,24.150046289849882,24.064170745299272
Q9H6R4,23.47774801595203,23.856947115777448,23.678293982115136,23.386935510463335,23.364775885113556,23.323125422670856
Q9H6S3,25.250771871423918,25.2750916604828,25.322637314573132,24.958826324079773,24.92774894157215,24.985225419470915
Q9H6U8,22.06994236583834,22.033264527231673,22.132791517523316,21.550313630075753,21.344948722756936,21.47996583380321
Q9H6W3,21.839851559124394,22.103813641772785,22.10743516117442,21.606884550528196,21.516646384860245,21.60584154984987
Q9H6Y2,22.931961650167985,23.13878456954138,23.006893594916157,23.09415905178399,23.176781719806243,23.005013344638808
Q9H6Z4,23.314940951928406,23.141755885045274,23.304108270460077,23.332033815849606,23.328881698243872,23.407673357309598
Q9H773,24.630656181737134,24.584816193394378,24.756311987058712,24.71790396798933,24.658000701764724,24.834179464529196
Q9H788,25.396463023769254,25.29151233802169,25.217109502194596,25.47812587750655,25.214883289607656,25.0937798143302
Q9H7B2,23.420948755881863,24.08775934933512,23.750526162934804,23.33454363215572,23.4340729409074,23.43191658630215
Q9H7B4,22.641955699738087,22.680794635833642,22.543368774682595,22.888703586396247,23.0230724205479,22.993944785978368
Q9H7D7,23.53060267652851,23.45314049247552,23.287722523463295,23.692979275098175,23.65547951598527,23.73702798812271
Q9H7F0,22.721681549493695,23.032533101579915,22.74120279686141,22.411444654218176,22.421148239789353,22.22881531504577
Q9H7N4,22.153037679591268,21.663624898611985,21.56553314110886,21.36556874602231,21.355005825278617,21.301210817942106
Q9H7Z6,21.920422280070312,21.86130852275618,22.04743648224031,22.17976105873217,21.88662874881295,21.900871155465342
Q9H7Z7,24.51786590704306,24.912331485086035,24.42330355218499,24.309633304070424,24.15450941967143,24.186905989214793
Q9H814,22.84697100933769,22.88777626920549,23.054296112830876,23.000407541314743,22.734739385028846,23.00048181492322
Q9H832,24.243033756875917,24.27758424518194,24.310121946897453,24.704278761928713,24.640883690948232,24.454746591966465
Q9H840,21.591040388299227,21.66321518052965,21.709602581680063,21.730930500253923,21.84821725682978,21.82250839847256
Q9H845,24.76027285256219,25.28458161946536,24.82896138966822,24.34359549653642,24.438937630990537,24.416889380276125
Q9H857,22.729077479148724,22.68742053798486,22.493278517923216,22.418556140533386,22.308170410013936,22.43273188813823
Q9H8H0,24.726370350468216,25.15688630735609,24.897508702798742,24.14319292141704,24.152761406400323,24.081657831135395
Q9H8V3,22.767551845395634,22.839699541658952,23.11261974204095,22.536974835880205,22.446844650285584,22.62214825223111
Q9H8Y8,27.08581586568244,27.248687368000347,27.126220442936248,27.178141401721348,27.181445156395874,27.14869709102668
Q9H910,25.1797814044447,24.804994077413394,25.22110354831334,25.256310923879937,25.183322119589164,25.263779958595965
Q9H936,23.41178650568855,23.755587187201673,23.38142729994846,22.91450037481996,22.797581878296377,22.86414693502956
Q9H974,22.12906946748151,22.18812201015462,22.19031119241173,21.980778733623705,22.259034770367023,22.342838740631983
Q9H9A5,22.510898507578716,22.708283204148177,22.670200883685776,22.71818029897161,22.82486077952547,22.96969847940901
Q9H9A6,22.904953183413447,22.978548477468582,22.97446001712794,23.19821090825372,23.30772042839204,23.111230091529116
Q9H9B4,25.457398665345043,25.94786274264386,25.36935925168622,24.837421301613155,24.920510419125684,24.845371171638355
Q9H9H4,22.843242129378456,22.896141589804753,23.08577926196755,22.626762110420014,22.79815306668932,22.930687805709162
Q9H9J2,23.957698283577542,24.430435578622802,23.929827809661393,23.465296858734295,23.48996417871536,23.68806511466736
Q9H9P8,23.342289701835536,23.927942581405095,23.453535403133007,22.793114185615654,22.877390020480043,22.89698495447075
Q9H9Y2,21.52724241197374,22.6540821363712,21.82083252619486,21.379424271351024,21.170096515277216,21.370023355664067
Q9H9Y6,22.461190647557814,22.83759136336961,22.690495088022704,22.681645381374988,22.64196727216041,22.610034118679735
Q9HA64,23.461024986329036,23.382026843127978,23.379454124214593,23.850004514826516,23.600742999363305,23.79207167693082
Q9HAB8,22.997690316950436,22.739098562107127,22.75671440588252,22.76035428207136,22.759938557588217,22.771028869733907
Q9HAS0,20.752781775001434,20.856319972610592,20.857167470519407,20.860310675984017,21.21890539486994,20.7801722419788
Q9HAU0,23.379156096718624,23.159055980813275,23.369692519872263,23.516294929632288,23.500078654899017,23.6547200389667
Q9HAU5,23.36343579045667,23.582281093995263,23.58564488112986,23.570631559135382,23.50310352955454,23.674191513695277
Q9HAV0,24.506699220346356,24.95426953985063,24.36180405641926,23.853625757613685,24.044048528342632,24.232125476764818
Q9HAV4,24.291059800426726,24.350138912141528,24.43429543762169,24.247668393785606,24.184884723319833,24.23781957897211
Q9HAV7,25.1629788579171,25.611640038501694,25.12675330401382,24.629573406163146,24.552238724033188,24.708564435848327
Q9HAW8,23.979744408878847,24.140384356832154,23.97842017091447,24.4351343285325,24.539652261439787,24.573243949644056
Q9HB07,23.225406190943676,23.17405568552029,23.193347284167576,23.340127186809628,23.262307653442743,23.37965612381728
Q9HB19,21.135982896326155,21.342122968610834,21.295548786836765,21.405460296522154,21.58080931585091,21.560834626116275
Q9HB71,26.43441558176241,26.449409889693897,26.605544540609444,26.454904380891687,26.376116378340626,26.512319472611285
Q9HBA0,21.36240672483689,21.7376013771035,21.979210532475022,22.22858679338404,22.159518765346515,21.910375933103694
Q9HBH0,24.205150102395116,24.343168904211307,23.959108815689333,22.782118289006295,22.403368102096906,22.78328243603234
Q9HBH5,22.696765303564018,22.978328254510586,22.79785750938104,22.40378337265976,22.50235619163333,22.55671255428443
Q9HBL7,22.64416578036054,23.238355025231815,22.824094629059786,22.668544839394183,22.713465285142814,22.536083548409138
Q9HBM0,22.68729195121758,22.62971146524304,22.54786191767549,22.39803281419181,22.19602948579691,22.125527456758665
Q9HBM1,22.210907624244193,21.840513638012517,22.50326115299822,21.859293330231303,21.726322615741626,22.24147101575365
Q9HC07,24.05568094572415,23.98921508667474,24.04980418892648,24.10794145240441,23.859004557342477,24.059597958064813
Q9HC35,24.71383191381561,24.669304104681935,24.681443251405582,25.21052078768742,25.257971089932006,25.215209255335143
Q9HC38,23.75726466145526,23.59688515568767,23.809902437172113,24.062774447266353,24.135911211708105,24.09079876315532
Q9HCC0,25.353633335496987,25.736928101461142,25.322908338079593,24.979097797259026,24.970905013061618,25.114746820684573
Q9HCD5,23.134744975611284,23.15038165890099,23.382940462620308,23.215776334240335,23.216912783281288,23.090973164164094
Q9HCE1,22.496566731808198,22.805504873719716,22.663390996111133,22.615334967383465,22.5713099858197,22.81060095346334
Q9HCG8,22.599608815748816,22.713573521606115,22.234088691479087,22.705710843919356,22.256954264363337,22.562900823741003
Q9HCM4,22.424194358516903,22.571189721487205,22.081775652338933,21.777598945108647,22.034484985479278,21.91544184446396
Q9HCN8,25.291055302446274,25.605424920595176,25.343865999426445,24.851036419495973,24.85000756804092,24.903694601567103
Q9HCS7,22.017250025553306,22.342457094004086,22.10164119900549,21.916732258626315,22.03835606331477,22.04183057323685
Q9HCU5,23.727468789877612,24.077691479532668,23.69083531802896,23.2285920775307,23.24766636583504,23.12732671031611
Q9HCY8,24.819272801134154,25.356114083792715,24.573388430159167,23.56183167482402,23.53467678620871,23.33300298643452
Q9HD20,23.181263136826267,23.435600323769236,23.093404990787825,22.87561775480146,22.74193773701007,22.829516516551813
Q9HD26,21.421317618892907,21.097660211056958,21.36382248655756,21.51407230681324,21.209819223945512,21.26088221560816
Q9HD33,24.365174372881366,24.756665343873593,24.5436699016732,23.85615003324,23.795168303364992,24.15247285635975
Q9HD42,23.943430292093257,23.418716843885345,23.43621476476511,23.91230927986444,23.8004640007314,23.850988269553298
Q9HD45,24.983486059814677,25.392095236844167,24.94154172322191,25.163167787422747,25.324719079657992,25.256942174683402
Q9HDC9,24.848188902853884,25.109494969840433,24.590758809983736,24.581546783219927,24.527043466344878,24.530399549873255
Q9NNW7,23.531854738629928,23.935226120246334,23.452076434074655,23.5235824143699,22.980168173473036,22.898349884865503
Q9NP61,22.46837657252242,22.286229191892467,22.547645087491173,22.767646300602575,22.828949384565313,22.517564150622086
Q9NP66,23.45142783693447,23.39264339953762,23.445596372495505,23.275858511128778,23.230199467557778,23.104731349999753
Q9NP72,24.470675504529478,24.488028027834076,24.34878339020273,24.17055837004101,23.827388645302936,24.031770686165522
Q9NP77,22.771253192430507,22.871202599132488,22.983796723524556,22.833497678894876,22.94622120895764,22.970493877936047
Q9NP79,22.97569021218086,23.19051134592141,22.969789542284442,22.830716738055948,22.908774936401805,22.85257036944785
Q9NP81,24.512413157172674,24.99183804865967,24.535067684508412,24.065775377834107,24.033281837573238,24.019696763860452
Q9NP92,23.781344403860544,24.202619329073848,23.894144706145553,23.425063223657393,23.26284971330896,23.17482665518134
Q9NP97,25.22484266462445,25.23936100122907,25.23993781837445,25.227092879054897,25.404022222595362,25.34079153203513
Q9NPA0,23.47870482623868,23.500101880974587,23.078055825637946,22.709110849531324,22.58026247849904,22.548086596072825
Q9NPA8,24.27716918430782,24.451548323518814,24.60811672508875,24.490831784746995,24.23253598712997,24.381281930621643
Q9NPD3,23.912785931701993,23.391335116638476,23.451388091762198,23.599832727961765,24.0945131423294,23.722161718589373
Q9NPE3,23.682983442845245,24.029792381086484,23.89405669979241,23.584525828019125,23.722923821761636,23.46386732340154
Q9NPF4,21.969009657707115,21.680882929912073,21.6752881757329,21.888610231238967,21.94843346747625,22.01663488688095
Q9NPH0,23.5674520197435,24.006193882773776,23.467832386110633,23.287590365219533,23.299328634878687,23.330610156648646
Q9NPH2,24.590732887400623,24.541417005842018,24.713962245897413,24.56503546879337,24.650640927870448,24.479879415123644
Q9NPH3,23.697172160300507,24.117248979114418,23.66417500957874,22.987701445214043,23.286456519346007,23.13092054140672
Q9NPI6,22.402595229851222,22.23853069346463,22.425971250453518,22.360315843272506,22.26083111701357,22.15287866654597
Q9NPJ3,24.457090881796738,25.119037201636235,24.695762152990007,24.195172426737678,24.094057222580965,24.13034086284087
Q9NPQ8,22.674216302573566,22.707474462821853,22.90858631070339,23.036338140447796,23.015660054517003,22.947797880353242
Q9NQ29,22.967415463768482,22.963936850663664,22.98890368125376,23.076236763149016,23.098757551821155,23.286406882661108
Q9NQ50,24.353615434190317,24.89010634444697,24.45735444976966,23.920939951800392,23.933539296652736,23.945419098572035
Q9NQ55,23.77209525016685,24.000653557998803,23.52543095901342,22.788036229632397,22.76987143127287,23.028958562780815
Q9NQ88,22.01440414884506,22.053402591794338,22.142533866668735,22.05781130587253,22.113667460315188,22.04359156062417
Q9NQC3,27.729257781689007,27.81457872563687,27.612133449069766,27.355755689920265,27.46653593072914,27.53385224954555
Q9NQG5,24.754364784051806,24.651862687385396,24.744997007335307,24.842593098045505,24.934103230516037,24.740412099656652
Q9NQH7,23.309977674355196,23.36692393213107,23.045144393983414,22.54908522683377,22.76219800850736,22.601200187217415
Q9NQP4,23.746401044392815,23.920945765240305,23.699423975082556,23.79370470552438,23.675195876656268,23.716623874675022
Q9NQR4,23.975753176663268,24.049660963241756,24.08021264185163,24.165436540811573,24.112801704314418,24.12167705426843
Q9NQT4,23.507317757445314,23.381420566542953,23.15883446933067,23.357984832600792,23.469892671785665,23.364868973375664
Q9NQT5,23.117372807888867,22.91519209354544,23.36933149250435,23.382267804598065,23.396722357407725,22.884646497294952
Q9NQT8,24.659342569297007,24.62108534790755,24.57119944486638,24.573740439702053,24.642414998520668,24.607461487332564
Q9NQW6,25.573691618820387,25.3071074690871,25.285689075042928,24.916526976389576,24.61054052549591,24.54676425486829
Q9NQW7,23.69182060526765,23.660591474862265,23.760645339759954,23.731185491849466,23.855939006194415,23.72623364946447
Q9NQX3,23.627323137934212,23.567100677911313,23.794924770858284,23.483129989604073,23.456643808523605,23.58170043227496
Q9NR12,25.384526016022992,25.170937738369425,25.38326421341198,25.058929956299124,24.98949264352837,25.085015780806547
Q9NR19,23.34856405445777,23.587228483479638,22.954450689134703,22.149397647190856,22.499995597339055,22.42300982965292
Q9NR28,25.343287324356744,25.660627922225167,25.190561229257977,24.81954003172908,25.051423543739915,25.17967162529468
Q9NR30,26.907659611683183,27.085904990932992,27.111598840633,26.504326934397604,26.4272379921462,26.480291546731017
Q9NR31,25.53327803910443,25.682234988705225,25.562893198087743,25.822397773546104,25.808008209920335,25.85382189760422
Q9NR45,25.139326044852204,25.17240705895859,25.3106529952471,25.492181125495556,25.642162005571983,25.438368516884296
Q9NR46,23.642638424039852,23.67483448564611,23.665390787926583,23.947381711584224,23.764217506723845,23.858864501872212
Q9NR50,23.389976560656805,23.583722316876866,23.490019896486398,23.720271191314467,23.512443540048302,23.558314903107135
Q9NR56,24.952253351786897,24.77085279330227,25.14300198072887,25.224663113922308,25.160239366380235,25.087299832955125
Q9NR77,23.052913762523524,23.276940956375327,22.887490427565407,22.694675955917724,22.771911951297625,22.982626341600852
Q9NRF8,22.822193471989106,22.71820622515597,22.644399937711135,22.93530886279557,22.86499645873379,22.740617971709927
Q9NRF9,23.40610844653952,23.269837081895,23.535269324302206,23.39259558199435,23.247018144715224,23.054417017909007
Q9NRG0,22.90918911184002,22.80262315141761,22.96930289949582,22.912471653370403,22.952120996152065,22.962508881459463
Q9NRG1,22.42109866040234,22.319656411497824,22.514356733627164,22.701938522203825,22.75069523186658,22.776874244606443
Q9NRG9,23.502321831727592,23.866991164896447,23.394356187164178,22.818943713987245,22.771046808770823,22.846977797907467
Q9NRL3,22.987226013403305,22.455306523440512,22.552685864236768,22.515228570208304,22.061831296892297,22.396413634044023
Q9NRN7,22.931327979866403,23.216442295091753,23.25173622396242,23.207595873300654,23.292237928858917,23.178152840074894
Q9NRP2,22.789167050316447,22.92084148310316,22.59133047295385,22.202799701548617,22.06320793145251,22.00728464897997
Q9NRR5,23.62968489934518,23.57760619517617,23.503829134056883,23.71210293016536,23.632122699742837,23.570918134920905
Q9NRW3,22.365218968886133,22.81090067625039,23.285251077883732,23.045482723536605,23.43195699901175,23.635846184754566
Q9NRW7,22.482736821698662,22.64370549758558,22.47811637043934,22.84310053524131,22.73792645076183,22.86684509265425
Q9NRX1,22.76302550357845,22.922374525020505,22.76132945447006,22.472024416084782,22.70354043236381,22.701152767183114
Q9NRX2,23.755731626284295,24.275435564619276,24.00026826799169,23.43831927193398,23.52759214128738,23.339464302530768
Q9NRX4,23.192458679703584,22.91145901058665,23.00626546176973,23.50329985850813,23.4729301359777,23.06906487958087
Q9NRY4,21.443040252020307,20.662915365002725,21.469050770588982,21.6280591361389,21.5991243064854,21.679252340927455
Q9NRY5,22.17275802084231,22.230476988995104,22.277774494713757,22.339604840957218,22.458158635725166,22.482542351645634
Q9NS00,22.567314719922894,22.894213737866245,22.85433348715903,22.43648395316949,22.757087202282978,22.284011576239525
Q9NS69,25.7064251928173,25.972363794460662,25.783616860855272,25.233176553979813,25.265996115295582,25.31663053310794
Q9NSB8,21.16654284219946,21.24318066750927,21.22910513470563,21.08991865308086,21.36735422458244,20.961804061680137
Q9NSD9,25.215344583558444,25.115778076309677,25.191129867805827,25.276383860489638,25.1006490264215,25.147846870076027
Q9NSE4,25.480468631599226,25.91663958822782,25.560431615842887,25.010388867081996,25.056234589598066,25.079958917708044
Q9NSK0,21.696083648953856,21.611466941896502,21.48099550464721,22.325371752275053,22.437933503975426,21.9808441952133
Q9NT62,24.397722804624774,24.204868411576292,24.3239395769236,24.433567868221807,24.196823166577147,24.41680332493205
Q9NTI5,22.821960685657032,22.892425899172608,22.97513548129267,23.071814212774342,23.114301382486808,23.044208658024665
Q9NTJ3,24.69935417869227,24.630005102538085,24.763477318469377,24.556449338109736,24.36090252770522,24.5510702049262
Q9NTJ5,23.06784068651447,23.410555383483054,22.909344236735347,22.67802882281533,22.6902270457828,22.598388661112896
Q9NTK5,24.903799119350285,24.941857969506597,25.035418237378128,25.06319509178757,25.09191327453871,25.081368518947553
Q9NTZ6,24.482036360525168,24.281510271868378,24.27214721633558,24.461874704407666,24.38416545357376,24.399193029184346
Q9NUG6,22.731251278791042,22.79085655143882,22.6048772490944,23.194139885902953,22.710223449892585,23.12686277434191
Q9NUI1,22.948540835884398,23.260862982079907,22.680739596815005,22.709724358101248,22.778840940840304,22.535069939611905
Q9NUJ1,24.734451942981664,24.916056116324754,24.77387153875831,24.221881493263997,24.174246066009896,23.947326147938195
Q9NUL3,22.958982749694577,23.290918669607283,23.152784921072136,23.216691692182,22.997168280145374,23.171922743970676
Q9NUP9,25.050764945341697,25.304589875946146,25.11487134086008,24.622576702314344,24.770234188506503,24.740451114666882
Q9NUQ2,23.958638732539004,24.064818403017526,23.818880539382913,23.38645813041652,23.347803008825448,23.355789154533888
Q9NUQ3,21.39965265615146,21.06776520653913,21.32913608166461,21.329780027064043,21.11787419784033,21.450388794947465
Q9NUQ6,24.451444690569332,24.468556928070683,24.546640631633466,24.702140338225156,24.759349087693785,24.796786546763958
Q9NUQ7,22.434720987921153,22.273234014082295,22.55687132607151,22.454513672759205,22.498622204853966,22.293069977396407
Q9NUQ8,23.15559618284942,23.167309106505183,23.25978592597976,23.417693388968928,23.51852794030471,23.505643064482744
Q9NUQ9,25.438213288053248,25.405177178265415,25.344672328298298,25.65515050204821,25.72782305068556,25.533303113509305
Q9NUU7,24.26904704201561,24.23707922179894,24.2037953044129,24.13251965465776,24.178275502165427,24.330580752815457
Q9NV06,24.461108818785313,25.029125263872142,24.403023209262923,23.881366898535447,23.734182433425254,23.7476679046421
Q9NV31,23.304665347254097,23.731711496272236,22.802769661580818,22.59652134680333,22.553883770093876,22.21617923435184
Q9NV70,23.139652050215325,22.973630458628012,22.729937354595812,23.108544077621957,23.379193386580624,23.134592863258373
Q9NV96,23.13181991733881,23.524909431293576,23.214284283759703,22.88813797522845,22.82639360670642,22.845262908289037
Q9NVA2,25.328914149001758,25.30408319694592,25.236827048920954,25.406375135783144,25.504946004426543,25.496633897059958
Q9NVD7,21.50153341742499,21.569845875890426,22.01170943018992,21.990709988241257,22.149001248713475,21.952804794747397
Q9NVH1,23.0799860086912,23.444178142842304,23.16908226967574,22.691458243496516,22.568061296863295,22.55231073551543
Q9NVI1,23.061527928022976,23.110311888857023,23.205831721738118,22.723407223383393,22.61022104235931,22.618888650625763
Q9NVI7,24.637244081392208,25.099104093067435,24.81780819653184,24.206762946362506,24.08696857962165,24.179618782559658
Q9NVJ2,23.940612281447358,24.062622128888542,23.702970035044597,23.50950284123694,23.49844556918925,23.621989576108227
Q9NVM9,21.466397744313678,21.786059596418625,21.5247421774429,21.908737909446163,21.774336259559195,21.828088513216095
Q9NVP1,25.7060835597369,26.09319690597319,25.78173089813962,25.319906364369714,25.369076975155057,25.328876632025924
Q9NVS2,24.087905962366104,24.4586852084974,24.10777260199978,23.647815433702057,23.545149018455025,23.544377632988407
Q9NVS9,24.68650309189309,24.58928390822532,24.724494805610693,24.920073487366523,24.978580246852772,24.772174907415653
Q9NVT9,23.24405049038897,23.078353621639103,23.40085703155176,23.38093713153321,22.78673645365173,23.031514438934604
Q9NVV4,24.917075557318885,25.08586385221174,24.963453080200644,24.454526850765337,24.230189790728346,24.589387585646993
Q9NVX2,23.647674266119466,23.75191676398549,23.791833879453613,23.2094627363289,23.33432130217081,23.546889515607877
Q9NVZ3,22.7122741477975,22.781107233409557,22.64510284166218,22.956386881587452,22.951180379222034,23.122915494459026
Q9NW13,22.651037781908034,23.361530872653432,22.862129272360303,22.21026853757058,22.373860416842902,22.10877009688055
Q9NW15,21.892408851776082,21.901078566838123,21.611465140808214,21.412556150713158,21.469904691839087,21.4051860354806
Q9NW64,23.61360693664007,23.728690523604996,23.57926483017537,23.61738249044435,23.517204290854977,23.61685066739015
Q9NW81,21.530381188481282,21.93161798078316,21.714802463593127,20.84962500721156,21.036940779538163,20.7397881073123
Q9NW82,21.971374625579177,21.373405773911095,21.622831678642243,21.9476918654654,21.91675911480191,22.056836135534766
Q9NWH9,23.338506809038172,23.195113688963914,23.4775589245391,23.474477480650663,23.390375890568528,23.564531670687945
Q9NWS0,22.17398906927971,22.225930969970957,22.303493565170605,22.277163223589653,22.060631620337077,21.721829819408438
Q9NWU1,23.886692932139216,22.92154651245081,22.13327142730239,22.430333098039572,21.893978701872484,22.234742015966994
Q9NWU2,22.37188589500329,22.420368515832127,22.204698445437703,22.07908253885643,22.42168335751931,22.44039435203944
Q9NWU5,22.280965412604665,23.084403407160366,22.37468968813783,21.859180057901245,21.99689471256915,21.929695276492907
Q9NWV4,22.852195347017346,22.711448735790178,22.720797850155147,23.081227255008407,23.065525757694424,23.041714623623733
Q9NWW5,24.72068483196913,24.826731471287633,24.358559990881417,23.91365313089798,23.88040579761027,23.775465406995096
Q9NX02,23.463884406421812,23.42371402222434,23.587410487499643,23.62376977064056,23.56192720837596,23.635636759757645
Q9NX08,22.884234532360797,22.740775546917146,23.195155451616532,22.888980643795602,23.449661264345842,23.061917302965885
Q9NX18,23.33720238834385,23.14341030761764,22.502213161621377,21.911410275394687,21.759100651971707,21.494651023383053
Q9NX20,26.305303492863388,26.864759994928672,26.560366947877718,26.068484567056405,26.07839890470555,26.003604677888227
Q9NX24,24.76389556947431,24.92248958496882,25.011199951252557,24.65287078768738,24.59174797373123,24.616056436304856
Q9NX40,24.143764346536205,24.446813989598418,24.15228855640165,24.005241612798834,23.86771781714439,24.099875402472772
Q9NX46,22.51666499401875,22.573028357813254,22.71352391423509,22.611010609328673,22.828914046384185,22.723715203254915
Q9NX55,23.00458944466506,22.967191335454714,23.059716769564847,23.38039830876429,23.019830442315804,22.83025058215906
Q9NX58,23.32124770869418,23.397354622526368,23.296060740721643,23.165332719246166,23.400900928865205,23.17850802991928
Q9NX62,23.34890087777915,23.702072681730478,23.302436585014643,23.223985329426565,23.223480022666863,23.237651117282635
Q9NX63,24.589532972964797,25.003849764098387,24.474867336951796,24.079332103474506,23.969332852836192,24.15819608574005
Q9NXA8,21.717302610997038,21.739418869020128,21.321498762314462,21.24394622065658,21.368579354916015,21.577912358609655
Q9NXC5,21.48451699780701,21.630731048117948,21.47383330624574,21.49781846574618,21.994132418851397,21.562955913522554
Q9NXE4,22.88034432364441,22.852094549666955,22.65383719337856,22.63887722690422,22.64078519333472,22.340909943792703
Q9NXF1,22.827866868912988,23.29511814650733,22.597525550288218,22.801970181970574,22.634284173927796,22.475522924303867
Q9NXG2,22.551992403516365,22.53845455336581,22.705946293429,23.008571042055518,23.061222517304852,22.983504586710062
Q9NXH8,22.905490023072534,23.36335397350378,23.220490514262124,23.126524098223985,23.23686032425559,22.960192086761936
Q9NXR7,23.764943956057728,23.718338044233313,23.806471151975288,23.974136392842947,23.932229532894947,24.08760301041793
Q9NXW2,22.86267405460602,22.940968238100602,22.989032531882543,22.49047192684641,22.505562628366082,22.447546135145863
Q9NY12,25.506230814610607,25.645806667396723,25.401714285447362,24.943202316701502,25.103121294581303,25.322326007861776
Q9NY27,23.651450293604867,23.20722125721006,23.478737655175813,23.50372458022379,23.47733670118997,23.492515192239544
Q9NY33,25.200971770476823,25.116033593063406,25.086947448712653,25.37925566643497,25.440356329623675,25.2896625032284
Q9NY61,23.13783325498229,23.14936105158203,23.088246707282934,22.780465276626522,22.70674999071718,22.537552331364886
Q9NY93,23.072139311554906,23.285128431783274,23.33500373275075,23.037191003167766,22.80949348833902,22.89904486978793
Q9NYB0,22.27897698348827,22.687964448567108,23.371015514470322,22.77064574750087,23.010369828481927,24.55037737622764
Q9NYB9,22.17322817595098,22.45163082209834,22.344840527607676,22.482598110613498,22.308960837468025,22.21828370894161
Q9NYF8,24.628412164469793,24.398307655382165,24.502327173957475,24.67524821968127,24.588357682308942,24.591632482597607
Q9NYH9,23.20252278242753,23.783604672246884,23.06721539628165,22.75859114871662,22.63692061466701,22.614072763969308
Q9NYJ1,24.05921472430303,24.0194717896649,23.870399715423495,23.91644661208183,23.453211720040276,23.49243426532873
Q9NYK5,24.23396585858201,24.54129493257293,24.165720210093124,23.50367909330236,23.281606485372887,23.39629198176889
Q9NYL2,21.604049671795813,21.819262079690937,22.01217166161213,21.60066465511878,21.63645062375964,21.76393964641175
Q9NYL9,24.998193223251278,24.879896175898462,24.88668446754515,24.7977551184818,24.86167382071033,24.825749757599205
Q9NYT0,24.19474964169837,24.68154909169084,24.523143274583344,24.220281781218077,24.67296856997432,24.257292014823733
Q9NYU2,25.52747724469213,25.774411670804167,25.442067739564717,25.22294042595238,25.27312044686372,25.234163629032736
Q9NYV4,22.72281076159035,22.63570140581222,22.715371135663148,22.709200373038566,22.67546263393712,22.6529555572401
Q9NZ01,25.692358389766117,26.111621324712512,25.546118530415658,25.190133095744216,25.063977444219272,25.265991967565835
Q9NZ08,23.41562947108349,23.61563210632555,23.476602589709174,23.41215645182359,23.5257506660146,23.619354007447505
Q9NZ45,22.269164640823693,22.51384997653336,22.70179293073009,24.03591412013909,24.103395551832133,24.051834237397276
Q9NZB2,23.836054305008687,23.75087255918422,23.7601778118113,23.88503282878149,23.83260766947372,23.832853710282443
Q9NZD8,23.485416729296404,23.88510062170853,23.486945837893504,23.6468958400123,23.53570846683481,23.80496956645395
Q9NZE8,22.886750415650987,23.467007571725837,23.086405468724056,22.361946985468464,22.427671670472105,22.530087779364266
Q9NZH0,23.052816606831772,23.145299378076803,23.055949977173427,22.215767893012625,22.187371405926893,22.36823521026246
Q9NZI7,22.99159502165523,23.07991425308454,23.14930569120609,23.08238897971803,23.03108462208911,23.309852117757742
Q9NZI8,22.48642162487018,22.81791375940757,22.711151257516846,22.568446386001995,22.47579761578277,22.632454011372104
Q9NZJ9,22.372057330099626,22.354263777438806,22.200613388990813,22.583357927853015,22.494116904058522,22.274841639033564
Q9NZL4,24.638665369366713,24.43951679288124,24.536601171624397,24.52004695830365,24.71164807073198,24.694157424349687
Q9NZL9,24.825522590831827,24.802121098313883,25.013020689876864,24.92123504512384,24.881086320628032,24.92290564790357
Q9NZM1,25.185754264619984,25.557237323171478,25.24025671672522,24.303904465885104,24.295674361385817,24.391088189674942
Q9NZN4,25.073395333545893,25.04678122215632,24.899383293115125,25.029762814729974,25.24902170461265,24.942103433413383
Q9NZN8,23.428319659113438,23.265315155812054,23.102605780416617,23.234803108388153,23.06326488551162,23.13837149355957
Q9NZT2,22.72311053400015,22.688712284374358,23.108253247049763,23.121992848466615,23.214402578034957,23.283146160120996
Q9NZU5,23.153641862138976,23.154132042931856,23.620025464590377,23.84179667936429,23.829727186216985,23.926601757075463
Q9NZW5,22.799612062141026,23.21737409454545,22.92119572099845,22.361686142677456,22.622695997707698,22.465413576872187
Q9NZZ3,23.715245540025318,23.285919873136923,23.54654290291279,23.35699913806817,23.116923104857957,23.207337152817843
Q9P000,22.2607010657965,22.05823488637929,22.1986383750529,22.13631044031616,22.145520800617117,22.364132917956134
Q9P013,23.80393736572514,23.732846444644398,23.79613013734728,23.99097325701508,23.941664576841866,23.891221709434156
Q9P015,24.794448490005536,25.249290492690253,24.767771254834166,24.215877328958847,24.16726561099134,24.225175951562193
Q9P016,22.502491316470103,22.555047321161393,22.60717496712809,22.910534590158516,23.057183470919483,22.93736977890115
Q9P032,22.603506254539052,23.251547854530614,23.034775626523334,22.69024282062179,22.31342295328767,22.52919568166431
Q9P035,25.78269318213642,26.122712689328964,25.762837906647448,25.45162554031844,25.489069031893308,25.298322443291536
Q9P0I2,23.51940229998032,23.764998202366005,23.339589482975367,23.243068487841793,23.066651253737803,22.90754691554113
Q9P0J0,23.853825037911193,24.14721300052121,24.219321574593966,24.660405415767073,24.60705901074574,24.61628510300985
Q9P0J7,24.470531284683066,24.508402672943273,24.606970371782957,24.529751758706144,24.59014282283877,24.563834108854596
Q9P0K7,23.798680033211838,23.274854432541566,23.010894279919775,23.487134930048974,23.159511682242766,22.181973415821663
Q9P0L0,25.893293104951972,25.81679666485647,25.803157062931263,25.63177588386921,25.608324203906072,25.633397821221394
Q9P0M6,23.872625474633544,24.31776451527767,24.095888083931538,24.310734389664503,24.2022026078368,24.14154729221606
Q9P0M9,23.555108189707436,24.3452866618555,24.01022058447341,22.91964887885418,23.14873506091672,23.161051746756826
Q9P0R6,22.912455206688932,23.470223807499902,24.166286308565727,23.366330085818156,23.640675547544383,23.73663768917925
Q9P0V9,23.99566305062211,23.856566390938248,23.84290858924768,24.209169984761534,24.205261241744164,24.042669510105817
Q9P1F3,24.442602874642006,24.80438314803265,24.89711960328054,24.214282801313765,24.978164134687557,24.98114767439918
Q9P206,23.96519533989834,23.787775451609413,23.847202471981703,23.921513825160762,23.80919298227954,23.911329442666126
Q9P258,25.218262420670566,25.228004831697113,25.378213877333103,25.60189425294469,25.53602614186376,25.609826434858952
Q9P260,22.646767214877855,22.859768506867738,22.964691459080413,22.98872498702574,22.74098445419634,22.69356926754347
Q9P287,24.443124908347695,24.596621320936585,24.565271204018444,24.72245766504772,24.448631685603885,24.567410587446428
Q9P289,23.073277806716085,22.87366742478784,22.59577240098886,22.777044268517802,22.663471783733314,22.632822958150136
Q9P2B4,22.78243548596045,22.072598775167798,22.483714928493516,21.780804379117097,21.936457324854796,21.910908929692248
Q9P2E9,24.48781231704358,24.373211395228896,24.493839694494433,24.485557626331193,24.42392812300645,24.493496955648062
Q9P2I0,23.493772154755966,23.764231682868886,23.60550981141682,23.857289577824055,23.522540705667023,23.54894275875148
Q9P2J5,26.77628563048829,26.871634868080317,26.899786254511866,27.06683223108826,27.06443460059309,27.041927323049396
Q9P2M7,22.742426940929658,22.761636951757403,22.86587266112542,22.39580749226585,22.397747477299607,22.4449686067158
Q9P2N5,22.06101216989966,22.14290338563541,22.18828473300353,22.296656497904603,22.24713610380639,22.24198722160152
Q9P2R3,23.82740861079663,23.72354637968511,23.700195852591328,23.680731228125346,23.74911754147635,23.69586100241864
Q9P2R7,24.05225692234277,24.64081960759895,24.259207076466392,23.780053404994387,23.740475820196366,23.818923728493356
Q9P2T1,22.826585532029824,22.935387373891977,23.033991550784926,23.45462875661481,23.449755203749383,23.433423583837076
Q9P2W9,22.651465841248005,22.954344096940343,22.69544262445997,23.389651687299168,22.913485685901477,23.109554907832752
Q9UBB4,24.52285123844138,24.639309682001432,24.726873381782134,24.37982954593671,24.411171657906895,24.47476944960816
Q9UBB5,23.785655404715975,23.823848644322393,23.900499158657627,23.61311048799384,23.59233510087125,23.488921553471236
Q9UBC2,21.175130906405037,21.403390987995213,21.293429662424664,21.08247230713269,21.18502542217455,20.797892152463174
Q9UBE0,25.02370596869647,24.928991780199198,25.17874462263457,25.215251255107752,25.222079821288673,25.108729744591887
Q9UBF2,23.442287361346832,23.623339553519052,23.526704706344344,23.679222568995584,23.693055550545893,23.708465611045522
Q9UBI1,24.55535690467474,24.477175231182784,24.637596218253847,24.495645972307862,24.607158483147373,24.61510233234771
Q9UBI6,24.40064612346044,24.966504923838976,24.337020633820767,24.296779988001756,24.425556940481627,24.325607130713557
Q9UBL3,23.247604222253518,23.364351235632167,23.336775671463784,23.31467948976669,23.516285550548996,23.45070571273804
Q9UBM7,26.840357343897224,27.409573509460326,26.50551880454329,25.784065270112443,25.87810415655124,25.967307186344236
Q9UBP6,23.233202890600126,23.083686262304845,23.335656948960438,23.23615203611176,23.13764316690396,23.349873631374184
Q9UBP9,23.2294164608839,23.53489961003209,23.232772665585863,22.66236131784482,22.608758808586472,22.69551845119338
Q9UBQ0,25.159597985952583,25.161939918038843,25.368199168378073,25.53905069099541,25.52638055386627,25.51311517575161
Q9UBQ5,24.54851409418553,24.330349604138707,24.578514125479487,24.60608955790213,24.48929025189206,24.579903082410755
Q9UBQ7,25.120932815296236,25.348507864566606,25.172326020408722,25.419954650289796,25.550737040584025,25.3814887573247
Q9UBR2,24.106302225820773,24.05005637778546,24.138882665518853,24.096649533840328,24.081227580142674,24.217712068979235
Q9UBS4,25.56478237089586,25.80064020279687,25.474176105233624,24.94910508378576,25.0105297278412,25.109130027637597
Q9UBT2,24.27255005623228,24.106718196623866,24.33210731862076,24.551095911027996,24.575596025687968,24.623113788907602
Q9UBU8,22.924668999240755,22.80488215048482,22.849964822451298,22.54799284708986,22.776467772129738,22.899034263959383
Q9UBU9,23.047684426343046,22.954121301809902,23.024798287210945,23.148810609880826,22.904856281214894,22.859052250854837
Q9UBV2,24.654568073722945,24.925816453621113,24.55636934642597,24.331769284182514,24.26176567672326,24.401231223080668
Q9UBV8,23.66584810750326,23.911074936298114,23.702523806019236,23.545500326042674,23.94053898271501,23.880040091724855
Q9UBW8,23.10055952417566,23.11470377613442,23.21240955199746,23.204256051618145,23.28627164223241,23.30586191706936
Q9UBX3,24.440517157597117,24.907810386590683,24.407240660132246,24.200467616730247,24.040260619895747,24.097805178574948
Q9UDW1,22.392700647497968,22.86464703767562,22.508188173541782,22.624547385666414,22.64145391841306,22.78539060374695
Q9UDX5,22.287907778232633,22.715276128126938,22.33825556911861,21.71068537910395,21.574293797003847,21.870270715801727
Q9UDY2,24.405671644530752,24.40949659840897,24.41202952781629,24.719049303971296,24.69534332152014,24.67202169955647
Q9UER7,22.290107602635278,22.12336286009953,22.347575414283124,22.264273066267783,22.442554786418683,22.321127259021345
Q9UEW8,24.00706166702527,23.707078718799792,23.776425803272183,23.923958242930812,24.074420957580127,24.11665029705699
Q9UEY8,22.38304280473582,22.61768839889984,22.75922817749194,23.28445941065926,23.299708448052876,23.271422704366454
Q9UFW8,21.75248592089954,21.709697311583753,21.757543830556344,21.72770869138663,21.613916006544997,21.88149757972666
Q9UG63,23.484510827097036,23.407487561084963,23.787078052230527,23.52160008031504,23.358369638474684,23.45139903437139
Q9UGI8,25.557502966517234,25.338554957226485,25.465773076663204,25.495040348054527,25.523530011795337,25.388178601186304
Q9UGP8,23.53963960187418,23.881536806046938,23.745113267411607,23.358998819122665,23.14196787674904,23.217418472071863
Q9UGV2,22.947341042416006,23.0057650193904,23.23179144830733,22.981639744828517,23.283988552296336,23.061797683929846
Q9UH17,21.174926170002976,21.43883793486617,21.534064407350908,20.908076210731604,21.088301063700808,21.129346855492535
Q9UH62,21.845566542014076,21.942105384782582,22.040421337770702,21.83714636935227,21.735772173993425,21.960868855315546
Q9UH65,23.603732392045934,23.48659851129148,23.736601667376224,23.949254105326823,23.9763148381629,23.86859952735761
Q9UH99,24.42580021477443,24.726463694737884,24.311048415374806,24.266607417462023,24.568563168327323,24.188277638790723
Q9UHA4,22.752626567362896,22.876758703177725,23.045257901559392,23.17773339980804,23.397974080651966,23.036684912514996
Q9UHB6,25.35041088897555,25.113473525248395,25.152369180858752,25.59357052749992,25.842229286528937,25.89881097011228
Q9UHB9,24.658696358281194,24.673951686249193,24.693329342991692,24.880083450562186,24.864578937934745,24.82095907175496
Q9UHD1,24.666677808137667,24.58820016474854,24.99596015202474,24.652876584989656,24.50963971440163,24.79854329158157
Q9UHD8,26.151715389379707,26.05142043197808,26.275548026220786,26.35415698501898,26.399659663514452,26.2722607889859
Q9UHD9,24.854352797847785,26.549835420638384,25.173254257293724,24.446972333053782,24.80017405237176,25.279467475534556
Q9UHG3,23.738248048963012,24.13714578675636,23.751414626562152,23.496624754968153,23.57960977002734,23.703028669612603
Q9UHI6,22.649968557213793,22.91487259227242,23.009949036896487,22.85539766287487,22.758785092171195,22.961270393499454
Q9UHL4,21.894819909187355,22.55088062295326,22.39751196006195,22.186890729584906,22.454883615224055,22.422363557843425
Q9UHN6,22.300131742255697,22.535066734990096,22.135704902909684,22.24699249385732,22.127064839474635,22.098433256425476
Q9UHQ9,23.261377175444952,23.52574134820304,23.211135843341015,22.819901718008154,23.00203930413892,22.79718496013396
Q9UHR4,23.456975743602534,23.100826410522153,23.288904786927375,23.288699386265208,22.977640747113874,23.086589147682748
Q9UHV9,24.725774384781367,24.505463046117395,24.91697855511632,24.797071633863244,24.566597600599522,24.601831303782784
Q9UHX1,25.65917747700467,25.616890143178036,25.626709704788492,25.612088385726164,25.60354971915392,25.632224231653044
Q9UHY1,23.583224544199712,23.471838045158947,23.307736824134917,23.280747694408902,23.2760748379132,23.522947712656403
Q9UHY7,26.075994942745062,26.044042898460077,26.05144200672208,25.984933398056423,26.00451555367767,25.944826872127592
Q9UI09,22.888534799575112,23.221439912737928,23.09856481445987,23.500410958905427,23.668909539968343,23.95999733480564
Q9UI10,23.068727608508617,22.9812904609229,22.99498056375335,23.25578757529434,23.337018046887003,23.330927679866512
Q9UI12,22.716981122095287,22.739411658003366,22.638935211683137,22.69509923027384,22.526876244869566,22.448457139930042
Q9UI14,23.01698608687025,22.71215048682482,22.830277956055813,23.06778374872505,22.906579709205783,23.005363786546706
Q9UI26,23.405888828895225,23.338870056968112,23.489314019843352,23.36038738332444,23.4504629525495,23.10561810521079
Q9UI30,23.844811962922957,23.97070196117761,24.00074260191564,23.75669476092155,23.906461997046478,23.985211779798487
Q9UIA9,23.55510912612655,23.60527072528807,23.647746278680703,23.76546154059618,23.80718135655383,23.71732447340692
Q9UIC8,22.072775390093003,21.540296214644815,22.158107000835574,22.54298200805553,23.087951432034107,22.998467594944096
Q9UIG0,22.601962638345345,23.199804720946084,22.850557327529824,22.47881997106778,22.594085251857074,22.256889784899627
Q9UII2,24.57830104761604,24.028257836756566,24.315341003772673,24.515465607093972,23.937980514053734,23.729088165908927
Q9UIJ7,22.97860887361074,23.077903156918286,22.819871418569846,22.595569255083994,22.708319834735267,22.487235049279242
Q9UIL1,23.7193236398811,24.120353222560976,24.109473767773533,23.76015618307358,23.977303247434694,23.764143282204753
Q9UIQ6,23.80722047449801,23.88553626424217,23.757350534088868,23.60216239353635,23.68332309256023,23.541825456669162
Q9UJ68,22.80534515858609,23.096901063451305,23.21023375124199,23.03695231277096,23.388833207231546,22.937718904685767
Q9UJ70,23.01261141151777,22.596007491016763,22.801521482508843,23.146092081731076,23.185328105130225,23.21154122951646
Q9UJ72,23.66024740990576,23.388151727416467,23.36673814800306,24.15909556586189,24.35665238076332,24.025870690791486
Q9UJ83,22.922157446882455,23.07356237189748,22.72595189018663,22.562412234810264,22.444234519596368,22.745061038757022
Q9UJA5,21.87069462513718,22.27131740189819,21.936838403214953,21.862862367653275,21.78517765015196,22.242155032350958
Q9UJC3,22.738077514952913,22.529010592847577,22.721862583147654,22.722801591344677,22.631490266955343,22.831088007599554
Q9UJC5,24.43400279895999,24.542747442661852,24.65928322101072,24.502252623779654,24.746056238801057,24.545413950725873
Q9UJS0,24.42010491520339,24.79421078647913,24.39341114533807,24.222651502220028,24.088447945204628,24.140633836782584
Q9UJU6,24.587108623010504,24.496046247488046,24.592942627414846,24.83613465043737,24.771379446783662,24.642129386527603
Q9UJV9,23.254180628044914,23.269435195857,23.314967358216553,23.241217426891318,23.28991812861836,23.09557006406182
Q9UJW0,24.895364674298055,25.559969254892234,25.364618476158967,25.361984990435392,25.13390463251929,25.129793017505232
Q9UJX3,22.712881696162256,22.58524865147209,22.760695383177683,22.843685132437322,22.656291519627146,22.582040079966134
Q9UJY5,22.231188214608455,22.09175851483604,22.098823237255285,22.080748252667313,21.97011895396425,22.297673925835944
Q9UJZ1,25.015886304251943,25.40341400356089,25.034196049390836,24.572804293128495,24.524481336536557,24.369594417760844
Q9UK41,23.727646190801227,23.64780456670394,23.727880579996803,23.781535913061518,23.960343679824227,23.780255099595514
Q9UK45,24.02335877003274,24.01765425268683,23.87625219486828,23.839338459998068,24.14943594753304,24.084571446568848
Q9UK59,22.513292554951285,22.471290697149616,22.767602660034875,22.67888055584294,22.6731337095816,22.78459021829427
Q9UK76,27.175785391919884,26.697700743527296,27.03515286044673,26.826948025696076,26.641973609399965,26.588975203736222
Q9UKD2,24.695552221480987,25.187324130911566,24.92683047087044,24.394351084030177,24.34621666873185,24.448487387624454
Q9UKF6,23.26009759533647,23.11963995968722,23.379703711230242,23.301471076029955,23.281711039538603,23.122630390330745
Q9UKG1,22.96635212840219,22.763566266470452,22.859036890492167,23.186777259353896,23.23165948502377,23.20620580430664
Q9UKJ3,20.92576260616632,21.00338079180842,21.278422346631736,21.29362588789953,21.665865452002183,21.15885877871943
Q9UKK3,22.385627699527646,22.352572333254802,22.570388359274396,22.89829821347116,23.00836057010315,23.027585960007432
Q9UKK9,25.125599265064725,25.027108725683917,25.100841485561325,25.065129629198815,25.024886867596166,24.946083835455944
Q9UKL0,21.680315307469538,21.80245917253407,21.851749232011535,21.85107272635041,21.91298827609761,21.87115707327218
Q9UKM7,22.707654655231014,23.000628287778014,22.650582425661394,22.754695276451507,23.023371799951626,22.90375131972062
Q9UKM9,26.841109244539695,26.595833225388354,26.776567644064688,26.62995787120055,26.639553929816934,26.349929397008896
Q9UKN8,23.329309660964533,23.753597386843516,23.633751673923847,23.36854269553359,23.383191293401737,23.490109652677855
Q9UKS6,24.63496134522849,23.111069428336442,24.370951149008516,23.12728403947603,23.485084516518977,23.2659966873953
Q9UKU7,22.064114156004777,22.283014854103712,21.765997366212943,21.66295029817385,21.705492125087112,21.74490230950427
Q9UKV3,24.049036718723247,23.874094710010645,24.096764207190244,24.152767285104208,24.092545051193344,24.153753021486448
Q9UKV8,22.482979257140954,22.67329883028816,22.647043453702466,22.604621884421867,23.02678310998462,22.663390018813818
Q9UKX7,23.95757909030916,23.857304672007132,23.93158389787755,23.693707078498957,23.70978051060473,23.869370464330753
Q9UKY7,25.576604170591903,25.46769994506542,25.460484143664747,25.48758479857416,25.47342372275552,25.548091242193966
Q9UL15,21.402394595186625,21.34162496053815,21.267525556938793,21.5068392645875,21.477305792262804,21.680857182500795
Q9UL25,26.584776374823367,26.506310123769033,26.477050564469113,26.434291078390352,26.420827228017906,26.303848425028324
Q9UL26,21.68635775114205,21.609027288920885,21.3856258828474,21.381503451256926,20.77347254991187,21.66650705191652
Q9UL46,26.51770428540828,26.606985164141314,26.880898989325875,26.666071943922955,26.891485211839086,26.85526514727614
Q9ULA0,23.330016767058353,23.51606740954008,23.60834992513897,23.776271170629652,23.81966076629927,23.87276551549088
Q9ULC4,24.268323684189138,24.404374608395095,24.450906912230007,24.596948150470908,24.56173112475293,24.439214303027256
Q9ULC5,22.589711601000264,22.672802116872525,22.55999445294928,22.179276928339558,22.17778357487282,22.214025129067764
Q9ULH7,22.787174626132096,22.312847788189423,22.595895412698404,22.603097464627414,22.678933839605502,22.420668172915835
Q9ULR0,22.299642917155992,22.307779341040717,22.330830461187837,22.260889105167845,22.161174333385716,22.508798578773593
Q9ULU4,22.46298484126191,22.293782299102606,22.049241173590115,22.076150953970195,22.351846551573,22.078132235397963
Q9ULV0,24.69541235637362,24.59908742980475,24.48650865913681,24.343682643035276,24.185452880966064,24.38864299809641
Q9ULV4,26.889682174661697,26.829110210763627,26.816607436334866,26.585289144785545,26.576509402210217,26.589614489749476
Q9ULW0,24.12221598066463,23.907852735485726,24.210538326126333,23.748733877543142,23.684352157434308,23.4424512647513
Q9ULW3,21.94296766745131,22.514531913601843,22.250771004170215,21.6315683981795,21.11305994318271,21.895744929887346
Q9ULX3,22.70585066317489,22.740342508259133,22.698429137086084,22.77338926158105,22.200252523364497,22.55289197347739
Q9ULX6,22.781511600606276,22.72486155607102,22.199315587652617,22.370918832208282,22.43341734349843,22.1569935921424
Q9ULX9,22.587994462331878,22.307561741319653,22.568976875114345,22.39849033185887,22.401759849020593,21.988187887181283
Q9ULZ3,23.140721355173397,23.19218563913356,23.24360649303094,23.834684661863353,24.018423653373553,23.80683593249254
Q9UM00,25.647819549967846,25.87912224201168,25.613446194118584,25.43510367236852,25.251945799385755,25.105643040319514
Q9UM22,23.3376455827725,23.081844227974862,22.945164372738404,23.045895778009104,22.77934795316658,22.963792424336095
Q9UM54,25.527314011365217,25.64090508819687,25.512688870381787,25.53059708080796,25.608271180619308,25.599033555003874
Q9UMS0,21.889135170969656,22.20986338836848,21.873253157332172,21.547034776191854,21.417328466024184,21.62733473925752
Q9UMS4,26.757407813584354,26.669691236716407,26.958024398626222,26.78943464175237,26.76293586346366,26.69356171733453
Q9UMX0,25.32473391016433,25.43578501412472,25.41464446538931,25.31038846634438,25.275659555600633,25.245984648406623
Q9UMX5,24.159629934723103,24.366615568059526,24.15860922598282,23.59377919703162,23.74354692005428,23.672380450428985
Q9UMY1,23.1349933965226,23.30525283018585,22.976036919990435,22.52637028486282,22.562975797483247,22.261035787568847
Q9UMY4,24.035422348763177,23.9556120424443,23.966442346558527,24.08174558853241,24.250080794019734,24.18663824237942
Q9UMZ2,21.82815992662012,21.644302120018985,21.706896536834503,22.291317426963815,21.86280040637073,21.919114827375605
Q9UN37,23.44794144521014,23.161318286316515,23.617001387314637,23.49062077691779,23.392661478086303,23.531657379827966
Q9UN76,22.793224051931887,22.184430308467253,22.210688137322055,21.316634648251547,21.730758187039264,22.069353555092054
Q9UN86,25.004813408957165,24.823536536971524,25.08891938555672,24.852075875660603,24.876961930977213,24.926360518824918
Q9UNA1,23.091939093102653,22.695131735669325,22.11096926353584,23.023524088979116,22.474451486484426,22.636403359564344
Q9UNE7,22.654492139728177,22.77106716628409,22.925071300834624,22.99415763042873,22.90942170136527,23.057384791273257
Q9UNF0,25.65774519479302,25.453922797888136,25.546324343407516,25.876376660448766,25.832317300862233,25.707579253080514
Q9UNF1,22.535174263967235,22.69887165453633,22.50951407668142,22.44877092892205,22.38671742697047,22.250565305774384
Q9UNH7,27.45585467061166,27.43714998808485,27.452141051472477,27.64170452774983,27.618831072439573,27.584767201202723
Q9UNI6,23.153675875644268,23.150432639328518,23.339457506321732,23.35487404113835,23.12099417775078,23.10239385211231
Q9UNL2,24.03170692305184,24.490129611344862,24.29637531548461,23.860084244245257,23.722347591314335,24.148455945324788
Q9UNM6,24.8949906258654,24.836828382907214,24.881947115518525,24.866360090872014,24.86589379970649,24.967328033238747
Q9UNN5,22.663011972273562,22.557500979924956,22.41350823623852,22.60956473095888,22.541085386800944,22.495628651374723
Q9UNQ2,22.03152015998671,22.47070144271401,22.340407713368865,21.91861040232984,21.873947572258647,21.799726196768123
Q9UNS2,23.681999067491002,23.722012106489185,23.892902496185727,23.85062494788185,23.822964423986313,23.790619547798016
Q9UNX4,23.69761220025067,24.253353253196828,23.782506275761286,23.17076021313287,23.405031714752532,23.280032022264223
Q9UNZ2,24.502027128540437,24.39528936461841,24.551665201380445,24.670921470520742,24.65225329631815,24.542000758494787
Q9UPN9,21.936741984052492,21.823559587806084,22.053173862194654,22.055776915957843,22.148887706079652,22.187986896997355
Q9UPT5,21.867257244296066,21.834561899172368,21.980444163879984,22.055709075591952,21.876092795788434,21.80884695966716
Q9UPT8,22.646820929074046,22.39129499224358,22.51877007756683,22.798153956830717,22.813073250084884,22.757409034436947
Q9UQ35,24.213346629033637,23.940226928590214,24.16294383411967,24.063568053962175,24.00538023551772,24.147479314001004
Q9UQ80,27.480042956376963,27.577165041963692,27.60344091366648,27.662044412742357,27.71020597355758,27.684195147237592
Q9UQB8,23.82008895636832,23.85656335157297,23.902845769137507,23.065726738982896,23.01117213459727,23.095563947608017
Q9UQE7,23.861268685752567,23.8082764546855,23.7680429449551,23.877764447824518,23.80489061667744,23.81068861190828
Q9UQN3,22.9413120161948,22.258565171308934,22.4790045785384,22.43254164552538,22.507838667085522,22.836996107636487
Q9Y221,22.90396888715637,23.576347788587128,22.822098144058526,22.566143833009328,22.324790209772708,22.578623416453485
Q9Y223,22.84845923648791,22.608365493030842,22.29045132121934,22.397619931994104,22.115370425470775,22.311447469068895
Q9Y224,24.97384229310734,25.376685679396722,25.20095299319781,25.20382285484171,25.218480388837623,25.312922551853433
Q9Y230,26.206786118692012,26.113268076657256,26.184336736923925,26.144670844304226,26.015851858743734,26.040229971088287
Q9Y237,24.279821812860423,24.331743730259312,24.594999269583127,24.98298052298746,24.760195683199687,24.92061881369391
Q9Y241,23.395026503528484,22.597272291321826,22.43040558817195,20.876635197867543,21.82853708419767,21.853543905772735
Q9Y244,23.446489552033007,23.57589073204501,23.50634911079505,23.073124794995074,22.861572074380906,22.940250769684134
Q9Y248,21.799749512634552,21.725870679234617,21.606034870525004,21.058514870236515,22.22002798374632,21.257908309933658
Q9Y262,24.95129360939584,24.945251727688138,25.111895323762614,25.071164532028842,25.068338591308926,25.134194099248145
Q9Y263,23.98450651123126,24.050841735055048,24.05534367554234,24.099841219967054,24.076416847947346,24.01984570937158
Q9Y265,26.097045423891334,26.087168255478666,26.1707500528952,26.137792925887826,26.152136115892695,26.184454220641765
Q9Y266,25.613391110393202,25.704409959860023,25.756448107379356,25.634788897770893,25.444172833707118,25.52934166220947
Q9Y276,22.92289830025324,23.43086979600979,22.87811837952456,22.49629901490781,22.1366189803887,22.551884713049937
Q9Y277,27.51674009540244,27.769207287191968,27.423198671887402,27.086527802483303,26.893131058674815,27.049449234847298
Q9Y281,24.272883606259004,24.282199754524484,24.36181476320571,24.362591596164794,23.9954622461436,24.028141128429738
Q9Y282,23.8260357757676,24.196837571270805,23.77362931371998,23.525975350401474,23.551506559651315,23.61473646257218
Q9Y285,25.146639444372767,25.244081421325408,25.301170870701117,25.23237466638943,25.39452785130892,25.199111408566477
Q9Y287,22.001782015099458,22.313028598849773,22.119150267645548,22.328565915630485,22.5838391314181,22.446592658149214
Q9Y295,23.944621992723988,23.887596869525805,24.038401112175524,24.323132433724904,24.160317854901187,24.090367837677572
Q9Y2A7,24.355712682048065,24.243935038079066,24.264605671950747,24.355195277505306,24.3873083332002,24.342370416043266
Q9Y2B0,25.875262552723992,26.028505473371904,25.590334854463666,25.536226461807516,25.462028032519243,25.585993798621153
Q9Y2H5,22.501733215390033,22.476115900597833,22.333371035094586,22.47873296537339,22.49897857542314,22.514974163441373
Q9Y2K7,22.64631754092463,22.863814696984367,23.205775354935515,22.726343323160194,22.50963451998195,22.701471985506046
Q9Y2L1,22.414942991716778,22.246668413233145,22.32454055234084,22.71208224830337,22.546952495047606,22.391864234649635
Q9Y2P8,22.981358756496764,23.32666400739078,22.911274027568144,22.85215133240538,22.692409475253818,22.56663545650753
Q9Y2Q3,24.5971559910039,24.969486123393224,24.329387545834,24.4829030851146,24.547984495253814,24.605510941753582
Q9Y2Q5,21.025215953563087,21.939504535903684,21.272380219318396,21.761422187377054,22.00236866332091,21.661384078853878
Q9Y2Q9,22.87511731560207,23.241967734513,22.948623263876534,22.685857175321882,22.311490015347534,22.349017140547826
Q9Y2R0,24.152515871768774,24.634772394011176,24.11142337318575,24.02691022532435,23.746321386549504,23.958474658431566
Q9Y2R4,23.604397809364027,23.895369389740853,23.797329054745312,23.563423463301163,23.644148503148255,23.45756762399825
Q9Y2R5,22.956826067793944,23.600282603596124,23.29115172483024,22.61636195291595,23.034304459687085,22.887618621763497
Q9Y2R9,23.99154321096068,24.386224052561467,24.133664489350142,23.469804132562746,23.375546322278208,23.452316534704707
Q9Y2S7,24.115866004572908,24.601142706529114,24.068315627487294,23.62806757119423,23.56252531431448,23.705984881130153
Q9Y2T2,22.915626129781703,23.118673239944272,23.073379478607368,23.194514306800514,23.088807806388036,23.058792091884808
Q9Y2T3,23.67836061359587,23.92381510683514,23.978765699762555,23.890885354074392,24.197554023275725,24.047795404964518
Q9Y2U8,23.805865274881086,23.785521214368504,23.72827605787624,23.434846058532955,23.339985340512992,23.268757000098315
Q9Y2V2,25.001447539459903,24.91530708938932,24.9619180680517,25.384112214720528,25.864975731926823,25.412168600786575
Q9Y2W1,24.863549116109386,24.818149638178397,24.904878417740953,24.96208051509789,25.022564738244323,25.06323097671835
Q9Y2W2,23.77926899162291,23.734471789796366,23.705945028240997,23.763485321987844,23.819532723016724,23.804789314438977
Q9Y2W6,21.807146483683216,21.898251707633893,21.707797739985452,21.83620287310268,21.52685308776267,21.468292316008306
Q9Y2X3,24.756854355764897,25.279699129337875,24.827486725558376,24.525525588197993,24.598590388238694,24.3801611312634
Q9Y2Z0,24.51568552324178,24.383493498433687,24.464540515625327,24.62637367318416,24.486308435642485,24.555814077228934
Q9Y2Z4,23.002265982758484,23.510330164129368,23.022313285560035,22.54695025844169,22.52570037300981,22.804165198771415
Q9Y2Z9,22.080662874044215,22.334478164308273,21.9362341947266,21.332120597904183,21.718717649336924,21.023449807783933
Q9Y305,23.685343912810087,24.053651832618087,23.632109716458718,23.194302683002345,23.290354852011035,23.204521295236887
Q9Y312,23.380711666814452,23.376143278466735,23.158714765035164,23.622060647290105,23.563318368593972,23.02896412541301
Q9Y314,23.295931165276098,23.405778228630126,23.57131380540806,23.558080481433727,23.267899093979295,23.588541945731603
Q9Y315,22.843645457484435,22.676089540119605,22.957085121415385,23.005218479157048,22.79808907397421,22.996706042388826
Q9Y316,23.621640203640297,23.481846352580597,23.570605967175364,23.563342693520514,23.39239237250904,23.431760916675106
Q9Y320,24.071416370210244,24.43769137840664,24.03129601238986,23.640593914482164,23.636818085460796,23.37367552387904
Q9Y333,24.149346785245754,24.549834715752134,24.597182139497445,24.841627688440774,24.453151421801156,24.65121256898385
Q9Y365,23.428357361072266,23.40822969528164,23.488278525812845,24.08944918796996,24.14585473606791,23.847055529535112
Q9Y371,22.780547176297368,22.799393193220336,22.799844827139122,22.96994908603981,22.84505200595319,22.884497357587477
Q9Y376,22.83969022021856,22.873111098070094,22.776484539250646,22.51851185240335,22.5184884405846,22.772700172585317
Q9Y383,24.585876814672105,24.498942917987453,24.60791181188194,24.80391342786895,24.7934362181192,24.815636883990447
Q9Y394,23.67089111567431,23.84222976617214,23.429305081843395,23.204900790914042,23.248665220891215,23.045014707731582
Q9Y399,23.106551918537765,23.696170035729377,23.12562961107907,23.02912930895753,22.9100352281156,22.94305427886509
Q9Y3A2,23.287917075563733,23.945313533925702,23.33638574285829,22.788034237618373,22.570173614460153,22.316750806456547
Q9Y3A3,22.223004746161845,22.331461240427608,22.141817927018078,21.735891059258684,22.097764196995247,22.48852983837067
Q9Y3A5,22.84447169789225,22.871828833490582,22.749692488146437,22.766414159422354,22.972484752531077,22.833641762629505
Q9Y3A6,23.52801418543435,23.696639350986636,23.38549262706282,22.865127705860314,23.221544789289233,23.21716091546575
Q9Y3B2,22.65507612773092,22.748409694615766,22.6059489936006,22.44505628297557,22.48171814772927,22.43229045626886
Q9Y3B3,25.932351920358744,26.02427772530328,25.680546353535465,25.772143588845037,25.869459048137966,25.77934980690725
Q9Y3B4,24.826743688788362,24.73105162947169,24.715875084252023,24.434996943130916,24.213807450598868,24.411506850320745
Q9Y3B7,23.247809474206015,23.954091829917225,23.493556568253233,23.074162700379567,22.984575176228038,23.02567928481075
Q9Y3B8,24.30024376171941,24.274305346855346,24.28712701127875,24.229443599709246,24.061329822231503,24.14305836225632
Q9Y3B9,22.263884380298556,22.26251956990927,22.273367636241293,21.708881808175704,21.706613630874216,22.145270609311314
Q9Y3C0,21.239141181952863,21.141441737117855,21.260832265316473,21.612172525331594,21.993579794751824,21.534825869484646
Q9Y3C1,24.348501380976796,24.44925949734429,24.420462711494178,23.958503155920837,23.870797404200616,23.85856822600376
Q9Y3C4,21.801630809132327,21.815303858333255,21.72118340199648,22.31792304991179,22.317013826312614,22.27179526235452
Q9Y3C6,24.840964872564985,24.71625931577794,25.00387094719824,25.03326419110648,25.087175743291652,24.915399918364365
Q9Y3C8,24.110874506647722,24.216957914850163,24.180856737594098,24.33459068533612,24.329288306909124,24.32027845763072
Q9Y3D0,22.840131529148408,22.78580873558048,22.76618119557691,22.169061160655932,22.759150647383564,22.843607985693726
Q9Y3D3,22.629016923040748,23.391564040368028,22.814937869490258,22.537909876341846,22.563047391441902,22.504344272458802
Q9Y3D5,23.131107748244034,23.044455656565457,23.171800914610277,22.849762240748504,22.92655163061661,22.709248341045747
Q9Y3D7,25.390488727496425,24.992469986668553,24.699190742370853,24.207789622621082,24.72009747489327,24.03707954100823
Q9Y3D8,22.871168092881096,23.023134704705075,23.21022096631215,22.52705945938908,22.47956084951081,22.53946105467365
Q9Y3D9,23.629924975049597,24.032183816312834,23.914417525125064,23.246102692026376,23.113711171586537,23.229009317230172
Q9Y3E0,22.63535179553284,22.746261409595146,22.731188807168696,22.475448336724416,22.671747071823855,22.466925574509755
Q9Y3E1,24.56580274555001,24.934263979710916,24.49305564803903,24.249715459128176,24.447938797560468,24.176480281886494
Q9Y3E5,24.908360458764736,24.718998735223128,24.757096971245517,24.793078752688764,24.513747832827875,24.4082939740071
Q9Y3E7,23.119928820621983,23.17630556818491,23.205119668113674,23.564499923073473,23.434360856328897,23.446240148633173
Q9Y3F4,26.425033057269555,26.332508273146274,26.55477466879449,26.56756516911463,26.42165921921368,26.54847361372123
Q9Y3I0,26.395780204668235,26.399431988287,26.373150314552287,26.382422343174184,26.345221713560377,26.435236436845024
Q9Y3P9,22.567121108454657,22.617166331328843,22.54041955494903,22.70728887586881,22.587332652112437,22.665065002978164
Q9Y3Q3,23.904388211659576,24.118034580474326,23.688179329625967,24.063986492932745,24.1019024367182,24.086560965657608
Q9Y3T9,23.245429830043985,23.922830355392673,23.325432968088702,22.963416918765198,23.008585573916562,22.91434534711867
Q9Y3U8,26.846551466329302,26.699014945569374,26.8688462164507,26.65509149982963,26.762442084257806,26.56030630080398
Q9Y3Y2,24.839480039383417,24.779882433219488,24.661679276978234,24.885019139438494,25.00473395832536,24.867430047046025
Q9Y3Z3,22.897120157364906,23.040758603130318,23.20644773591425,23.320099930967356,23.164717764519693,23.319147966882817
Q9Y446,24.746980968534576,25.019987346020113,24.853295085733468,24.82212654854971,24.9541478437522,24.71014355634719
Q9Y490,26.06552411423242,26.076355191009014,26.061635169039533,26.342962272690215,26.36061899335201,26.266693229271855
Q9Y4B5,29.15784106200655,29.072789463164778,28.974414157626395,28.876358626018593,28.868335667915257,28.891349387088123
Q9Y4C8,22.194036155177944,22.608838879774808,22.497418072893936,22.0191505552921,21.843876400233942,21.827959084364988
Q9Y4E8,22.647718066870798,22.822157189753916,22.9369400801775,22.774648436495525,22.732606133306128,22.754165758892473
Q9Y4F1,21.801816013996554,22.133689101160837,21.65304745274656,21.728459566808613,21.972847933931423,22.26426490407961
Q9Y4K1,23.233811425243584,23.13052123224427,23.16856393863268,23.346804786158543,23.27630632703789,23.42374261356815
Q9Y4L1,26.046730440183307,26.359182116457788,26.04144100240193,25.65127871095067,25.72103794528191,25.688306236390265
Q9Y4P3,24.858055764130125,25.10371721332329,24.95468594511359,24.77656857272327,24.69738450773461,24.75402248864471
Q9Y4R8,22.316361780530947,22.231502460818312,22.334634327493955,22.303263052834325,22.10672362709313,21.992838611811194
Q9Y4W2,22.525548886098047,22.746550711327497,22.674540997548437,22.359615125927235,22.42763548497697,22.532713452540605
Q9Y4W6,24.431030791988388,24.797630557822856,24.326247056108805,24.152473165827708,24.07742467941969,24.014624977433023
Q9Y4X5,22.753545668457388,22.692456408451264,22.907403058742727,22.706285745456587,22.98705969238221,22.978200190270222
Q9Y4Y9,23.886045759053,23.439155953871992,24.09691071205148,23.800153706395665,23.606988664600873,23.46394675149488
Q9Y4Z0,25.06235960953323,25.255441548292126,25.14712835999559,25.147544137976872,25.522945199142082,25.215182217797576
Q9Y508,23.0639298964104,23.17201693330398,23.890502998909756,22.85853977121362,23.007541129726388,23.259658509946558
Q9Y512,24.71021356856226,25.190767978051955,24.742024526774248,24.457004810912537,24.44670711371391,24.480840235746157
Q9Y520,23.43776261096533,23.40833531304514,23.53917703745534,23.544425038578833,23.429552705121885,23.395082218386126
Q9Y530,21.27943771913927,21.271578720280345,21.41412983334553,21.713507133342937,22.115773155977774,21.586408173175926
Q9Y570,24.04367565755571,24.004458289845605,24.131262583866164,24.230355607422993,24.455475601852815,24.250555330897182
Q9Y5A9,23.39623552953804,23.275633627564982,23.68254620420007,23.309037052218493,23.295404759184944,23.416085954408977
Q9Y5B9,25.22433913026138,25.392939570980516,25.372918317202004,25.15939665392914,25.200690609394883,25.257538622007466
Q9Y5J1,23.811197690396508,24.57332231767109,24.073114495546307,23.377980972425455,23.357831176757635,23.575874809747404
Q9Y5J6,21.82511989083837,22.334077518201674,21.92887730994671,21.664142645701233,21.49421749231412,21.37944754024375
Q9Y5J7,24.610201776481077,25.00519817265465,24.665011421444845,24.066976204451677,24.063565420851422,24.22264943879733
Q9Y5J9,22.273248956471857,22.36773747281545,22.146984071395277,21.711339919638565,21.610388002527806,21.887188442912652
Q9Y5K5,24.205964726733168,24.243959145865457,24.318029143865775,24.158902251142475,24.126132237393275,24.16559417581681
Q9Y5K6,25.150442556284446,25.02701437390164,25.136887960346815,25.01066383157791,25.059920376521852,25.141358004759823
Q9Y5K8,22.870125652711714,22.964246639569797,23.3454583089333,23.11120159064282,23.365749342008844,23.325925208016965
Q9Y5L0,22.686039767193133,22.786319089244696,22.54154923038188,22.986573980782353,23.089117457750618,22.895362455260816
Q9Y5L4,24.474702125001254,24.620965024616876,24.311900030636156,23.887375331264128,24.019618043848567,23.8350884610244
Q9Y5M8,25.11190407686809,25.49991691321944,25.08238816753631,24.539982908879832,24.46294591230498,24.419781999849185
Q9Y5P4,22.595590766004477,22.87475157958454,22.61107310295042,22.807246912909843,22.7928175941073,22.688519465849048
Q9Y5P6,23.281005045672238,23.348237960501535,23.49666132298779,23.412039997530687,23.48528404993629,23.459954601249425
Q9Y5Q8,23.30941306934286,23.391920071761238,23.43531939651525,23.40328708830109,23.48249705359078,23.406743488164707
Q9Y5Q9,22.60919452258369,22.606285579297477,22.638112051357766,22.460501391777765,22.667378065601756,22.667154756669834
Q9Y5S2,25.080132763012905,24.982435813484468,24.98833537074348,24.83483952275318,24.784215674258217,24.881139079042367
Q9Y5S9,25.24567339619505,25.338335149030545,25.07597964661879,25.179848209244156,25.35562840978115,25.228815388425204
Q9Y5X2,22.50506367889986,22.705759560763745,22.643010392630533,22.555022738905187,22.577187232512465,22.474468444636457
Q9Y5X3,23.072225523249358,23.10365439132262,23.2040333108111,23.291766230957904,23.429305975866694,23.221703638406446
Q9Y5Y0,22.435702430895077,22.31235314279474,22.424622385800983,21.60742233970113,21.536109546655037,21.740012109214558
Q9Y5Y2,23.49789275825097,23.780913164953596,23.785085533492555,23.585575202110547,23.936405293002167,23.76854558826786
Q9Y5Y6,24.06666242051482,24.273388411311934,23.928913733284986,22.824076851948075,23.303614659978287,23.07247758519766
Q9Y5Z4,22.774565195917198,22.72134757873807,22.95100015324827,23.200132015153002,23.14538630291518,23.090017090791587
Q9Y606,23.838626604020245,24.168488498905177,23.88361095777765,23.862984523449178,23.770641513537658,23.878268086527477
Q9Y617,24.644703581433333,24.687283406840262,24.77753907061439,24.65030412424388,24.558972528789848,24.542212179124153
Q9Y618,24.59832800115705,24.26669033441269,24.690964548175124,24.916120553127758,24.770649275794057,24.839285304068447
Q9Y619,23.06575565957855,23.10925503352695,22.76939911518008,22.70963665487503,22.65665682130769,22.8105798714992
Q9Y624,24.747120943571844,25.11782680864979,24.864051315765867,24.313557056296098,24.30250129188514,24.393663173390042
Q9Y639,24.9880012310663,25.093311813771916,24.775866336180034,24.48283835418974,24.42648116463764,24.241444538679417
Q9Y653,25.168549019324043,25.257271941963833,25.16952090027848,24.703470834845263,24.655140454640502,24.085404704182075
Q9Y666,22.35489757490344,22.85602423785259,22.366019593106095,22.155129049139926,22.291098594926034,22.325016759157897
Q9Y673,24.15612891669944,24.352264388815506,23.989522960174448,23.44398308250112,23.35164062014909,23.383366400714696
Q9Y676,23.846693128631486,24.120153221690742,23.746940182623135,23.594024752496438,23.351817173102063,23.659379048224753
Q9Y678,25.240968886926503,25.202470471174337,25.19276025872483,25.319501374864807,25.416842230828145,25.32531053386381
Q9Y679,22.59601761746131,23.280501058428367,23.130285082022937,22.65710655650705,22.430096203475294,22.239874248701888
Q9Y696,21.77878629032938,22.424409541399115,22.212403762931864,22.13837430612575,22.323876648904797,22.300046674283944
Q9Y697,23.653044696622754,23.99740761353588,23.63293408958988,23.227406476003008,23.105087172837056,23.23960144256685
Q9Y6A4,22.596600052844465,22.297443741160993,22.593862496864208,22.679620229197354,22.701559551944573,22.64727121483872
Q9Y6A5,22.640523640160044,22.70478586083027,22.943041486967434,22.684730966493024,22.67963923424531,22.58123966591233
Q9Y6A9,26.042144375699834,26.291551928308376,25.877100053347657,25.55552354897293,25.69155179755902,25.77326761052492
Q9Y6B6,23.791873415752445,24.082763996385786,23.86577036111568,24.071498206108895,24.08828812188231,24.124379615275735
Q9Y6C9,26.13270230100995,26.61321305753786,26.188813832755812,25.738133657304726,25.740094587362165,25.815240602329542
Q9Y6D5,22.926044024735237,22.881553982395925,22.810814893458605,23.067262343488103,22.917288210686483,22.8889951314213
Q9Y6D6,23.72918154199928,23.815736254946234,23.863101203875903,23.555995408344867,23.7166342354679,23.586008234768304
Q9Y6D9,22.47411364350779,22.178007820879206,22.24048332469347,22.366839512014902,22.229294696627182,22.273976250260294
Q9Y6E0,24.19522635522212,24.180446885076254,24.144653886741768,24.133294791382855,24.12719003320944,24.136385703893257
Q9Y6E2,25.329479318653828,25.51621761049692,25.69148241797897,25.340936286371313,25.496887902151,25.537562639567916
Q9Y6G9,23.486501293957947,23.470221200428927,23.658363718529795,23.61848878967834,23.734521715732303,23.79235253340309
Q9Y6H1,26.335161747679113,26.48879131019789,26.16751481179797,25.507546117093185,25.28625697514655,25.225691842664048
Q9Y6I3,23.674723626564354,23.478603496123654,23.552862899554974,23.798441641537913,23.975658641454636,23.878000661483608
Q9Y6I9,22.308621223356315,22.661563379502333,22.692094845056406,21.884921168376263,22.003201342178915,22.079827686015552
Q9Y6K0,23.32336542878664,23.530960281394425,23.709693652062658,23.19404818231091,22.670346240191876,23.0129155261392
Q9Y6K5,23.184621897414953,23.38976326821558,23.5436060708327,23.76164953025764,23.71683725013285,23.829070786406298
Q9Y6M1,24.516003548350852,24.51418333868557,24.556298589851178,24.3465227956454,24.478771964319307,24.414143901706957
Q9Y6M4,21.568871372601343,21.699289674928742,21.635135322384137,21.552377348800206,21.53491418675788,21.734478591402336
Q9Y6M7,23.98902334721528,24.1729478098724,23.76758912310905,23.174454708803996,23.209475081761315,22.957307547922785
Q9Y6M9,24.998369112959853,25.297641184481336,25.05865165476592,24.6127788649685,24.581975856374346,24.813538530042877
Q9Y6N5,25.396775132953195,25.71897042012929,25.345007488686534,25.120696830199982,25.161810170884593,25.146422777309333
Q9Y6Q5,25.534118210207716,25.602903953741933,25.684833195792088,25.684018102293376,25.59148713550765,25.667999076883966
Q9Y6U3,22.066796415097645,22.039184469457446,21.54997366567122,22.215240588614666,22.43660772739087,22.31579248398004
Q9Y6W5,23.298193630303896,23.351331263456323,23.12543049805098,23.287938064772725,23.498605406527652,23.41248120752991
Q9Y6X5,22.40314338490374,22.836877489180797,22.011551623564177,22.221131139049753,22.454494846827348,22.009730053763377
Q9Y6Y0,22.15747893489381,22.400841530400903,22.135232848826988,22.70660625400828,22.536547579855565,23.10894632586135
Q9Y6Y8,23.730110512375337,23.870832483592146,23.910046119474263,24.194981482668243,23.42789694632044,23.639100427910282
